"행정구역별",2019.1/2,2019.1/2,2019.1/2,2019.1/2,2019.1/2,2019.1/2,2019.2/2,2019.2/2,2019.2/2,2019.2/2,2019.2/2,2019.2/2,2020.1/2,2020.1/2,2020.1/2,2020.1/2,2020.1/2,2020.1/2,2020.2/2,2020.2/2,2020.2/2,2020.2/2,2020.2/2,2020.2/2,2021.1/2,2021.1/2,2021.1/2,2021.1/2,2021.1/2,2021.1/2,2021.2/2,2021.2/2,2021.2/2,2021.2/2,2021.2/2,2021.2/2,2022.1/2,2022.1/2,2022.1/2,2022.1/2,2022.1/2,2022.1/2,2022.2/2,2022.2/2,2022.2/2,2022.2/2,2022.2/2,2022.2/2,2023.1/2,2023.1/2,2023.1/2,2023.1/2,2023.1/2,2023.1/2,2023.2/2,2023.2/2,2023.2/2,2023.2/2,2023.2/2,2023.2/2,2024.1/2,2024.1/2,2024.1/2,2024.1/2,2024.1/2,2024.1/2,2024.2/2,2024.2/2,2024.2/2,2024.2/2,2024.2/2,2024.2/2,2025.1/2,2025.1/2,2025.1/2,2025.1/2,2025.1/2,2025.1/2,2025.2/2,2025.2/2,2025.2/2,2025.2/2,2025.2/2,2025.2/2
"행정구역별",비경제활동인구 (천명),- 성별(남자),- 성별(여자),- 연령별(15~29세),- 연령별(30~49세),- 연령별(50세 이상),비경제활동인구 (천명),- 성별(남자),- 성별(여자),- 연령별(15~29세),- 연령별(30~49세),- 연령별(50세 이상),비경제활동인구 (천명),- 성별(남자),- 성별(여자),- 연령별(15~29세),- 연령별(30~49세),- 연령별(50세 이상),비경제활동인구 (천명),- 성별(남자),- 성별(여자),- 연령별(15~29세),- 연령별(30~49세),- 연령별(50세 이상),비경제활동인구 (천명),- 성별(남자),- 성별(여자),- 연령별(15~29세),- 연령별(30~49세),- 연령별(50세 이상),비경제활동인구 (천명),- 성별(남자),- 성별(여자),- 연령별(15~29세),- 연령별(30~49세),- 연령별(50세 이상),비경제활동인구 (천명),- 성별(남자),- 성별(여자),- 연령별(15~29세),- 연령별(30~49세),- 연령별(50세 이상),비경제활동인구 (천명),- 성별(남자),- 성별(여자),- 연령별(15~29세),- 연령별(30~49세),- 연령별(50세 이상),비경제활동인구 (천명),- 성별(남자),- 성별(여자),- 연령별(15~29세),- 연령별(30~49세),- 연령별(50세 이상),비경제활동인구 (천명),- 성별(남자),- 성별(여자),- 연령별(15~29세),- 연령별(30~49세),- 연령별(50세 이상),비경제활동인구 (천명),- 성별(남자),- 성별(여자),- 연령별(15~29세),- 연령별(30~49세),- 연령별(50세 이상),비경제활동인구 (천명),- 성별(남자),- 성별(여자),- 연령별(15~29세),- 연령별(30~49세),- 연령별(50세 이상),비경제활동인구 (천명),- 성별(남자),- 성별(여자),- 연령별(15~29세),- 연령별(30~49세),- 연령별(50세 이상),비경제활동인구 (천명),- 성별(남자),- 성별(여자),- 연령별(15~29세),- 연령별(30~49세),- 연령별(50세 이상)
"서울 종로구",-,-,-,-,-,-,-,-,-,-,-,-,-,-,-,-,-,-,-,-,-,-,-,-,61.9,26.2,35.7,21.6,8.5,31.8,57.7,23.2,34.5,19.3,7.7,30.7,56.6,24.2,32.4,18.1,7.5,31,61.8,23.1,38.6,21.5,8.2,32.1,60.8,23.9,36.9,21.8,8.8,30.1,60.2,23.5,36.7,21.5,8.5,30.2,59.1,23.5,35.5,21.5,7.6,30,59.8,23.7,36.1,21.2,7.5,31.2,60.7,23.6,37.1,21.7,8,31,58.4,23.5,34.9,20.7,6.1,31.6
"서울 중구",-,-,-,-,-,-,-,-,-,-,-,-,-,-,-,-,-,-,-,-,-,-,-,-,49.9,19.3,30.7,13.6,8.3,28.1,49.9,19.4,30.5,13.7,8.5,27.7,46.9,18.9,28,14,6.2,26.7,47.4,17.5,29.8,12.7,8,26.7,46.7,18.5,28.2,12.9,6.9,26.9,49.6,19,30.5,14.4,7.3,27.8,45.5,17.5,27.9,13.5,6.2,25.8,44.9,17.6,27.3,12.7,6.6,25.6,44.9,17.5,27.4,12.3,6.9,25.7,46.4,19,27.4,12.5,6.8,27.2
"서울 용산구",-,-,-,-,-,-,-,-,-,-,-,-,-,-,-,-,-,-,-,-,-,-,-,-,76.4,26.8,49.6,18.6,13.3,44.5,77.2,27.6,49.7,19.1,12,46.1,75.2,25.8,49.5,19.2,9.5,46.5,75.9,24.6,51.3,17.4,12.6,45.9,71.2,25.7,45.5,18.2,11.5,41.5,74.6,26.1,48.5,17.6,12,45,71,25,46,16.5,11.1,43.3,69.8,24.6,45.2,17.2,11,41.7,68.8,24.5,44.3,13.9,12.9,41.9,68.6,23.4,45.2,15.4,10.8,42.4
"서울 성동구",-,-,-,-,-,-,-,-,-,-,-,-,-,-,-,-,-,-,-,-,-,-,-,-,106,39.3,66.7,30.1,19.2,56.7,105.8,39.6,66.2,29.8,16.7,59.4,100.4,36.3,64.2,27.8,15.5,57.2,96.7,35.5,61.3,25.7,14.9,56.2,100.3,37.1,63.1,28.8,15.1,56.4,103.2,41,62.2,29.9,14.4,58.9,102.6,37.8,64.8,29.5,14.7,58.4,96.8,36.8,60,27,13.8,56,96.2,36.9,59.2,25.5,13.1,57.6,96.8,37.6,59.1,25.4,15.2,56.2
"서울 광진구",-,-,-,-,-,-,-,-,-,-,-,-,-,-,-,-,-,-,-,-,-,-,-,-,129.4,46.9,82.6,41.2,24.4,63.9,128.3,46.8,81.4,40.9,24.4,63,119.3,44.6,74.7,36.3,20.7,62.4,122.1,43.6,78.5,34.9,23.1,64.1,119.4,44.9,74.5,34.3,20.2,64.9,123.6,47.2,76.4,35.1,22.2,66.3,119.1,45.2,73.9,33.7,21.2,64.2,120,47.8,72.2,35.5,18.4,66,111.8,46.5,65.3,33.2,16.8,61.8,115,47.4,67.6,34.7,17.2,63.1
"서울 동대문구",-,-,-,-,-,-,-,-,-,-,-,-,-,-,-,-,-,-,-,-,-,-,-,-,135.8,53.9,81.8,43.7,19.9,72.1,134,54.4,79.6,43.4,20.3,70.3,129.6,52.2,77.4,43.1,18,68.5,148.5,56.7,91.9,51.4,22.1,75.1,141.8,55.8,85.9,48.7,19,74.1,146.7,58.4,88.3,50.4,22.2,74.2,141,55.8,85.1,47.9,20.3,72.7,140.7,56,84.7,46.7,20.7,73.3,141.4,56.1,85.2,46.6,19.9,74.9,144.2,59.7,84.4,51.8,18.6,73.7
"서울 중랑구",-,-,-,-,-,-,-,-,-,-,-,-,-,-,-,-,-,-,-,-,-,-,-,-,146.1,53.6,92.5,29.5,24.5,92.1,145.4,54.3,91.1,30.3,26.4,88.7,144,53.2,90.8,28.9,25.1,89.9,137,47,90,26.7,21,89.3,130.7,46.6,84.1,25.1,18.3,87.3,133.2,49.9,83.2,24.8,20.1,88.2,130.3,50.4,79.9,24.6,20.3,85.4,132.3,49.9,82.4,25.3,19.3,87.8,132.4,52.5,79.9,25,19.4,88.1,133.9,52.5,81.3,25.4,19.2,89.3
"서울 성북구",-,-,-,-,-,-,-,-,-,-,-,-,-,-,-,-,-,-,-,-,-,-,-,-,176.1,70.5,105.6,58.7,29.9,87.5,174.5,69.3,105.1,55.3,28.8,90.4,169.7,64.1,105.6,54.3,25.9,89.4,168.4,64.1,104.3,52,28.4,87.9,173,65,108,57.5,25.4,90.1,166,63.4,102.6,54.5,23.1,88.5,165.5,63.4,102.1,57.6,21.6,86.3,169.3,64.6,104.7,55.6,24.4,89.3,161.4,63.6,97.7,50.7,21.7,89,163.2,63.4,99.7,52.4,22.5,88.2
"서울 강북구",-,-,-,-,-,-,-,-,-,-,-,-,-,-,-,-,-,-,-,-,-,-,-,-,123.1,45.3,77.8,26.1,20,77.1,120.4,46.5,73.9,24.4,19.4,76.6,121.5,46.4,75.1,26.6,17.5,77.4,113.9,43,70.8,22.7,18.1,73.1,110.8,42.6,68.2,19.8,17.4,73.6,111,40.5,70.6,21.6,17.3,72.1,112.1,41.1,71,20.3,16.4,75.3,111.5,43.4,68.1,21.6,13.6,76.3,116.2,45.5,70.6,22,14.9,79.3,119.4,44,75.3,23.3,15.6,80.5
"서울 도봉구",-,-,-,-,-,-,-,-,-,-,-,-,-,-,-,-,-,-,-,-,-,-,-,-,123.1,42.2,80.9,24.4,21.7,77,119,39.6,79.4,24,17.5,77.4,119.4,42,77.4,23.6,17.2,78.6,113.6,39.6,74,23.4,16.1,74.2,118.3,40.7,77.6,25,16.9,76.4,108.5,36.8,71.7,19.5,13.8,75.2,107.4,38.1,69.3,19.3,14,74.1,111,41.1,69.8,19.8,14.2,77,105.2,37.2,68,17.8,14,73.4,109.2,41.9,67.3,20.3,14.4,74.6
"서울 노원구",-,-,-,-,-,-,-,-,-,-,-,-,-,-,-,-,-,-,-,-,-,-,-,-,196.5,73.4,123.2,56.5,34.5,105.5,195.3,72,123.3,56.6,31.6,107.1,192.3,74.1,118.2,54.4,29.3,108.5,182.9,66.4,116.5,50.9,28,103.9,185.1,68.9,116.2,50.3,27.8,107,179.1,67.6,111.5,47.8,27.5,103.8,177.1,66.6,110.5,48.9,24.3,103.8,184.8,70.8,114.1,49.6,25.7,109.5,180.3,67,113.3,47.9,23.6,108.7,179.1,69.3,109.8,51.3,22.2,105.7
"서울 은평구",-,-,-,-,-,-,-,-,-,-,-,-,-,-,-,-,-,-,-,-,-,-,-,-,174.7,62.2,112.5,40.4,31.6,102.7,169.9,61.2,108.7,36.5,30.2,103.2,172,62.3,109.7,37.3,30.7,104,168.2,59.8,108.4,36.2,29,102.9,163.9,59.4,104.5,33.5,27.5,102.9,159.7,59.8,99.9,34.9,25.1,99.8,155.8,56.6,99.2,35.2,22.7,97.9,156.9,58.7,98.2,32.5,22.7,101.6,157.5,57.6,100,33.5,23.9,100.2,156.8,58,98.8,32.4,23.2,101.3
"서울 서대문구",-,-,-,-,-,-,-,-,-,-,-,-,-,-,-,-,-,-,-,-,-,-,-,-,126.4,45.4,81,40.7,19.9,65.8,126.6,46,80.6,39.6,20.9,66.1,127.2,48,79.2,40,20.3,66.9,119.9,42.1,77.8,40.3,19.5,60.1,125.5,44.1,81.4,39.9,20.6,65,118.8,41.9,76.9,39,19,60.9,116.1,43.6,72.6,36.8,18.3,61,117.7,43,74.7,40,18.8,58.9,113,43.7,69.3,36.3,18.1,58.6,117.4,44.5,72.9,40.8,15.1,61.4
"서울 마포구",-,-,-,-,-,-,-,-,-,-,-,-,-,-,-,-,-,-,-,-,-,-,-,-,125.4,43.9,81.5,37.3,25.6,62.5,125,42.1,82.9,38.3,21.9,64.9,122.5,42.7,79.8,36.9,19,66.6,122.3,41.2,81.1,38.8,20.3,63.2,121.4,43.2,78.2,36.8,20.1,64.6,113.4,41.2,72.2,35.2,17.3,60.9,117.7,42.7,75,36.7,17.5,63.5,115.1,41.5,73.6,33.8,17,64.2,120.3,43.4,76.9,37.9,18.6,63.8,117.2,42.3,74.9,34.7,19.7,62.7
"서울 양천구",-,-,-,-,-,-,-,-,-,-,-,-,-,-,-,-,-,-,-,-,-,-,-,-,156.3,56.7,99.6,41.9,29.7,84.7,156.4,53.8,102.6,43.2,28.4,84.8,148.4,53,95.4,39.2,24.4,84.9,147.2,53.9,93.3,35.9,25.8,85.5,143.4,53.8,89.6,34.8,23.7,85,148.6,56.2,92.5,36.3,24.4,87.9,139.1,50.8,88.3,35.5,21.4,82.2,144,53.5,90.5,36.4,23.3,84.3,139.4,51.7,87.7,33.9,22,83.5,136,49.4,86.6,32.7,20.4,82.9
"서울 강서구",-,-,-,-,-,-,-,-,-,-,-,-,-,-,-,-,-,-,-,-,-,-,-,-,198.8,74.9,123.9,42.4,39.4,116.9,198.8,72.7,126.1,46.6,36.1,116.1,190.1,68.3,121.8,44.1,32.7,113.4,187.5,64.5,123,37.2,37.5,112.8,185.8,66.1,119.7,33.4,37.3,115.1,188.1,70.6,117.5,36.3,34.3,117.4,170.2,60.7,109.5,33.5,28.2,108.5,176.5,63.3,113.2,37.1,28.6,110.9,172.5,62.5,110,33.1,27.9,111.6,177.7,66,111.7,38.2,28.4,111.1
"서울 구로구",-,-,-,-,-,-,-,-,-,-,-,-,-,-,-,-,-,-,-,-,-,-,-,-,150,55.3,94.7,32,28.2,89.8,142.9,51,91.9,31.3,24.6,87,142.6,52.1,90.5,31.5,25.7,85.4,131.5,47.2,84.4,29.5,21.7,80.3,135.1,49.2,85.9,29.9,22.4,82.9,138.5,50.7,87.8,29.6,23.9,85,133.1,50.8,82.3,27.2,22.6,83.4,132,49.8,82.2,26.3,22.6,83,127.4,47.4,80,23.8,21.3,82.3,129,51.4,77.6,25.6,20.3,83.2
"서울 금천구",-,-,-,-,-,-,-,-,-,-,-,-,-,-,-,-,-,-,-,-,-,-,-,-,84.8,31.5,53.3,17,17.3,50.5,85.5,31.7,53.8,16.9,16.4,52.2,83,32.4,50.6,15.7,15,52.3,76.9,28.3,48.7,12.1,16,48.8,78.3,29.2,49,12.8,14.9,50.5,74.8,27.7,47.1,13.1,13.4,48.4,77.9,28,49.9,12.4,16.3,49.2,77.2,31.1,46.1,13.3,13,50.9,80.3,33.7,46.6,13,14.7,52.6,83,34.1,48.8,12.9,14.8,55.2
"서울 영등포구",-,-,-,-,-,-,-,-,-,-,-,-,-,-,-,-,-,-,-,-,-,-,-,-,142.6,51,91.6,29.9,28.2,84.4,135.6,49.5,86.1,31.1,23.1,81.4,128.5,48,80.6,29.2,23,76.3,125.7,48.2,77.5,27.7,20.3,77.7,117.7,44.3,73.5,26.4,20.7,70.6,113.2,41.8,71.4,24.3,18.4,70.5,109.1,39.4,69.7,21.6,18.2,69.2,115.5,44.6,70.9,26.1,17,72.5,114.8,43.7,71.1,25.1,16.6,73.1,113.9,43.9,70,23.2,17.8,72.8
"서울 동작구",-,-,-,-,-,-,-,-,-,-,-,-,-,-,-,-,-,-,-,-,-,-,-,-,148.6,56.8,91.8,44.3,25.2,79.1,142.5,51.8,90.7,40.5,23.6,78.4,138.3,54.3,84,37.5,21.3,79.5,141.7,54.9,86.7,40.3,21.7,79.7,133.3,53.7,79.6,37.1,19.2,76.9,131.3,52.5,78.7,37.5,20.5,73.3,129.1,52.2,76.9,38.6,17.8,72.6,129.3,52.7,76.7,37.8,17.2,74.4,127.8,52.8,75,35.9,18.7,73.1,128.9,53.5,75.4,36.8,18.1,74
"서울 관악구",-,-,-,-,-,-,-,-,-,-,-,-,-,-,-,-,-,-,-,-,-,-,-,-,198.8,83.2,115.6,58.6,35.9,104.3,192.3,77.4,115,58.9,32.4,101,180.5,74.9,105.5,52.3,29.6,98.5,178.2,74.3,103.9,49.1,29.7,99.5,180.1,76.7,103.4,47.6,32.4,100.1,176.2,74.4,101.8,49.2,32.8,94.2,173,73.7,99.2,50.8,27.2,95,170.3,69.8,100.5,46.9,29.5,93.9,167.5,69.2,98.4,40,33.8,93.7,181,82.2,98.9,47.9,33.9,99.2
"서울 서초구",-,-,-,-,-,-,-,-,-,-,-,-,-,-,-,-,-,-,-,-,-,-,-,-,145.8,48.8,96.9,38.8,27.7,79.3,143.3,48.3,95,36.8,27.6,78.8,140.6,48.5,92.1,35.3,26.1,79.2,130.2,42,88.2,34.9,25,70.2,129.3,44.8,84.5,35.6,20.8,73,131.8,46.6,85.2,36.8,22.8,72.3,132.5,44.9,87.6,34.4,23.7,74.3,134.9,47.6,87.3,36.4,22.2,76.3,136.7,50,86.8,37,22.1,77.6,136.7,49.4,87.3,37.2,20.8,78.7
"서울 강남구",-,-,-,-,-,-,-,-,-,-,-,-,-,-,-,-,-,-,-,-,-,-,-,-,177.3,62.8,114.6,47.8,34.3,95.3,176.9,60.5,116.3,49.9,29.8,97.2,177.9,59.2,118.7,46.2,30.9,100.8,182.7,59.6,123,46.7,35.6,100.3,182,60.6,121.4,48,32.9,101.1,181.8,62.6,119.3,46.5,31.5,103.8,181.4,62.2,119.3,47.6,30,103.8,186.3,65.8,120.5,49.1,31,106.2,180.9,63.5,117.5,49.4,30,101.5,179.7,64.2,115.5,50,28.6,101
"서울 송파구",-,-,-,-,-,-,-,-,-,-,-,-,-,-,-,-,-,-,-,-,-,-,-,-,221.6,75.7,145.9,54.7,44.4,122.5,222.4,78.4,144,56.3,39.8,126.3,216.9,75.8,141,54.8,38.1,124,220.7,75.7,145,54.2,38.6,128,209.5,71.2,138.3,50.8,34.4,124.4,203.5,70.8,132.7,48.3,32.9,122.3,203.6,71.9,131.7,49.4,32.1,122,209.3,74.2,135.1,51.4,31.2,126.7,204.8,72,132.8,47.5,31.1,126.2,202.6,73.1,129.5,45.7,31.4,125.5
"서울 강동구",-,-,-,-,-,-,-,-,-,-,-,-,-,-,-,-,-,-,-,-,-,-,-,-,152.9,55.7,97.2,36,25.4,91.5,153.4,55.3,98.2,36.2,26.1,91.2,148.3,54.5,93.8,35,25.4,87.9,144.4,50.5,94,32.4,24.2,87.8,140.7,49,91.6,29.3,24.1,87.3,147.8,53.7,94.1,32.2,26.6,89,146.2,49.8,96.4,29.6,25.4,91.3,157.6,54.9,102.7,36.6,27.4,93.6,167.1,61.3,105.7,37.1,28.4,101.6,167.9,62.5,105.4,38.1,28.9,100.9
"부산 중구",-,-,-,-,-,-,-,-,-,-,-,-,-,-,-,-,-,-,-,-,-,-,-,-,18.7,7.5,11.2,3.5,3,12.3,17.4,7.2,10.2,3.1,2.5,11.9,17,6.9,10.1,2.9,2.6,11.5,16.6,6.7,9.8,3.1,2.4,11.1,16,6.1,9.9,2.9,2.4,10.7,14.6,5.9,8.8,2.4,1.9,10.3,14.5,5.9,8.6,2.2,2,10.3,13.9,5.4,8.5,2.3,1.6,10,13.4,5.3,8.1,2.4,1.5,9.5,14.3,5.9,8.5,2.6,1.8,9.9
"부산 서구",-,-,-,-,-,-,-,-,-,-,-,-,-,-,-,-,-,-,-,-,-,-,-,-,45.8,19.1,26.6,9.4,6.3,30,43.4,17.1,26.3,8.6,5.8,29,43.5,17,26.5,8.5,5.9,29.2,43.6,17.1,26.6,8.8,5,29.8,43.4,16.2,27.2,8.3,5,30.2,41.7,16.4,25.3,8.3,4.3,29,39.8,15,24.8,8.1,3.8,27.9,41.8,16.4,25.3,8.5,4.9,28.3,41.4,16.6,24.9,8.3,4.3,28.9,40.8,16.1,24.7,8.5,4.4,27.9
"부산 동구",-,-,-,-,-,-,-,-,-,-,-,-,-,-,-,-,-,-,-,-,-,-,-,-,38.9,15.4,23.5,7,6,26,37.6,14.8,22.8,6.3,5.9,25.4,38.5,15.3,23.2,7.3,6.8,24.4,36,13.8,22.2,5.1,5.2,25.6,33.1,12.4,20.8,4.7,4.4,24.1,33.1,12.2,21,4.9,3.9,24.3,31.2,11.5,19.7,4.5,3.5,23.2,31.4,11.8,19.5,4.5,3.8,23,32.5,13.1,19.4,4.4,4.1,24.1,31.1,12.7,18.4,4.6,3.5,23
"부산 영도구",-,-,-,-,-,-,-,-,-,-,-,-,-,-,-,-,-,-,-,-,-,-,-,-,54.5,23.8,30.8,12.2,7.1,35.2,52.1,22.4,29.8,11.6,6.5,34,50.6,21.9,28.7,10.8,6.5,33.3,48.1,18.9,29.2,9.9,5.5,32.7,50.7,21.1,29.6,10.6,6.5,33.6,49,20.1,28.9,9.9,6.2,32.9,49.9,21.3,28.6,10.3,6.4,33.3,48.6,20.4,28.2,9.5,6.1,33,47.6,20.6,27,9.6,6.1,31.9,49,21.2,27.8,9.7,5.9,33.4
"부산 부산진구",-,-,-,-,-,-,-,-,-,-,-,-,-,-,-,-,-,-,-,-,-,-,-,-,142.9,54,88.9,35.4,23.3,84.2,138.8,53.7,85.1,35.3,21.3,82.2,142.1,54.3,87.8,35.6,20.9,85.6,134.1,49.4,84.7,31.4,19.7,83,135.6,52.8,82.7,30.9,20.6,84.1,126.6,48.7,78,29,17.6,80,121.5,45.8,75.8,26.8,17.4,77.3,126,45.4,80.7,27.8,17.6,80.6,133.7,51.9,81.7,33.2,17.6,82.8,134.9,53.4,81.5,30.4,19.9,84.6
"부산 동래구",-,-,-,-,-,-,-,-,-,-,-,-,-,-,-,-,-,-,-,-,-,-,-,-,102,37,64.9,22.8,16.6,62.6,98.2,34.9,63.3,22.2,14.1,61.9,102.4,37,65.3,22.2,17.4,62.7,101.2,35.8,65.3,20.3,15.1,65.7,96.4,34.4,62,19.1,15.3,62,101.4,35.8,65.6,20.3,18.7,62.4,93.9,34.4,59.6,18.8,15.6,59.5,96.9,36,61,18.8,17,61.1,99.9,36.2,63.7,19.1,18,62.8,102.6,40.6,62,19.8,16.8,65.9
"부산 남구",-,-,-,-,-,-,-,-,-,-,-,-,-,-,-,-,-,-,-,-,-,-,-,-,114.6,45.9,68.7,36.2,15.5,62.9,112.7,46,66.8,33.1,17.6,62,107.2,43.2,64,31.5,13.9,61.8,106.5,39.8,66.7,31.5,12.8,62.2,106.3,42,64.3,29.3,12.6,64.4,107.5,42.9,64.6,30.9,12.5,64.1,105.2,42.3,63,29.8,12.2,63.3,103.2,42.3,60.9,27.7,13.2,62.3,101.4,40.4,61,29.2,11.5,60.8,101.9,39.4,62.5,29.7,10.6,61.7
"부산 북구",-,-,-,-,-,-,-,-,-,-,-,-,-,-,-,-,-,-,-,-,-,-,-,-,113.7,41.3,72.3,25.4,17.4,70.9,112.1,41.1,71,23.3,18.4,70.4,112.1,41.8,70.4,23.2,18.5,70.4,105.7,37.6,68.1,20.9,18,66.7,102.6,37,65.6,21.4,17.8,63.4,99.9,37.2,62.6,19.4,15,65.5,97,35.4,61.7,17.2,14.6,65.3,96,35.8,60.1,16.2,13.1,66.7,97.9,36.6,61.2,17.8,12.9,67.2,96.5,36.3,60.2,16.7,12.8,67.1
"부산 해운대구",-,-,-,-,-,-,-,-,-,-,-,-,-,-,-,-,-,-,-,-,-,-,-,-,156.8,58.4,98.4,38.3,28.6,89.9,152,55.2,96.9,36.5,25.7,89.9,150.6,53.9,96.7,33.9,27.4,89.3,148.3,50.3,98,31,27.4,89.9,146.8,50.3,96.5,32.3,25.4,89.1,142.8,49.8,93,30.6,22.3,89.8,144.2,52,92.2,29.9,23.5,90.8,143.8,52.2,91.5,28.7,23.8,91.4,145,52.3,92.7,28.5,23.4,93,144.3,50.8,93.5,28.2,21.9,94.2
"부산 사하구",-,-,-,-,-,-,-,-,-,-,-,-,-,-,-,-,-,-,-,-,-,-,-,-,121.8,48.4,73.4,29.5,17.8,74.5,118.2,45.5,72.7,27.8,17.7,72.7,119.1,46.9,72.2,27.5,19.8,71.9,117.2,41.6,75.7,23.7,19.5,74,115.9,42.4,73.6,24.4,17.1,74.4,111.6,40.5,71.1,22.9,16.8,71.9,108.5,40.7,67.8,22.6,15.1,70.8,111.9,44.1,67.8,23.1,15.1,73.8,112,45,67,23.9,14.7,73.5,113.8,45.2,68.5,23.4,14.9,75.5
"부산 금정구",-,-,-,-,-,-,-,-,-,-,-,-,-,-,-,-,-,-,-,-,-,-,-,-,103.1,40,63.1,31.5,12.5,59.1,98.2,38.4,59.8,29.6,11.1,57.4,99.9,40.5,59.4,29.9,12.4,57.5,96.8,37.3,59.5,27.9,11.2,57.7,95.9,40,55.9,27.9,9.4,58.6,93.9,38.4,55.5,26.8,9.5,57.6,92.8,37.9,54.8,26.2,9.6,57.1,92.8,38.4,54.4,26.8,9.9,56,88.8,37.5,51.3,24.6,7.6,56.6,91.2,38.2,53,27.3,6.5,57.4
"부산 강서구",-,-,-,-,-,-,-,-,-,-,-,-,-,-,-,-,-,-,-,-,-,-,-,-,37.8,11.3,26.5,8,12,17.8,38.1,12.3,25.8,9,11.9,17.2,37.4,12.5,24.9,8.7,11.6,17.1,36.9,12.2,24.8,8.3,11.2,17.4,34.9,11.2,23.7,8.7,11,15.3,34.3,11,23.3,8.5,10.2,15.7,32,11.1,20.9,8.3,9.4,14.2,31.8,10.9,20.9,8.5,8.9,14.4,33.7,12,21.6,9.1,9,15.5,35.1,12.3,22.8,9.2,9.9,15.9
"부산 연제구",-,-,-,-,-,-,-,-,-,-,-,-,-,-,-,-,-,-,-,-,-,-,-,-,81.2,30.1,51.1,18.4,13,49.7,76.3,28,48.3,17.2,11.8,47.3,76.2,29,47.1,16.3,11.3,48.5,76.3,28,48.4,16.5,10.1,49.7,71.3,26.9,44.3,14.2,9.4,47.6,70,26,44,13.5,8.7,47.8,74.2,25.8,48.4,14.4,11.2,48.6,74.9,28.1,46.8,14.5,11.3,49.2,76.1,27.7,48.5,14.2,11.7,50.3,74.6,26.9,47.7,13.6,11.5,49.5
"부산 수영구",-,-,-,-,-,-,-,-,-,-,-,-,-,-,-,-,-,-,-,-,-,-,-,-,70.3,26.2,44.1,13.1,10.4,46.8,66.6,22.8,43.8,12.8,9.4,44.4,65.1,23.5,41.6,11.6,8.8,44.7,67.9,23.9,44,10.5,10.9,46.5,66.5,24,42.4,11.8,10.3,44.3,66.2,24,42.3,11.1,9.5,45.7,63.9,22.9,41,10.8,9.2,43.8,68.7,25.8,42.8,11.2,10.5,47,66.2,25.3,40.9,10.3,10.2,45.7,63.1,22.8,40.4,9.2,10.4,43.5
"부산 사상구",-,-,-,-,-,-,-,-,-,-,-,-,-,-,-,-,-,-,-,-,-,-,-,-,81.9,30.6,51.3,18,12.6,51.3,80.3,29.6,50.7,17.8,12.7,49.8,77.7,28.8,48.9,16.9,11.9,48.9,78.4,31.3,47.1,20.6,10.8,47,77,30.8,46.2,16.9,11.2,49,80.3,33.1,47.2,19.2,11.3,49.7,76,32,44,15.8,10.3,49.9,80.2,32.5,47.6,17.8,12.6,49.8,75.8,30.2,45.6,16.8,10.8,48.2,77.4,30.1,47.3,17.5,12.4,47.5
"부산 기장군",-,-,-,-,-,-,-,-,-,-,-,-,-,-,-,-,-,-,-,-,-,-,-,-,57,19.4,37.5,13.9,13.6,29.4,57.8,19.5,38.3,13.8,13.9,30.1,59.6,20.4,39.2,14.1,13.9,31.6,59,20.7,38.3,12.7,15.7,30.6,60.8,20.7,40.1,13.8,14.7,32.3,59.1,19.6,39.5,13.5,13.9,31.7,56.4,18.2,38.2,13,12.2,31.2,58.1,19.1,39,12.5,12.7,32.9,59.2,20.9,38.3,13.1,12.3,33.8,61,22.6,38.3,12.1,14.4,34.5
"대구 중구",-,-,-,-,-,-,-,-,-,-,-,-,-,-,-,-,-,-,-,-,-,-,-,-,27.8,10.7,17.1,6.8,5.2,15.9,27.1,10.2,16.9,6.4,5.1,15.6,27.7,10.7,17,6.6,5.4,15.7,27.3,10.4,17,6.1,4.3,16.9,27.9,11.3,16.5,6.8,4,17.1,29,11.7,17.3,7.5,4.2,17.3,30.9,12.1,18.8,8,5.5,17.5,32.5,12.4,20.2,8.6,6,17.9,31.2,11.7,19.4,7.5,6.1,17.6,30.7,11.3,19.3,7.1,5.9,17.6
"대구 동구",-,-,-,-,-,-,-,-,-,-,-,-,-,-,-,-,-,-,-,-,-,-,-,-,129.4,46.2,83.2,25.3,24.8,79.3,127.2,45.1,82.1,25,22.2,80,124.2,44.8,79.4,24.3,20.1,79.9,127.3,46.2,81.1,25,20.7,81.7,129,46,83.1,25.4,22.3,81.3,130.7,47.6,83.1,24.7,23.4,82.7,129.5,48,81.5,24.8,22,82.8,131.5,48.8,82.8,25.1,22.3,84.1,128.7,49.7,79,23,21.5,84.2,126.8,49.8,77,24.6,17.7,84.5
"대구 서구",-,-,-,-,-,-,-,-,-,-,-,-,-,-,-,-,-,-,-,-,-,-,-,-,71.2,27.2,44,13.6,9.6,48,68.8,26.3,42.5,12.3,10.2,46.3,67.5,26.2,41.3,11.9,9.6,46,67.9,27.5,40.4,12,9.3,46.6,65,25.9,39.1,11.3,7.9,45.8,63.8,24.9,38.8,10.7,8.4,44.7,68.5,27.3,41.2,11.3,11.3,45.9,66.5,28.6,37.9,10.3,10.4,45.7,68.6,29.5,39.2,9.7,11.6,47.4,67.5,28.7,38.8,10.1,10,47.5
"대구 남구",-,-,-,-,-,-,-,-,-,-,-,-,-,-,-,-,-,-,-,-,-,-,-,-,66.3,25,41.3,14.7,10.6,41.1,64.4,23.9,40.4,14.5,9.5,40.3,64.8,23.6,41.1,14.5,9.3,41,61.8,23.9,37.9,13.9,8.7,39.2,62.6,25.1,37.5,14.8,8.5,39.2,61,23.9,37.2,13.5,9.1,38.4,59.9,24.2,35.7,12.7,8.4,38.8,57.7,22.4,35.3,12.5,6.1,39.1,56.4,21,35.4,10.6,7.5,38.3,56.8,21.8,35,10.8,7.7,38.3
"대구 북구",-,-,-,-,-,-,-,-,-,-,-,-,-,-,-,-,-,-,-,-,-,-,-,-,172.7,62.5,110.1,54.5,33.7,84.4,168.6,63,105.6,56.3,27.6,84.7,169,63.5,105.6,54.5,28.1,86.5,161.9,61,100.8,50.9,27,84,161.4,61.5,99.9,51.5,25.7,84.2,156.5,59.5,97,50.8,22.5,83.2,156.7,59,97.7,49.2,22.9,84.7,156.7,61.2,95.4,49.9,22.4,84.3,152.4,59,93.4,47,19.8,85.6,156.6,61.3,95.3,49.1,20.4,87.1
"대구 수성구",-,-,-,-,-,-,-,-,-,-,-,-,-,-,-,-,-,-,-,-,-,-,-,-,159.4,58.3,101,47.1,25.1,87.2,158.7,56.8,101.9,45.6,25.3,87.8,156.6,57.8,98.7,43.9,23.1,89.5,158.5,55.1,103.4,42.3,25.1,91.1,157.9,55.3,102.6,41.7,24.9,91.2,159.9,57.3,102.6,42.4,23.3,94.2,158.6,58.1,100.5,41.9,23.9,92.8,158.6,56.1,102.4,41.3,23,94.2,156,55.7,100.3,40.2,20.2,95.6,154.6,55.3,99.3,39.2,19.4,96
"대구 달서구",-,-,-,-,-,-,-,-,-,-,-,-,-,-,-,-,-,-,-,-,-,-,-,-,212.3,79.5,132.8,60.5,37.7,114.1,209.7,76.3,133.4,59.1,33.9,116.7,203.9,74.5,129.4,56,30.6,117.2,205.5,75.7,129.8,59.1,31.3,115.1,202.8,75.5,127.4,56.7,31.1,115,194.8,70.5,124.3,55.2,29.5,110.1,198.7,73.9,124.7,54.6,30.7,113.4,194.6,72.6,122,54.8,29,110.7,198,76.5,121.5,53.3,27.7,117,199.5,76.5,123.1,53.8,28.6,117.1
"대구 달성군",-,-,-,-,-,-,-,-,-,-,-,-,-,-,-,-,-,-,-,-,-,-,-,-,83.1,28.4,54.7,22.3,23.2,37.6,78.5,27,51.5,22.2,21.4,34.8,78.3,26.9,51.4,21.3,21.1,36,78.7,25.9,52.7,18.4,20.5,39.8,81.6,27,54.6,19.6,20.7,41.3,82.1,27.6,54.5,20.8,19.5,41.7,81.9,28.8,53.1,20.6,18.3,43.1,81.9,30.2,51.8,21.2,18,42.8,81.2,29.9,51.4,18.9,17.2,45.1,82.5,31.5,51,21.2,16,45.3
"대구 군위군",5.9,2.2,3.6,1,0.6,4.2,5.3,2.3,3.1,0.8,0.5,4,5.9,2.4,3.5,1,0.6,4.3,5.4,2,3.4,0.7,0.5,4.2,5,1.9,3.1,0.7,0.5,3.8,5.5,2.2,3.3,0.6,0.5,4.4,5.3,2.2,3.1,0.7,0.4,4.2,5.6,2.1,3.5,0.6,0.3,4.7,4.6,1.6,3,0.6,0.3,3.7,5.1,1.9,3.2,0.6,0.4,4,5,1.9,3.1,0.5,0.3,4.3,4.7,1.9,2.8,0.5,0.3,3.9,4.8,1.9,2.9,0.4,0.5,3.9,4.4,1.8,2.6,0.3,0.4,3.7
"인천 중구",-,-,-,-,-,-,-,-,-,-,-,-,-,-,-,-,-,-,-,-,-,-,-,-,44.3,15.8,28.5,12.8,9.7,21.8,45.3,17.3,28,13.1,9.6,22.6,47.3,18,29.3,13.3,9.3,24.7,46.5,14.6,31.9,12.5,10.1,23.9,45.4,16.1,29.3,12.1,9.6,23.6,47,16.8,30.2,13,9.5,24.6,47,17.2,29.8,13.4,9.4,24.1,49.2,18.6,30.6,13.5,9.6,26.1,52.9,19.4,33.4,14.3,10.4,28.2,51.4,20,31.4,14.2,10.5,26.7
"인천 동구",-,-,-,-,-,-,-,-,-,-,-,-,-,-,-,-,-,-,-,-,-,-,-,-,21.5,8.9,12.6,4.4,3.6,13.4,21.8,8.9,12.9,4.5,3.7,13.5,21.2,8.6,12.6,4.3,3.3,13.6,21.7,8.3,13.3,4.1,3.9,13.7,21.5,8.7,12.8,4,3.7,13.7,20.4,8.1,12.3,3.8,3.3,13.3,19.8,7.6,12.2,3.7,2.9,13.1,19.2,7.6,11.6,3.8,2.8,12.5,20.2,8,12.1,3.8,3.3,13.1,19.1,7.5,11.6,3.6,2.6,12.8
"인천 연수구",-,-,-,-,-,-,-,-,-,-,-,-,-,-,-,-,-,-,-,-,-,-,-,-,132.4,46.5,86,43.2,30.8,58.4,125,42.1,82.9,40.8,28.7,55.4,129,43.7,85.3,42.6,30,56.3,126.5,42.8,83.7,39.5,27,60,125.3,44.9,80.4,40.8,25.3,59.2,127.6,45.1,82.5,43,25.9,58.7,129.4,46,83.4,42.5,26,60.9,127,44.7,82.3,40.5,25.9,60.6,128.4,44.8,83.6,41.1,25.9,61.5,132.2,45.2,87,42.7,26.3,63.2
"인천 남동구",-,-,-,-,-,-,-,-,-,-,-,-,-,-,-,-,-,-,-,-,-,-,-,-,178.6,64.6,114.1,45.8,38.8,94,172.5,60.3,112.2,41.7,34.6,96.2,171.6,62.8,108.8,41,33.1,97.5,165.2,52.7,112.6,37.7,32.7,94.8,163.5,52.7,110.8,37.7,29.8,96,170.8,55.5,115.3,41.7,29.9,99.1,161.6,54.4,107.2,37,27.5,97.2,163,56.8,106.2,34.7,29,99.3,159.1,53.1,106.1,36.8,26.3,96,159,58,101.1,36.8,25.9,96.3
"인천 부평구",-,-,-,-,-,-,-,-,-,-,-,-,-,-,-,-,-,-,-,-,-,-,-,-,169,62.8,106.2,40,33.8,95.2,161,57.4,103.6,36.5,31.7,92.8,160.1,56.4,103.8,34.4,31,94.7,156,58.1,97.9,33.9,28.9,93.2,157.6,54.3,103.3,31.8,28.3,97.5,158.6,59.4,99.3,34.3,26.7,97.6,159.3,60.4,98.9,34.3,23.9,101.2,156.5,62.1,94.4,34.4,23,99.1,157.4,64.4,93,35.5,19.3,102.5,160.1,64.8,95.2,33.2,24.5,102.3
"인천 계양구",-,-,-,-,-,-,-,-,-,-,-,-,-,-,-,-,-,-,-,-,-,-,-,-,96.9,34.2,62.7,26.1,20,50.9,96,33.3,62.7,25.7,19.2,51.1,94,33.6,60.4,25.1,16.5,52.3,87.6,31.5,56.1,21.5,15,51.2,90.6,33.2,57.4,22.1,14.8,53.6,89.3,31.6,57.7,20.9,14.2,54.3,85.1,29.6,55.6,19.4,12.5,53.2,89.4,31.5,57.9,21.3,13.2,54.9,90.7,33.4,57.3,20.8,13.3,56.6,89,33,56,20.7,12.8,55.5
"인천 서구",-,-,-,-,-,-,-,-,-,-,-,-,-,-,-,-,-,-,-,-,-,-,-,-,162.1,55.5,106.5,44.8,38.4,78.9,165.5,55.3,110.1,47.5,35.6,82.3,163,53.6,109.4,48.1,32.6,82.4,162,51.7,110.4,43.8,38.1,80.2,167,54,113,46.9,36.1,84.1,170.7,54.4,116.3,48.4,39.6,82.7,174.4,57.9,116.5,47.8,38.2,88.5,174.9,58,116.9,47.7,39.2,88.1,180.8,58,122.8,50.7,37.7,92.4,185.2,61.5,123.7,49.3,39.4,96.5
"인천 미추홀구",-,-,-,-,-,-,-,-,-,-,-,-,-,-,-,-,-,-,-,-,-,-,-,-,144.7,56.6,88.1,36.3,29.1,79.4,139.1,52.1,87,36.3,26.3,76.6,142.5,56.1,86.4,38.4,28,76,133.3,52,81.3,33,24.4,75.9,140.3,56.2,84.1,33.7,26,80.7,139.1,55.8,83.3,35.4,24,79.7,143.9,56.5,87.5,35.5,25.3,83.2,140.6,56.8,83.8,34.1,23.4,83,144.6,59.2,85.3,34.3,24.5,85.8,149.3,63.3,86,36.5,23.2,89.6
"인천 강화군",-,-,-,-,-,-,-,-,-,-,-,-,-,-,-,-,-,-,-,-,-,-,-,-,19.4,7.6,11.8,3.6,2.3,13.5,18.8,7.3,11.5,3.7,2.2,12.9,19.5,7.9,11.7,3.2,2.3,14,20.3,7.7,12.6,3.1,2.9,14.3,20.7,8.4,12.3,3.3,2.4,14.9,19.6,8,11.6,3.3,2.3,14,19.2,7.5,11.7,3,2,14.2,19.8,8,11.8,3.2,1.9,14.8,19.8,7.9,11.9,2.8,1.9,15.2,20.1,8.3,11.8,3,1.7,15.4
"인천 옹진군",-,-,-,-,-,-,-,-,-,-,-,-,-,-,-,-,-,-,-,-,-,-,-,-,3.1,1.3,1.9,0.6,0.6,1.9,2.9,1.1,1.8,0.7,0.4,1.9,3.7,1.7,2,1,0.5,2.2,3.7,1.6,2.1,0.6,0.6,2.5,3.9,1.8,2,0.8,0.4,2.7,3.8,1.8,2,0.7,0.4,2.7,3.6,1.6,1.9,0.7,0.4,2.5,3.7,1.7,2,0.6,0.4,2.8,3.3,1.5,1.8,0.5,0.4,2.4,3.1,1.6,1.6,0.5,0.3,2.3
"광주 동구",-,-,-,-,-,-,-,-,-,-,-,-,-,-,-,-,-,-,-,-,-,-,-,-,41.1,17.3,23.9,14.1,6,21.1,43.4,18.3,25.1,14.8,6.4,22.1,40.2,17.5,22.7,12.6,6.6,21,42.4,17.4,25,12.6,5.2,24.6,42.8,18.2,24.6,13,5.8,23.9,40.5,17.6,22.9,11.8,5.8,22.9,42.1,17.7,24.4,12.5,6.7,23,40.6,17.6,23,12.2,6.3,22.1,37.5,16,21.6,11,4.8,21.7,40.1,16.3,23.7,11.8,5,23.3
"광주 서구",-,-,-,-,-,-,-,-,-,-,-,-,-,-,-,-,-,-,-,-,-,-,-,-,99.8,37.7,62.1,30.8,17.4,51.6,98.3,37.3,60.9,31,17.8,49.4,97,38.3,58.7,29.3,16.3,51.4,102.4,39.6,62.8,29.2,18.2,54.9,99.7,38.1,61.6,26.9,16.4,56.3,100.6,39.2,61.4,26,16.3,58.3,98.7,38.5,60.1,26.6,16.8,55.2,96.2,37.9,58.3,25.7,14.3,56.3,97.1,38.6,58.5,24.3,15.9,56.9,95.9,37.9,58,23.1,14.9,58
"광주 남구",-,-,-,-,-,-,-,-,-,-,-,-,-,-,-,-,-,-,-,-,-,-,-,-,76.1,29.4,46.7,22.5,12.3,41.3,77.4,29.4,48,23,13.3,41.1,75.8,28.5,47.3,21.8,13.1,40.9,73.8,26.6,47.3,20.7,11.8,41.3,72,27,45,21.7,9.8,40.5,73.4,27.6,45.8,21.4,11.3,40.7,70.2,26.4,43.9,19.6,10.8,39.9,70.2,26.9,43.3,18.9,11,40.3,72.7,28.6,44.1,20,10.2,42.4,73.9,28.2,45.7,19.5,10.6,43.8
"광주 북구",-,-,-,-,-,-,-,-,-,-,-,-,-,-,-,-,-,-,-,-,-,-,-,-,167.3,62.8,104.5,52.6,32.9,81.8,165.3,60.9,104.4,50.3,32.5,82.5,162.1,61.1,101,46.6,30.8,84.6,167.9,63.8,104.1,48.3,30.6,89,160.9,62.8,98.1,48.3,28.9,83.8,153.4,59.5,93.9,44.7,26.2,82.5,148.4,58,90.4,41.7,27,79.6,150.1,57.5,92.6,42.7,26.9,80.4,146.9,56.8,90.1,41.8,23.7,81.5,142.2,54.3,87.9,41.6,20.6,80
"광주 광산구",-,-,-,-,-,-,-,-,-,-,-,-,-,-,-,-,-,-,-,-,-,-,-,-,132,45.3,86.7,51.6,31.4,49.1,130,43.7,86.3,50.9,30,49.1,135.2,48.4,86.8,50.7,31.3,53.2,126.2,41.9,84.3,47,28.7,50.6,126,43.1,83,47.4,25.8,52.8,125.8,43.6,82.2,45,26.1,54.6,121.5,44.4,77.1,44.7,23.2,53.6,126,45.1,80.9,45.1,23.3,57.6,126.9,46.8,80,45,23,58.8,125.6,43.9,81.7,44.2,23.2,58.2
"대전 동구",-,-,-,-,-,-,-,-,-,-,-,-,-,-,-,-,-,-,-,-,-,-,-,-,96.8,39,57.7,32.8,14.6,49.4,91.6,36.9,54.7,31,13.6,47,90.8,36.1,54.7,30.3,11.7,48.8,93.3,37.3,56,28.1,14.5,50.7,86.2,35.6,50.6,27.9,11.2,47.2,91.3,37.2,54.1,29.7,12.5,49.1,88.1,35.6,52.5,27.1,11.1,50,90.2,36.8,53.5,26.3,12.3,51.7,92.2,37.9,54.3,26.6,12.8,52.8,95.1,40.5,54.6,28.5,13.5,53.1
"대전 중구",-,-,-,-,-,-,-,-,-,-,-,-,-,-,-,-,-,-,-,-,-,-,-,-,83.3,32.4,50.9,20.3,12.6,50.4,81,30.7,50.3,19.3,12.4,49.3,80.4,32.1,48.3,16.9,12.2,51.3,81.1,32.6,48.5,17.4,11.5,52.3,77.9,30.6,47.4,17.1,10.9,49.9,79,31.6,47.4,17.7,10.5,50.8,78.5,31.9,46.7,17.4,11.2,50,79.2,33.1,46.2,15.9,11.5,51.8,78.3,31.8,46.5,14.5,11.1,52.6,79.3,30.4,48.8,14.7,11.4,53.2
"대전 서구",-,-,-,-,-,-,-,-,-,-,-,-,-,-,-,-,-,-,-,-,-,-,-,-,161.3,59.2,102.1,49.6,30,81.7,157.5,55.9,101.6,50.3,28.6,78.7,165.5,59.2,106.3,50.6,31.6,83.3,155.5,56.7,98.8,47.5,26.5,81.5,151.8,57,94.8,46.2,26.5,79.2,150.6,55.4,95.2,45.8,25.1,79.7,150.3,57.3,93,45,26.9,78.4,150.6,57.1,93.5,43.8,26.9,79.8,152.8,57.9,94.9,42.4,29.2,81.2,151,57.8,93.1,43.3,26.2,81.4
"대전 유성구",-,-,-,-,-,-,-,-,-,-,-,-,-,-,-,-,-,-,-,-,-,-,-,-,117,43.7,73.3,44.6,26,46.4,119.4,45.9,73.5,48.4,24.1,46.9,111.8,42.7,69.1,43.8,22.2,45.8,110.4,41.7,68.7,43.5,19.5,47.3,114.9,43,71.9,45,20.4,49.5,115.5,43.8,71.8,45.8,21.3,48.5,114.2,45,69.2,43.4,20.6,50.3,116.3,46.3,70,43.6,20.8,51.8,118.7,46.6,72.1,46.7,20.2,51.8,117.9,47.6,70.3,45.7,20.1,52.1
"대전 대덕구",-,-,-,-,-,-,-,-,-,-,-,-,-,-,-,-,-,-,-,-,-,-,-,-,66.9,25.6,41.3,17.9,11.6,37.3,61.7,22.6,39.1,16.6,10,35.1,61.8,22.8,39,16,10.8,34.9,60.7,22.3,38.5,15.5,10.3,34.9,59.5,21.8,37.7,14,11,34.4,59,21.2,37.8,14.7,9.1,35.3,56,20,36,13.2,9.1,33.7,55.6,20.5,35.1,13.2,8.1,34.4,56.1,20.7,35.4,12.8,7.8,35.5,53,20,33,11.9,6.7,34.4
"울산 중구",-,-,-,-,-,-,-,-,-,-,-,-,-,-,-,-,-,-,-,-,-,-,-,-,79.2,27.6,51.5,17.5,15.8,45.9,76.2,27.7,48.5,16.1,14.3,45.8,75.5,27.3,48.2,15.7,14.2,45.7,75.6,26.9,48.7,15.2,12.8,47.6,74.8,26.6,48.2,15.1,11.1,48.6,70.6,24.7,45.9,14.7,9.3,46.7,74.5,26.7,47.8,15.1,10.1,49.3,72,25.9,46.1,13,9.5,49.5,75.1,26.9,48.1,12.7,9.8,52.5,71.5,25.4,46.1,13.4,8.8,49.2
"울산 남구",-,-,-,-,-,-,-,-,-,-,-,-,-,-,-,-,-,-,-,-,-,-,-,-,115.5,40.4,75.1,32.6,22.1,60.8,112.5,38.2,74.3,29.5,21.7,61.4,110.2,38.5,71.6,29.4,20.4,60.4,104.2,34.4,69.8,26.9,17.5,59.9,104,34.9,69,26.2,18.3,59.4,98.7,33.5,65.2,26.1,16.9,55.7,103.8,37.4,66.4,24.9,19.7,59.2,98.7,34,64.7,24.6,17,57.1,105.7,38,67.7,28,18.1,59.6,104.3,38.1,66.2,25.6,16.3,62.4
"울산 동구",-,-,-,-,-,-,-,-,-,-,-,-,-,-,-,-,-,-,-,-,-,-,-,-,57.8,21.3,36.6,14.5,12.3,31.1,56.7,19.9,36.7,14,12.3,30.3,54.9,18.5,36.4,13.1,11.7,30.1,52.9,19.2,33.7,13.1,10.2,29.6,55.2,20.7,34.5,13.2,10.6,31.4,54.5,19.7,34.8,11.9,11.1,31.5,55.6,20,35.5,11.9,10.8,32.8,53.3,19.1,34.2,11.5,10.1,31.6,55.5,20.9,34.6,12.4,10.3,32.9,54.2,20.4,33.7,11,10.3,32.9
"울산 북구",-,-,-,-,-,-,-,-,-,-,-,-,-,-,-,-,-,-,-,-,-,-,-,-,69.1,22.6,46.5,20.8,18.5,29.8,65.8,20.9,44.8,18.4,18.4,28.9,68.7,22.4,46.2,19.3,18.1,31.3,66.9,21.8,45.2,18.3,17.3,31.3,70.7,23.5,47.2,19.3,18.7,32.7,65.3,21.5,43.8,18,15.8,31.6,67,21.3,45.7,18,16.1,32.9,68.9,21.9,47,18.3,15.7,34.9,67.3,21.7,45.6,18.1,14.2,35,68.2,22.5,45.8,18.9,14.4,35
"울산 울주군",-,-,-,-,-,-,-,-,-,-,-,-,-,-,-,-,-,-,-,-,-,-,-,-,79.2,27.8,51.4,23.1,16,40.1,74,25.8,48.2,22.7,13.9,37.5,75.7,26.2,49.6,21.2,14.8,39.8,78.8,27.9,50.9,22.5,14.7,41.7,77,28.6,48.4,22.5,14.4,40.1,77,27.7,49.3,22.6,13.3,41.2,74.2,25.7,48.5,21.7,13.3,39.2,76.3,26.2,50.2,21.3,11.7,43.3,73.8,26.6,47.2,20.6,9.6,43.6,76.6,29.1,47.4,20.7,10.9,45
"수원시",383.9,133.1,250.9,123.9,94.1,165.9,388.9,137.1,251.9,125.7,87.3,176,404.5,145,259.5,125.6,90.4,188.4,407.7,144.5,263.3,128.3,90.2,189.3,408.6,149.4,259.2,125.1,87,196.5,393.5,142.5,251,120.7,85,187.8,396.4,140,256.4,114.8,85.8,195.8,375,128.8,246.3,116,71.8,187.2,396.5,145.2,251.4,126.3,72.7,197.5,385.8,139.9,245.9,124,68.1,193.7,379.8,143,236.8,114.7,64.2,200.8,369.1,136.8,232.4,108.9,62.9,197.3,363.3,137.2,226.1,113.4,59.6,190.3,377.3,146.7,230.6,118.3,60,199
"성남시",308.5,105.1,203.4,85.9,62.2,160.5,303.7,103.1,200.5,78.3,61.3,164.1,326.2,112.5,213.7,84.2,64,178,301.1,101.8,199.3,83.3,53.2,164.6,301.6,103.3,198.3,82.4,53.9,165.2,298.8,100.4,198.4,79.3,60.4,159.1,305.3,108.3,197,83.2,57.9,164.2,289.2,98.1,191.1,69.9,57.3,162,303.2,106.3,196.9,72.2,60.3,170.6,295.1,108.2,186.9,71.4,58,165.8,296.5,108.4,188.1,71.6,55,169.8,298.2,109.5,188.8,72.4,53.4,172.4,295.3,110.5,184.8,67.6,51.2,176.5,299.2,113.4,185.9,69.2,50.1,179.9
"의정부시",154.1,56.5,97.6,40.5,30.4,83.2,154.8,55.2,99.6,40.7,29.2,84.9,171.2,66.1,105.1,44.8,35,91.4,159.9,57.3,102.6,44.3,30.7,85,166.3,59.9,106.4,44.7,32.7,88.9,165.5,58.8,106.7,41.2,33.6,90.7,172.8,63.9,108.9,42.1,31.2,99.5,158.3,55.6,102.7,40.5,29,88.8,158.5,57.1,101.4,38.3,26.4,93.9,156.8,56.8,100,39.2,25,92.6,153.6,56.1,97.5,34.1,24.6,94.8,149.5,55.4,94.1,34.2,23.5,91.8,146,57,89,32,23.1,90.9,153.5,58.8,94.7,35.2,25.3,93.1
"안양시",186.7,63.4,123.4,52.4,37.8,96.5,183.5,63.2,120.3,48.1,38.4,97,200.7,70.6,130.1,55.6,38.6,106.5,182.7,60.9,121.8,49.1,37.4,96.2,180.9,64.8,116.1,49.1,32.3,99.5,184.5,64,120.5,50.7,33.6,100.2,186.9,66.7,120.2,49,35.9,102.1,184.4,64.5,120,47.2,33.3,104,181.9,63.7,118.2,45.6,30.5,105.8,171.6,59.5,112.2,43.3,26.6,101.7,169.6,58.9,110.7,44,24.1,101.5,170.7,59.1,111.7,43.3,28.3,99.2,171.3,61.9,109.4,42.2,25.6,103.4,172.2,61.1,111,41.5,27.8,102.9
"부천시",271.7,91.9,179.8,73.6,54.3,143.7,269.5,95.5,173.9,73.4,51.8,144.2,281.2,95.8,185.5,73.3,55.8,152.2,279.5,96,183.5,74.3,53.3,151.9,277.4,94,183.4,70.8,52.9,153.6,279.5,93.4,186.1,67.8,51.7,159.9,278.4,97,181.4,70,49.4,159.1,268,88.8,179.2,60.9,47.6,159.5,273.3,95.7,177.6,62.2,53.8,157.3,269.6,94.6,175,58.1,51,160.5,261.4,93.4,168,58.2,47.1,156,272.9,98.8,174.1,60,49.9,163.1,274.1,100.2,173.9,58.2,45.4,170.5,273.4,102.3,171.1,58.5,41,173.9
"광명시",105.2,36.7,68.5,29.3,21.9,54.1,103.2,35.9,67.3,28.8,21.4,53,109.2,39.2,69.9,29.3,23.2,56.7,101.2,35.7,65.5,28,18.6,54.5,101.9,36,65.9,27.2,18.7,56,99.7,35.7,63.9,26.6,17.8,55.2,98.9,34.7,64.2,26.2,17.1,55.6,97.2,32.5,64.7,25.7,19.6,51.9,90.7,30.4,60.2,23.1,16.8,50.7,89.6,31,58.6,22.6,15,51.9,91,31.4,59.6,22.5,16.2,52.2,87.9,30.1,57.8,22.6,13.7,51.7,89.2,31.8,57.4,22.7,13.4,53.2,94.5,35.5,59.1,23.1,16,55.4
"평택시",152.4,48.1,104.3,45.9,35.3,71.2,158,52.7,105.3,49.2,37.2,71.6,173.2,56.3,116.9,52.7,41.5,79.1,169.6,56.9,112.7,52.3,41.5,75.7,176.1,61.3,114.9,49.3,43,83.9,182.7,63.6,119.1,51.1,41.8,89.8,174.3,63.2,111.1,50.2,39.3,84.8,170.2,51.8,118.4,52.1,43.1,74.9,175.5,57.8,117.7,52,43.2,80.2,167.1,53.7,113.4,46.9,39.3,80.9,174.4,58.7,115.6,46.5,42.1,85.8,175.3,57.6,117.7,48.3,41.2,85.8,182.7,60.6,122.1,50,40.9,91.7,179.6,61.7,117.9,48.4,40.9,90.2
"동두천시",35.5,12.4,23.1,8.9,5.3,21.2,36.3,12.9,23.4,8.5,5.7,22.1,38.7,13.6,25.1,8.6,6.7,23.4,37.6,13.6,24,8.4,5.8,23.4,37.8,13.3,24.6,8.1,5.9,23.9,35.3,12.4,22.9,7.6,5.2,22.6,36.1,12.8,23.3,8.1,5.4,22.6,34.8,13.9,21,8.2,4.7,22,34.3,14.1,20.2,7.9,4.3,22.1,32,12.7,19.3,6.5,4.7,20.9,31.5,12.7,18.8,6.7,3.9,20.9,32.6,13.6,19,7.2,4.7,20.7,32.7,12.8,19.9,6.9,4.8,21,33.3,13.4,20,6.8,5.4,21.1
"안산시",223.8,78.1,145.7,74.8,51.4,97.6,227.4,76.8,150.6,74.2,53.5,99.7,247,88.7,158.3,80.8,56.3,110,239.5,89,150.5,80.1,51.8,107.7,236.6,89.1,147.5,74,51.3,111.2,229.5,87.5,142,70.9,50,108.6,216.2,78.1,138.1,65.8,43.5,106.9,216.8,78.3,138.5,65.6,44.1,107.1,218.8,79.2,139.6,61.8,45,111.9,215.3,76.4,138.9,59.7,38,117.6,226.3,84.1,142.2,63.6,38.3,124.4,223.7,83.5,140.2,61.5,40.3,121.9,220.5,82.7,137.8,61.2,39.1,120.2,210.4,77.5,132.9,58.1,38.8,113.5
"고양시",352.7,115.7,237,99,76.8,177,354.9,116.5,238.4,96.7,77.1,181.1,379.3,127.9,251.4,104.8,81.3,193.2,364.8,118.4,246.5,96.2,75.4,193.2,362.8,123,239.7,97.5,65.5,199.7,354.4,120.2,234.3,93.3,64.7,196.4,349.7,121.4,228.4,86.3,59.3,204.1,344.2,113.2,230.9,81.9,64.8,197.6,354.3,116.3,238,84.2,73.5,196.6,345.3,120.5,224.9,82.7,62.4,200.1,352.9,124.5,228.4,82.6,62.9,207.4,346.4,118.1,228.3,79.5,59.4,207.6,345.4,121.5,223.9,81.5,62.8,201.1,344.9,123,221.9,84.4,61.1,199.4
"과천시",20.9,7.4,13.5,6.3,3.6,11,20.3,7.3,13.1,6,3.4,10.9,21.4,8,13.5,6.3,3.6,11.6,21.9,7.7,14.2,6.3,3.7,11.8,23.7,8.1,15.6,6.9,4,12.7,23.4,8.1,15.3,6.7,3.8,12.9,24.9,8.7,16.2,6.9,4.1,13.9,24.9,8.9,16,6.7,3.9,14.3,24,8.4,15.6,6.6,3.2,14.3,24.9,9.1,15.8,6.6,3.5,14.7,25.8,8.9,16.9,6.9,3.7,15.3,26.1,9.4,16.6,6.5,3.9,15.6,26.5,9.8,16.8,6.4,3.6,16.5,24.2,8.7,15.5,5.9,3.8,14.5
"구리시",65.1,22.8,42.2,19,12.7,33.4,65.8,22.9,42.9,18.4,13.5,33.9,69.8,25.7,44.2,18.4,15,36.4,62.9,21.9,40.9,16,12.3,34.6,63.7,22.7,41,16.1,12.9,34.7,63.9,23.1,40.8,17,11.2,35.7,61.5,22.1,39.4,15.1,11,35.4,60.1,22.8,37.4,14.9,11.5,33.8,59.6,22.5,37,15.5,10.5,33.6,59,21.1,37.9,16.4,10.2,32.4,56.2,20.6,35.5,14.4,9.4,32.4,56,20.9,35.1,14,9.1,32.9,54.8,20.5,34.3,12.7,8.8,33.3,57.5,22.1,35.3,13.9,10.1,33.4
"남양주시",237.9,80.5,157.4,62.5,53.4,122,240.9,81.8,159.1,62.5,56.3,122.1,255.5,89.6,165.9,65.5,57.2,132.7,252,85,167,65.1,56.7,130.2,256.7,93.5,163.2,66.2,55.5,134.9,252.1,89.5,162.6,66,52.1,134,260.1,93.7,166.4,65,56,139.1,239.5,82.4,157.1,63.8,44.3,131.3,232.9,82,150.9,56.9,44.6,131.4,233.5,78.3,155.2,56,44.1,133.4,234.9,79.4,155.5,59.1,40.2,135.7,237.2,81.7,155.5,56.9,42.3,138.1,239.6,86.3,153.3,62.6,40.4,136.7,237.6,88.2,149.4,60.7,38.9,138
"오산시",63.6,19.1,44.5,19.7,19.1,24.8,69,22.5,46.5,20.3,21.5,27.2,72.2,22.7,49.4,21.5,20.7,30,68.5,21.2,47.3,21.3,19.7,27.5,69.2,21.8,47.4,21.5,18.4,29.3,69.6,20.7,48.9,21.2,18.4,29.9,69.5,22.3,47.1,20.2,18.3,31,67.9,23.9,44,21,16.2,30.7,65.5,22.3,43.2,18.7,17.4,29.4,66.5,22.3,44.3,18.9,16.6,31,66.6,24.5,42.1,20.2,16.7,29.8,71.5,26.8,44.8,20.8,16.7,34,72.8,26.2,46.6,21.6,16.1,35.1,76.3,28.4,47.9,22.8,17.2,36.4
"시흥시",135.4,44.1,91.3,42.8,32.4,60.2,143.8,46.5,97.3,45.8,39.2,58.8,153.8,50.3,103.5,48.5,40.7,64.6,154.6,52.8,101.8,46.5,42.9,65.1,165.9,59.1,106.8,50.3,46.5,69.1,157.3,54.9,102.4,47.4,40.3,69.5,152.4,51.9,100.5,46.7,35.9,69.8,155.5,51.4,104.1,45.1,34.3,76.1,165.5,57.8,107.7,48.9,36.1,80.5,157.7,55,102.7,47.2,34.5,76,156.7,55.1,101.6,44.4,36.6,75.7,163.7,61.7,102,46.9,38.1,78.7,160.7,58.2,102.5,46,35.5,79.2,162.1,59.9,102.2,48.1,33,81
"군포시",90.1,29.6,60.5,25.2,18.1,46.8,90.1,30.8,59.4,24.7,17.4,48,99.4,34.4,65.1,27.2,18.3,53.9,94.7,31.7,63,25.9,17.1,51.7,93.3,32.2,61.1,24.6,16.5,52.2,90.4,30.6,59.8,23.2,15.2,52.1,90,30.9,59.1,21.9,15,53,88.8,31.2,57.7,22.4,14.6,51.8,90.3,30.6,59.7,21.8,15.9,52.6,84.5,27.6,56.9,20.2,14.3,49.9,87.1,30.8,56.2,21.3,13.7,52.1,82.4,29.1,53.3,20.1,11.9,50.4,81.8,29.2,52.6,19.7,10.8,51.2,82.2,29.1,53.1,19.5,10.5,52.3
"의왕시",51,18.7,32.3,15.9,8.9,26.1,55.1,19.8,35.3,16.9,9.4,28.8,58.9,21.5,37.5,18.1,10.5,30.4,55.8,18.9,36.9,16.4,10.3,29.1,54.6,19.3,35.3,15.9,10.1,28.6,55.1,19.8,35.3,16,10.2,28.8,55.3,20.5,34.9,14.6,9.1,31.6,55.7,18.3,37.3,14.2,10.6,30.9,53.5,19.3,34.2,14.2,9.7,29.6,51,18.9,32.1,14,8.3,28.7,51.2,18.1,33.1,12.9,8.8,29.6,47.7,17.9,29.8,11.5,7.6,28.5,48.8,17.4,31.5,11.7,8,29.2,48,17.2,30.8,11,8.1,28.9
"하남시",83.3,27.3,56,21.9,20.7,40.8,81,26.4,54.6,20,20,41,85.8,28.4,57.4,20.7,21.6,43.5,89.5,29.1,60.4,23.3,21.7,44.5,93.9,33.1,60.8,23.9,21.8,48.2,99.6,35.9,63.7,24.7,26.4,48.5,98.5,34.3,64.2,24.6,23.2,50.8,101.7,35.7,66,26.9,23.3,51.5,101.5,34.5,67,25.3,23.4,52.7,100.4,34.9,65.5,25,21.9,53.5,99,33.7,65.3,25.2,20.4,53.4,97.5,35,62.5,25.7,18.7,53.1,98.8,34.9,63.9,24.7,18.8,55.3,96.5,33.2,63.3,23.5,17.7,55.4
"용인시",354.5,121.1,233.4,110.3,79.7,164.4,361.5,120.1,241.5,113.1,84.2,164.2,386.8,129.8,257,123.3,86.3,177.2,387.6,129.7,257.9,119.4,88.7,179.5,381,125.2,255.8,110.5,83,187.6,379.4,131.1,248.3,110.5,83.4,185.5,376,127.4,248.5,108.6,79.4,187.9,359.5,126.9,232.6,104.6,69.6,185.4,363.8,133.1,230.7,112,68.9,182.9,360.4,129,231.4,112,67.7,180.7,363.3,128.5,234.8,110.3,64.9,188.1,373,137.9,235.1,109,63.3,200.6,372.7,137.7,235,112.9,57.2,202.6,381.5,145.9,235.6,115.7,61.2,204.5
"파주시",138.7,44.4,94.3,39.5,30.6,68.5,146.1,46.2,99.9,42.4,32.1,71.6,149,48,101,43,32.1,73.8,151.7,51.3,100.4,44.9,34.1,72.7,151.3,50.6,100.7,44.7,30.2,76.4,155.7,51.4,104.3,45.1,32,78.7,151.9,49.8,102,41.2,31.2,79.5,159.3,52.3,107,43,34.7,81.6,153.7,52.2,101.5,41.3,33.4,79.1,151.1,50.5,100.6,39.6,28.6,82.9,156,53.6,102.4,39,32.8,84.2,159.6,58.2,101.3,41.8,33.6,84.2,161.9,56.8,105.1,43.6,31.1,87.2,159.1,57,102.1,43.9,27.6,87.6
"이천시",58.8,19.4,39.4,19.3,11.4,28.1,63.6,22.9,40.7,21.4,12.2,30,65.4,23.3,42.1,20,12.8,32.6,65,22.7,42.3,23.5,12.2,29.3,61.8,22.5,39.3,20.6,11.3,30,60.2,21.8,38.5,21.3,10.9,28,60.9,21.2,39.7,20.6,11.2,29.1,67.1,25.1,41.9,20.9,12.8,33.3,67,24.2,42.7,21.1,11,34.8,67.8,25.8,42,22.5,10.8,34.5,62.2,22.4,39.7,17.4,10,34.7,69.4,26.2,43.2,21.4,12.2,35.8,64.7,25.8,39,19,10.2,35.6,66.6,26.1,40.5,19.9,9.8,36.8
"안성시",56.7,18.6,38,19.1,9.5,28,58.4,20,38.4,20,9.7,28.7,61.3,21.9,39.4,20.2,9.8,31.3,58.9,20.8,38.1,18.9,9.4,30.6,62.6,22.4,40.3,20.3,10.6,31.8,62.4,22.5,40,21.1,9.8,31.5,61.4,22.2,39.3,20.3,9,32.1,63.8,24.4,39.3,20,11,32.8,63.3,22.5,40.8,19,9.4,34.9,60.8,21.3,39.6,17.4,8,35.4,63.3,23.5,39.9,19.6,9.4,34.3,65.3,24,41.3,19.9,9.9,35.5,65.5,24.7,40.8,19.8,9.6,36.1,70.2,27.4,42.7,21.1,11.4,37.7
"김포시",133.2,42.4,90.8,33.7,37.8,61.6,133.3,43.6,89.7,33.9,36.1,63.3,152.5,51.9,100.6,38.7,41.7,72.2,146.8,49,97.9,35,40.7,71.1,161.3,56.1,105.1,42.7,45.2,73.4,151.5,51.1,100.4,38.3,41,72.2,151.6,52.5,99.1,37.1,40.9,73.6,150.2,46.9,103.3,37.2,37.7,75.4,145.1,46.4,98.6,37.4,34.1,73.6,141.5,46.9,94.6,36.8,31.9,72.7,148.3,50.9,97.4,37.3,33.5,77.5,150.1,52.5,97.6,37.2,35,77.9,151,51.5,99.5,36.9,34.3,79.7,155,53.5,101.5,39.1,32.2,83.8
"화성시",208.9,58,150.9,67.6,66.4,75,214.9,62.4,152.5,70,69.6,75.3,235.6,74.1,161.4,77.6,76.2,81.7,236.7,73.5,163.2,80.7,75.2,80.8,239.6,73.1,166.5,76.7,75.6,87.3,240.6,77.5,163.1,80.4,73.8,86.4,248.8,78.6,170.2,85.6,72,91.2,240.9,76.6,164.3,72.8,68.6,99.5,244.4,87.5,156.8,81.6,63.6,99.1,254.8,89.1,165.8,83.4,66.9,104.5,266.7,93.9,172.8,87.1,62.1,117.5,249.5,85.6,164,78.5,64.5,106.5,263.5,92.1,171.4,87.7,64.7,111.1,273.9,96.6,177.3,91.2,65.5,117.2
"광주시",110.7,36.7,73.9,28.1,27.8,54.7,119.6,41.3,78.3,29.3,29,61.4,125.2,45,80.2,30.2,28.9,66.2,116.9,38.9,78,31.5,26.3,59.1,121.6,42.6,79,29.1,28.3,64.2,118.2,40.3,77.9,29.5,24.8,63.9,117.2,37.5,79.7,25.7,25.5,66,112,36.4,75.6,26,22.5,63.4,115.5,38.2,77.3,27.3,22.5,65.7,110.4,40.5,70,26.5,19.4,64.5,114.4,39.9,74.5,29,19.1,66.3,119.2,41.1,78.1,29.3,19.8,70.1,115.5,40.6,74.9,26.2,19.7,69.6,120.9,44,76.9,27.7,22.5,70.7
"양주시",73.2,23.5,49.7,19.1,15.1,38.9,75.4,25.5,49.9,21.1,15.8,38.5,83.9,29.8,54,22.9,16.8,44.1,82.8,29.4,53.5,21.7,17.1,44,84.1,29.9,54.2,20.9,18.6,44.6,83.6,30.7,52.9,19.9,18.4,45.2,83.3,29.4,53.9,19.7,17.3,46.3,81,27.4,53.6,19.1,15.2,46.7,84.3,28.2,56.1,20.9,15.3,48.1,85.7,26.7,59,20.9,14.5,50.4,88.3,30.2,58,21.8,14.5,52,91.9,31.4,60.6,22.7,14.6,54.7,93.2,31.7,61.5,21.8,15.3,56.1,99.2,35.3,63.9,23.9,16.9,58.3
"포천시",50.1,18.8,31.3,15.4,7.3,27.3,47.2,17.6,29.6,13.3,7.2,26.7,53.7,21.1,32.5,15.5,8.1,30.1,51.4,19.8,31.7,14.6,7.8,29,50.1,19.8,30.2,12.8,8.4,28.9,47.7,18.5,29.2,12.1,7.9,27.7,47.8,18.5,29.3,13.1,7.5,27.2,51.4,19.1,32.3,12.6,7.1,31.7,49.1,18.2,30.9,11.8,6.9,30.4,49.5,18.8,30.7,12.5,6.8,30.1,48.9,18.9,30,11.8,6.7,30.4,50.6,19.2,31.4,12.3,7,31.3,50,20.3,29.8,12.9,6.3,30.8,48.5,19.1,29.4,11.7,6.2,30.6
"여주시",39,12.4,26.6,10.3,6.1,22.6,37.4,11.8,25.7,9.2,6.3,22,38.3,12.1,26.2,9.4,6.4,22.6,36.3,11.9,24.5,8.8,5.9,21.6,35.4,11.2,24.2,8.3,6.2,20.9,35,12,23,8,5.6,21.4,35.3,12.1,23.2,8.1,4.9,22.3,37.5,14.7,22.9,8.1,5,24.5,37.1,13.3,23.8,8,4.5,24.6,36.8,13.3,23.5,7.8,5.1,23.9,37.2,13.5,23.7,8.5,4.2,24.5,36.3,13.6,22.8,8.3,4.1,23.9,36.3,13.4,22.9,8.2,3.8,24.3,37.3,13.6,23.7,8.7,4.4,24.2
"여주군",-,-,-,-,-,-,-,-,-,-,-,-,-,-,-,-,-,-,-,-,-,-,-,-,-,-,-,-,-,-,-,-,-,-,-,-,-,-,-,-,-,-,-,-,-,-,-,-,-,-,-,-,-,-,-,-,-,-,-,-,-,-,-,-,-,-,-,-,-,-,-,-,-,-,-,-,-,-,-,-,-,-,-,-
"연천군",13.1,4.6,8.5,3.1,1.7,8.3,12.8,4.5,8.2,3,1.8,8,13.1,4.7,8.4,2.9,1.3,8.8,12.9,4.7,8.2,2.6,1.5,8.9,13,4.8,8.3,2.6,1.6,8.8,13,5,8,3,1.3,8.7,12.5,4.4,8.1,2.7,1.3,8.6,12.6,4.5,8.1,2,1.5,9.2,13.9,5.2,8.7,2.4,1.7,9.8,14,5.1,8.9,2.3,1.8,9.9,13.8,4.9,8.9,2,1.9,9.9,14,5.3,8.7,2,1.9,10.1,13.9,5.3,8.6,2,1.8,10.1,13.5,5,8.5,2.1,1.7,9.8
"가평군",19.6,7.6,12.1,5.4,2.2,12.1,19.7,7.5,12.3,5.4,2.2,12.2,19.2,7.5,11.7,4.9,2,12.2,20.4,8.3,12.1,5.1,2.1,13.2,19.8,8,11.7,4.3,2,13.5,20.3,8.2,12.1,4.3,2.5,13.5,19.7,8,11.6,4.3,2,13.4,19.9,7.7,12.2,4.1,2,13.8,20.2,7.5,12.7,4.1,2.3,13.8,19,7,12,3.6,2.1,13.4,19.4,7.2,12.2,3.4,2.1,13.9,19.8,7.9,11.9,3.7,1.9,14.2,19.3,7.7,11.6,3.3,1.9,14,19.6,7.9,11.7,3.7,1.9,14
"양평군",37.4,13.6,23.8,9.1,4.4,23.9,36.8,12.9,23.9,8.6,5.2,23,40.2,15,25.3,9.3,5.5,25.4,39.7,14.5,25.2,9.5,5.5,24.7,39.5,14.6,24.9,9.3,5.2,25.1,41.6,15.9,25.7,9.6,5.1,26.9,39.5,14.5,25.1,8.4,4.6,26.6,45,16.9,28.1,8.7,5,31.2,44,17,27,8,5.3,30.7,45.8,17.3,28.5,9.1,5.6,31.2,45.4,16.5,28.8,8.6,5.5,31.3,44.9,16.3,28.5,8,5.6,31.3,45.3,16.3,29.1,8.6,5.3,31.4,44.1,16.9,27.2,7.7,5.2,31.2
"춘천시",93.7,34.3,59.3,31.7,14.2,47.8,97.3,36.2,61,32.7,15.4,49.2,105.4,39.6,65.9,35.7,16.7,53,98.8,36.5,62.3,32.6,14.3,51.9,101.3,37.3,64,32.6,13.5,55.2,99.1,39,60.2,31.5,13.2,54.5,100.9,40.9,60,31.1,13,56.8,100.4,40.8,59.6,29.2,15.4,55.8,96.3,39.1,57.2,29.1,13.3,54,94.1,37.8,56.3,28.1,13.7,52.2,93.4,36.5,56.9,26.8,13.3,53.2,90.2,34.5,55.7,26.9,12.9,50.5,93.9,37.9,56,29.2,13.1,51.6,94.7,37.6,57,30.5,11.4,52.7
"원주시",112.1,40.7,71.4,38.8,19.1,54.2,113.1,43.2,69.9,39.1,19.3,54.7,119.9,46.1,73.8,40.5,22,57.4,115.8,43.5,72.3,38.2,20,57.6,117.1,44.2,72.9,37.5,20.9,58.6,115.4,43.2,72.2,36.6,20.3,58.5,118.5,47,71.5,39.2,18.5,60.8,117.8,43.7,74.1,36.4,19.4,62.1,117.1,42.3,74.8,35.3,20,61.8,115.6,41.6,74,36.4,17.6,61.6,117.9,41.6,76.3,34.5,19.1,64.3,118.8,41.7,77.1,34.6,21.2,63,113.9,41.6,72.3,31.8,17.2,64.9,115.4,45.2,70.2,33.1,18.3,64
"강릉시",73.2,29.3,44,24.3,9.1,39.8,73.2,29.2,44,23.1,10,40.1,77.2,31.3,45.9,25,10.7,41.5,74.2,29.4,44.7,24.3,10.3,39.6,75.9,30.9,45,23.3,11.2,41.4,72.3,29.1,43.2,22.8,9.4,40.1,71.1,28.8,42.3,22.5,8.6,39.9,75.5,31.6,43.9,21.9,9.1,44.5,72.1,29.8,42.2,22.4,8.1,41.6,73.8,29.8,44,20.6,8.6,44.6,73.1,29.8,43.3,20.4,8.3,44.4,72.3,30.2,42.1,19.7,8,44.7,73.2,30.9,42.3,20.3,8.1,44.8,74.1,31,43.1,20.2,8.7,45.3
"동해시",28.6,10.9,17.7,7.3,5.3,16,29.4,11.3,18.1,7.3,5.4,16.7,29,11.4,17.6,7.2,5.7,16.1,29.3,11.4,17.9,6.7,5.8,16.7,29,11.3,17.7,7.5,5.4,16.1,27.6,10.6,17,6.7,4.7,16.1,27.6,10.8,16.8,6.5,4.9,16.2,28.7,11,17.8,5.8,4.7,18.2,28.3,11.1,17.2,5.5,5.2,17.6,27.6,10,17.6,5.5,4.6,17.5,26.3,10,16.3,5,4.1,17.2,26.5,10,16.5,5,3.8,17.7,26.6,10.1,16.5,4.8,4.3,17.5,26.8,10.8,15.9,5,4.2,17.6
"태백시",14.7,5.7,9,3.2,1.8,9.7,14.4,5.7,8.7,2.7,1.8,9.9,14.6,5.8,8.7,3,1.6,9.9,14.1,5.6,8.5,2.8,1.6,9.6,13.8,5.6,8.2,2.8,1.6,9.4,13.4,5.2,8.1,2.4,1.8,9.2,13.6,5.6,8,2.5,1.5,9.6,11.9,4.8,7.1,1.9,1.3,8.7,11.9,4.7,7.1,2.2,1.3,8.4,12.1,4.9,7.2,2.2,1.4,8.5,11.5,4.8,6.6,2,1.4,8,11.5,4.9,6.6,1.9,1.1,8.4,11.9,5.1,6.8,2.3,1.3,8.3,10.9,4.7,6.2,1.7,1,8.1
"속초시",24.6,9.3,15.4,5.9,4,14.7,24,9,15,5.6,3.9,14.5,24.4,9.3,15.1,5.3,4.2,14.8,23.9,9.2,14.8,5.5,4.2,14.3,24.8,9.6,15.3,5.2,4.7,14.9,24.7,9.9,14.8,5.2,4.6,14.9,24.3,9.9,14.4,4.9,4.2,15.3,26,10.4,15.5,4.9,4.3,16.7,25.5,10.2,15.2,4.4,3.9,17.1,25,10.3,14.7,3.9,4,17.1,25,10.1,14.9,4,4,17.1,24.1,9.5,14.6,3.8,3.5,16.7,22.1,9,13.1,3.7,2.8,15.7,21.8,9,12.9,3.6,2.5,15.7
"삼척시",25.2,10.8,14.4,9.3,3.2,12.7,24.8,10.6,14.2,9.1,3.2,12.5,23.7,10.3,13.4,8,3.6,12.1,22.8,9.8,13,7.6,3.3,11.9,23.1,9.8,13.2,7.4,3.3,12.4,21.9,9.3,12.6,7.2,2.8,11.9,22.1,9.7,12.4,7.6,2.7,11.7,22.1,9.9,12.2,6.9,3,12.2,21,9.7,11.4,6.8,2.3,11.9,21.8,10.2,11.7,7,2.2,12.6,21,9.8,11.2,7,2.2,11.8,20.5,9.9,10.7,6.8,2,11.7,20.2,9.7,10.6,6.5,2,11.7,20.9,10.1,10.8,6.6,2.1,12.2
"홍천군",18.9,6.8,12.1,4.7,2.9,11.3,17.9,6.8,11.1,4.3,2.6,11,17.6,6.6,11,4.1,2.6,10.9,17.9,6.8,11.1,4.1,2.6,11.2,16.5,6.1,10.4,3.4,2.5,10.6,15.7,5.7,10.1,3.5,2.3,9.9,14.7,5.4,9.3,3.1,2.2,9.4,15.9,6.3,9.7,3.8,1.8,10.3,15.7,6.2,9.5,3.2,2,10.5,15,6,9,3,2.1,9.9,15,5.8,9.2,2.7,2.2,10,14.8,5.9,8.9,3,1.8,10,14.9,5.7,9.2,3.1,1.7,10.1,14.7,5.7,9,2.8,1.9,10.1
"횡성군",12.3,4.5,7.8,3,1.2,8.1,12,4.5,7.4,2.8,1.2,7.9,13,5.1,7.9,3.1,1.6,8.3,12.3,4.7,7.6,2.9,1.2,8.2,13.1,5.1,8,3.3,1.4,8.4,12.9,4.9,7.9,2.9,1.5,8.5,12.6,4.8,7.8,2.7,1.3,8.6,12.4,4.9,7.5,2.2,1.2,9,13,5,8,2.7,0.9,9.4,12.6,5.2,7.4,2.5,1.1,8.9,12.1,4.9,7.2,2.3,1,8.8,12.9,5.4,7.5,2.6,1.2,9.1,12.9,5.5,7.4,2.3,1.2,9.4,13.5,5.6,7.9,2.6,1.4,9.5
"영월군",10.6,4.6,6,2.5,1.1,7.1,10.1,4.3,5.8,2.3,1.2,6.7,11.7,4.8,6.9,2.4,1.3,8,10.4,4.5,5.9,2.3,1,7.1,10.7,4.6,6.1,2.5,1.2,7,10.8,5.1,5.7,2.3,1.3,7.2,10.6,4.6,6,2.2,1.3,7,9,3.9,5.1,1.9,0.6,6.5,9.1,4,5.1,1.8,0.5,6.8,9.4,4.2,5.2,1.8,0.8,6.8,9.5,4.5,5,1.7,0.8,7.1,9.2,4,5.1,1.6,0.7,6.8,8.9,4,5,1.7,0.9,6.3,8.6,3.6,5,1.6,0.7,6.3
"평창군",11.2,3.9,7.3,2.4,1.3,7.5,11.3,4.2,7.1,2.3,1.2,7.8,11.2,4.2,7,2.3,1.1,7.8,10.3,3.8,6.5,2.3,1,7.1,10.1,3.7,6.4,2.2,1,6.9,9.5,3.6,5.9,2,0.8,6.7,9,3.3,5.6,1.9,0.9,6.2,10.7,4.4,6.3,2.1,1,7.6,9.7,4,5.7,2.1,0.9,6.7,9.5,3.9,5.6,2,0.9,6.7,8.6,3.3,5.3,1.6,0.7,6.3,8.8,3.5,5.3,1.4,1,6.4,8.5,3.5,5,1.5,0.9,6,8.6,3.6,5,1.4,1,6.1
"정선군",9.6,4.1,5.5,1.6,1.1,6.9,9.4,4,5.4,2,1,6.3,9.5,3.8,5.7,2,1.3,6.3,9.4,3.6,5.8,1.8,1.3,6.2,9.5,3.8,5.8,1.8,1.5,6.2,9.1,3.8,5.3,1.5,1.5,6.1,9.3,3.8,5.5,1.7,1.5,6.1,8.6,3.5,5.1,1.4,0.9,6.3,8.3,3.3,5,1.4,0.9,5.9,8.4,3.5,4.9,1.6,1,5.9,8.3,3.3,4.9,1.3,1,6,7.7,3.1,4.6,1.1,0.9,5.7,7.7,3,4.6,1,0.9,5.7,7.8,2.9,4.8,1.1,0.8,5.8
"철원군",11.3,3.6,7.8,3.2,2.3,5.8,11.3,3.5,7.8,3.2,2.3,5.8,11.8,3.8,8,3.3,2.5,6.1,11.7,3.7,8,3,2.5,6.2,11.4,3.7,7.8,2.7,2.5,6.2,10.8,3.2,7.6,2.3,2.4,6.1,10.6,3.3,7.3,2.2,2.1,6.2,10.9,3.7,7.1,2.5,2.4,5.9,10.4,3.2,7.2,2.2,2.2,6.1,10.6,3.2,7.4,2.2,2.2,6.1,10.4,3.6,6.8,2.3,2.1,6,10.1,3.5,6.6,2.1,2.2,5.9,10.1,3.6,6.5,1.9,2.1,6.1,9.9,3.3,6.6,2,1.9,6.1
"화천군",5.4,1.7,3.7,1.4,1.4,2.6,5.4,1.7,3.7,1.3,1.4,2.6,5.4,1.7,3.7,1.3,1.3,2.9,5.5,1.8,3.7,1.4,1.4,2.8,5.2,1.8,3.5,1.3,1.2,2.7,5.2,1.8,3.5,1.3,1.2,2.8,4.6,1.5,3.1,1,1,2.6,4.4,1.5,2.9,1,0.9,2.5,4.1,1.4,2.7,0.9,0.7,2.5,4.1,1.4,2.7,0.8,0.7,2.5,3.8,1.4,2.5,0.8,0.8,2.3,3.9,1.3,2.5,0.9,0.7,2.3,3.7,1.4,2.3,0.9,0.6,2.2,3.7,1.4,2.3,0.8,0.6,2.3
"양구군",5.3,1.8,3.6,1.8,0.8,2.6,5.2,1.9,3.3,1.7,0.9,2.6,5,1.9,3.1,1.7,0.9,2.5,4.7,1.7,3,1.6,0.9,2.3,4.6,1.6,3,1.6,0.8,2.2,4.5,1.6,2.9,1.3,0.8,2.4,4.4,1.5,2.9,1.2,0.8,2.4,4.5,1.6,2.8,1.2,0.8,2.5,4.3,1.4,3,1.1,0.7,2.6,4.4,1.3,3.1,1.1,0.7,2.6,4.3,1.5,2.8,1,0.6,2.6,4.4,1.5,2.9,1.1,0.7,2.6,4.3,1.4,2.9,1,0.6,2.7,4.2,1.5,2.7,1.1,0.6,2.5
"인제군",6.2,2,4.2,1.3,1.4,3.5,6.1,2,4.2,1.3,1.3,3.5,6,2.2,3.9,1.1,1.3,3.6,6.3,2.1,4.3,1.1,1.6,3.6,6.2,2.1,4.1,1.2,1.3,3.7,6.6,2.3,4.3,1.3,1.4,3.9,6.7,2.5,4.2,1.6,1.3,3.8,6.4,2.5,3.9,1.3,1.4,3.7,6.2,2.1,4.1,1.1,1.4,3.7,6.1,2.1,4,1,1.4,3.6,6.2,2.1,4,1,1.4,3.8,5.6,1.8,3.7,1,1.2,3.3,5.6,2,3.7,0.8,1.2,3.6,5.6,2,3.6,0.8,1.1,3.6
"고성군",8.3,3.7,4.7,3.1,1,4.3,8.2,3.7,4.5,3.6,0.8,3.8,8.2,3.6,4.6,3.3,0.9,4.1,7.6,3.2,4.4,2.8,0.7,4.1,7.9,3.1,4.7,2.7,0.9,4.2,7.2,2.9,4.3,2.1,0.8,4.3,6.8,2.7,4.1,1.7,0.9,4.2,7,3.2,3.9,1.8,1.1,4.1,7.2,3,4.1,1.8,1.1,4.3,8,3.6,4.4,2.5,1.1,4.3,6.9,3.1,3.8,1.8,1,4.1,7,2.8,4.2,1.9,1.1,4,6.6,2.7,3.9,2,0.9,3.8,7,2.8,4.1,2,1,4
"양양군",7.9,3.1,4.8,1.1,1.3,5.5,7.5,2.9,4.6,1.2,1.1,5.2,7.7,3,4.7,1.2,1.2,5.3,7.4,3,4.4,1.3,1,5.1,7.4,3,4.4,1.3,0.9,5.2,6.6,2.6,4,0.9,0.9,4.8,6.6,2.6,4,0.9,0.7,5,7.6,3.1,4.5,1.2,1.1,5.4,7.2,2.9,4.3,1,1,5.2,7.4,3.1,4.3,1.1,0.9,5.4,7.4,3.1,4.4,1,0.8,5.7,7.3,3.1,4.1,0.9,0.8,5.6,7.1,3.2,3.9,0.7,0.8,5.6,7.5,3.2,4.3,0.8,0.8,5.9
"청주시",268.3,95.9,172.4,87.9,56.8,123.6,275.9,100.2,175.7,90.7,58.8,126.3,283.4,101.4,181.9,88.8,59,135.5,274.2,96.9,177.3,86.3,55.5,132.4,275.3,97.6,177.7,82.9,55.1,137.3,270.1,96.4,173.7,82.6,50.6,136.9,260.2,90.8,169.5,77.3,53.3,129.7,253.9,89.4,164.5,73.9,48.1,131.9,251.7,87.7,164,76.2,45.7,129.8,258.1,90.5,167.7,81.9,47.5,128.8,249.7,90.8,159,75.5,46.1,128.1,253.5,93.3,160.2,72.8,46.2,134.5,250.1,93.8,156.2,74.4,40.8,134.8,249.4,96.2,153.2,70.8,41.1,137.5
"충주시",71,26.9,44.1,26.4,11.9,32.7,69.9,27.6,42.4,23.7,11.5,34.8,70.3,27.1,43.2,25.1,10.7,34.5,69.6,28.8,40.8,24.1,11.3,34.1,70.1,28.9,41.1,24.9,9.9,35.3,66.8,28,38.9,22.7,11.2,32.9,65.4,26.5,38.9,22.3,9.6,33.5,66.1,25.3,40.7,18.5,10.7,36.9,66.6,24.8,41.8,17.8,10.6,38.2,67.5,25,42.5,19.1,9.9,38.4,65.3,24,41.2,17.7,10,37.6,68.6,25.3,43.3,19.5,10.1,39,67.8,24.6,43.2,18.5,10.7,38.6,66.9,25.5,41.4,18.1,11,37.8
"제천시",46.3,17.2,29.2,14.5,6.4,25.5,45.6,17.3,28.3,14.3,6.2,25.1,47.4,18,29.4,14,6.4,27,45.5,16.1,29.4,13.8,5.7,25.9,46.4,17.7,28.7,13.9,6.4,26.1,46.4,17.5,28.9,13.9,6.6,26,46.5,17.2,29.3,13.5,6.6,26.4,43.7,16.3,27.4,12.8,5.5,25.4,41.2,15.9,25.2,12.7,5.2,23.2,42.2,16.4,25.8,13.3,4.8,24.1,40.2,15.5,24.7,11.5,4.8,23.8,41.7,15.9,25.8,12.2,5.3,24.1,40.6,15.2,25.4,11.5,5.1,24,41,15.4,25.6,12.4,5,23.5
"청원군",-,-,-,-,-,-,-,-,-,-,-,-,-,-,-,-,-,-,-,-,-,-,-,-,-,-,-,-,-,-,-,-,-,-,-,-,-,-,-,-,-,-,-,-,-,-,-,-,-,-,-,-,-,-,-,-,-,-,-,-,-,-,-,-,-,-,-,-,-,-,-,-,-,-,-,-,-,-,-,-,-,-,-,-
"보은군",9.5,3.5,6,1.7,1.2,6.6,9.2,3.3,5.8,1.6,0.9,6.6,9,3.3,5.8,1.7,0.9,6.4,8.7,3.3,5.4,1.8,1.1,5.9,8.4,3.1,5.3,1.5,1,5.9,8.5,3.2,5.3,1.4,1,6.1,8.9,3.5,5.4,1.5,1,6.3,8.6,3.4,5.2,1.3,0.7,6.6,8.4,3.3,5.1,1.3,0.7,6.4,8.4,3.3,5.1,1.2,0.7,6.5,8.8,3.4,5.4,1.1,1,6.6,8.5,3.5,5,1.2,0.9,6.5,8.3,3.3,5,1,1,6.3,8,3.4,4.7,1.1,0.9,6
"옥천군",15.1,6.1,9,3.2,1.7,10.2,14.6,6.1,8.5,3.3,1.7,9.6,15,5.9,9.1,3.2,1.9,9.9,16,6.5,9.6,3.7,1.9,10.4,15.6,6.1,9.5,3.2,1.9,10.5,15.7,6.2,9.5,3,1.9,10.7,14.8,5.6,9.2,2.8,1.9,10.1,14.6,5.6,9,2.6,1.6,10.5,13.9,5.4,8.5,2.5,1.2,10.2,13.7,5.5,8.2,2.7,1.2,9.8,12.8,4.7,8.1,2.3,1.2,9.2,13.9,5.4,8.5,2.6,1.3,10,13.8,5.6,8.2,2.4,1.5,9.9,14.3,5.8,8.5,2.6,1.3,10.4
"영동군",16.1,5.9,10.2,5.3,1.5,9.3,16.9,6.2,10.7,5.7,1.7,9.5,16.3,6.2,10.1,5.6,1.2,9.4,15.9,6.2,9.8,5,1.3,9.6,14.5,5.5,9,4.5,1,9,14.8,5.7,9,4,1.1,9.7,13.7,5.3,8.4,3.6,1.2,8.9,14.4,5.7,8.7,3.9,1,9.5,12.7,4.9,7.8,3.3,1.3,8.1,12.3,4.5,7.8,3.2,1.2,8,11.4,4.1,7.2,2.7,1.2,7.5,12.2,4.8,7.5,3.2,1.2,7.8,11.3,4.3,7.1,2.8,1.1,7.5,12.3,4.9,7.4,3,1.1,8.2
"진천군",20.2,6.6,13.6,6.7,4.5,9.1,22.6,7.8,14.8,7.7,5.3,9.6,22.4,7.9,14.5,7.2,5.3,9.9,21.4,7.2,14.1,6.7,4.9,9.8,21.4,7.2,14.1,6.3,4.9,10.2,21.6,7.5,14.2,7,5,9.6,21.6,7.5,14.1,6.6,5,9.9,22.8,7.8,15,6.2,4.3,12.3,22.1,7.8,14.3,6.1,4.6,11.4,22.2,7.6,14.6,6.4,4.1,11.7,20.9,7.7,13.2,5.7,4.1,11.2,22.6,8.8,13.9,6.5,4.6,11.6,22.1,8.4,13.7,6.4,4.2,11.5,23,8.7,14.3,6.6,4.5,11.9
"괴산군",12.1,5,7.2,4.1,0.8,7.2,11,4.4,6.6,3.5,0.7,6.8,12,4.6,7.4,3.7,0.8,7.5,11.8,4.5,7.3,3.7,0.7,7.3,10.7,4.1,6.6,3.3,0.5,6.9,10.5,4.1,6.4,3.3,0.6,6.7,10.2,4.2,6.1,3.3,0.6,6.4,11.4,4.5,6.9,2.4,0.9,8.1,11.6,4.5,7.1,2.7,1.2,7.7,11.6,4.5,7.1,2.6,1.3,7.7,11.4,4.5,6.9,2.4,1.2,7.8,11.6,4.6,6.9,2.2,1.1,8.3,12.4,5.3,7.2,2.9,1.1,8.4,12.3,5.2,7.1,3.3,1.2,7.8
"음성군",26.6,8.8,17.8,7.4,4,15.2,27.3,9.1,18.2,7.6,4.2,15.5,28.2,10.1,18.1,7,4.7,16.5,28.6,11,17.6,7.6,5,16,26,9.9,16.1,6.2,3.6,16.1,26.5,9.7,16.7,6.3,4.1,16.1,27,9.1,17.9,6.2,4.2,16.5,24.2,8.6,15.7,6.5,3.9,13.9,24.3,7.7,16.5,6.7,3,14.6,25.7,9.6,16.1,7.5,3,15.2,24.2,8.9,15.3,7,3.4,13.8,24.9,9.4,15.5,7.3,3.5,14.1,25.3,9.7,15.7,7.7,3.5,14.1,25.1,9.2,15.9,7.3,3.8,14
"단양군",8.4,2.8,5.5,1.5,0.8,6.1,8.3,3,5.3,1.5,0.8,6,9.3,3.3,6,1.4,0.9,6.9,8.5,3.1,5.4,1.4,0.9,6.3,8.7,3.3,5.4,1.3,1,6.4,8,3.1,4.9,1.2,0.8,6,8,3,5,1.1,0.8,6.2,7.7,3,4.7,1.1,0.7,6,7.5,2.9,4.6,0.8,0.6,6.1,7.8,3.1,4.6,1,0.7,6.1,7.9,3.4,4.5,1,0.7,6.2,8,3.5,4.5,1.1,0.7,6.2,7.7,3.2,4.5,0.8,0.6,6.3,7.7,3.4,4.3,0.8,0.7,6.2
"증평군",10.5,3.7,6.7,3.4,2,5,10.5,3.6,7,3.3,2.1,5.2,12.1,4.1,8,3.6,2.2,6.3,10.7,3.6,7.1,3.5,2,5.2,10.4,3.6,6.8,3.2,2,5.1,10.1,3.5,6.6,3.4,1.9,4.9,10.1,3.4,6.7,2.9,2,5.1,10.9,3.9,7,2.9,2.3,5.7,9.8,3.3,6.5,2.7,1.5,5.6,10.1,3.4,6.7,2.7,1.8,5.6,10.7,3.7,7,3.1,2,5.7,10.6,3.7,6.8,2.8,1.9,5.8,10.3,3.5,6.8,2.5,1.6,6.2,10.4,3.8,6.7,2.6,1.4,6.4
"천안시",190.2,60.3,129.9,69.5,45.4,75.3,194.8,63.8,131,71.2,47.1,76.6,198.1,65.3,132.8,72.5,44.6,81,198.7,66.7,132,73,44.7,81,209.7,69.5,140.2,77.8,46,85.9,204.9,67.8,137.1,72.8,43.8,88.2,209.1,70.2,138.9,73.3,48.2,87.6,202.3,69.7,132.6,68.7,40.5,93.1,212.7,76.8,135.8,68.5,45.3,98.8,212.2,76.3,135.9,69,42.4,100.8,210.6,77.3,133.3,68,39.9,102.7,214.4,80.2,134.2,71.2,42.3,100.9,214.6,82,132.6,72,38.1,104.5,218.6,81.3,137.3,71.8,41.3,105.5
"공주시",34.6,12.8,21.8,12.2,3.9,18.5,32.2,12.1,20.2,11.7,4.2,16.3,34.3,12.8,21.5,12.4,4.4,17.5,33.7,12.6,21.1,11.1,4.6,17.9,35.6,13.4,22.3,12,4.3,19.3,34.2,12.8,21.4,11.7,4.2,18.4,35.1,12.7,22.5,12.1,3.9,19.2,37.1,15,22.2,13.3,4.3,19.5,36.4,14.1,22.3,12,4,20.3,35.4,14.6,20.8,12,3.3,20.1,34.9,13.5,21.3,12.3,3.1,19.5,36.1,14.3,21.8,12.9,2.8,20.5,37.6,14.8,22.8,11.9,3.5,22.2,37.8,15.9,21.9,12.7,3.3,21.8
"보령시",28.8,10.7,18.1,6.1,4.6,18,30.2,11.3,18.9,6.7,5.2,18.3,30.6,11.3,19.2,6.8,5.3,18.5,30.7,11.3,19.3,6.7,4.7,19.2,30.8,11.8,19,6.6,4.8,19.4,31,12,19,6.1,4.4,20.5,26.6,10,16.6,4.9,3.7,17.9,31.6,12.3,19.3,4.8,4.6,22.1,30.5,11.9,18.6,4.8,4.2,21.6,29.8,11.5,18.3,5.5,4.3,20,29.8,11.8,18,5.1,3.8,20.9,27.3,10.7,16.6,4.2,3.7,19.4,27.7,11.5,16.2,4.3,4.1,19.3,29.3,12.4,16.9,5.5,4.1,19.7
"아산시",100.4,33.2,67.2,37.7,21.7,41,103.5,36.5,67,39.8,23.1,40.7,105.6,36.8,68.8,37.7,23.8,44.1,102.5,34.1,68.3,35.7,24.4,42.4,107.1,36.3,70.8,38.9,25,43.3,108.7,38,70.7,41,22.6,45.1,109,37.1,71.9,38.6,23.1,47.4,104.9,35.9,69,38,24.2,42.6,105.9,35.8,70.1,36.2,25,44.7,106.4,36.2,70.2,36.6,24.2,45.6,106.6,35.7,70.9,37.4,22.1,47.1,107.3,36,71.4,37.8,22.1,47.4,107,36.4,70.6,36.5,21.7,48.7,111.2,41.5,69.7,38.5,23.3,49.3
"서산시",47.8,13.3,34.5,13.2,11.9,22.7,45.6,13.4,32.2,12.5,11.1,22,48.5,14.1,34.3,13.2,12.2,23.1,47.2,13.4,33.8,13.2,12,22,48.4,14.6,33.8,12.3,13.7,22.3,47.6,15.3,32.2,12.2,13.2,22.1,48.3,15.3,32.9,12.7,12.7,22.9,44.5,14.9,29.7,11.1,9.9,23.5,45,14.1,30.8,11.6,9.4,24,43.8,13.9,30,11.3,9.1,23.4,47.8,16.1,31.7,11.5,9,27.3,48.8,16.5,32.3,11,9.8,28,47.7,16.5,31.2,10.7,9.8,27.3,48.4,16.5,31.9,11.2,10.1,27.1
"논산시",36.2,13.1,23.2,11.5,3.9,20.8,36.8,13.9,22.9,11,4.5,21.3,39.3,15.1,24.3,12,4.5,22.9,37.2,14,23.2,11.1,3.9,22.2,37.9,14.7,23.2,10.7,4.3,22.8,35.9,13.5,22.4,10.3,4.9,20.7,35.7,14.1,21.7,9.8,4.1,21.9,38.4,14.5,23.9,10,4.1,24.3,34,12.9,21.1,9.6,3.7,20.7,33.3,12.8,20.5,9.9,3.3,20.2,34.4,13.1,21.2,9.7,3.7,21,35.2,12.8,22.5,9.9,3.3,22.1,35,13.4,21.6,9.3,2.9,22.8,37.4,15,22.4,10,4.1,23.4
"계룡시",13.1,4.3,8.8,4.4,2.8,5.9,13.3,4.5,8.8,4.7,2.6,6,14.4,5,9.3,4.8,3.1,6.5,12.9,4.8,8.1,4.5,2.6,5.8,12.7,4.6,8.1,4.4,2.9,5.5,12.9,4.7,8.2,4.4,2.8,5.8,12.5,4.4,8.1,4,2.8,5.7,14,4.7,9.3,3.6,3.2,7.3,12.9,3.9,9,3.2,2.9,6.8,13.7,4,9.7,3.6,3.3,6.8,13.3,4.2,9.1,3.2,3.1,7,13.7,4.4,9.3,3.4,3.1,7.1,13.5,4.5,9,3.2,2.8,7.6,14,4.9,9.1,3.3,2.8,7.9
"당진시",41,12.5,28.5,12.3,11.2,17.5,40.1,12.2,27.8,11,11.6,17.5,42.7,12.7,30,11.7,12.7,18.3,42.1,12.8,29.3,11.9,11.5,18.7,42.8,14.1,28.7,11.5,11.4,19.9,42.9,14.7,28.3,11.6,11,20.3,43,14.4,28.7,11.4,10.8,20.9,42.3,14.1,28.2,11,10.6,20.7,41.3,13.1,28.1,11.1,10.4,19.8,40.8,12.7,28.1,11,10.2,19.6,41.9,13,28.9,11.1,10.4,20.3,42.5,14.2,28.3,11.7,10.9,19.9,41.2,14.4,26.8,10.6,10.1,20.6,41.2,14.1,27,10.5,9.4,21.2
"금산군",16.9,6.6,10.3,5.9,2.1,9,17.8,7.5,10.3,7.3,1.9,8.6,18.8,7.6,11.2,6.8,1.8,10.1,17,7.3,9.7,6,2,9,16.2,6.9,9.2,5.5,2,8.7,15.2,6,9.3,5.1,1.9,8.3,16.6,6.5,10,5.4,1.8,9.4,17.4,7.1,10.3,5.8,1.5,10.1,16.2,6.6,9.6,5.3,1.5,9.4,16.4,6.5,9.8,5.2,1.6,9.5,17.8,7.3,10.4,5.8,1.6,10.4,17.9,7.3,10.6,5.3,1.9,10.7,17.2,6.9,10.2,5.2,1.8,10.2,17.9,7.8,10.1,6,1.5,10.4
"연기군",-,-,-,-,-,-,-,-,-,-,-,-,-,-,-,-,-,-,-,-,-,-,-,-,-,-,-,-,-,-,-,-,-,-,-,-,-,-,-,-,-,-,-,-,-,-,-,-,-,-,-,-,-,-,-,-,-,-,-,-,-,-,-,-,-,-,-,-,-,-,-,-,-,-,-,-,-,-,-,-,-,-,-,-
"부여군",20.5,7.8,12.7,4.9,2.6,13.1,18.8,7.4,11.5,4.9,2.1,11.8,20,7.9,12.1,5.3,2.3,12.4,18.7,7.4,11.4,4.8,2.1,11.8,18.8,7.2,11.6,4,2.5,12.3,18.9,7,11.9,3.4,2.4,13.1,18.1,6.6,11.6,3.3,2.3,12.4,19,7.2,11.9,3.2,1.5,14.3,20,7.7,12.3,3.4,1.5,15.1,19.6,7.4,12.2,3.9,1.6,14.1,19.7,7.4,12.3,4,1.7,14,17.4,5.9,11.5,3.2,1.3,12.8,16.8,5.7,11.2,2.9,1.2,12.8,17.5,6.2,11.3,2.9,1.7,12.9
"서천군",14.2,4.3,9.9,2.6,1.8,9.9,14.5,4.7,9.7,2.6,2,9.9,15.6,5.1,10.5,2.8,1.8,11,15,4.8,10.1,2.7,2,10.3,14.6,4.9,9.8,2.9,1.8,9.9,13.9,4.5,9.4,2.1,2.1,9.8,14.8,4.7,10.1,1.9,2,10.9,13.8,5.2,8.6,2.2,1.4,10.3,15.7,6,9.6,2.5,1.3,11.8,15.2,5.7,9.5,2.3,1.4,11.5,14.5,5.1,9.4,2.1,1.5,11,14,4.9,9.1,1.9,1.2,10.9,13.8,5.1,8.7,1.7,1.4,10.7,13.8,5.4,8.4,2,1.3,10.5
"청양군",6.8,2.2,4.6,2.4,0.5,3.9,6.4,2,4.4,2.1,0.6,3.7,6.7,2.2,4.5,2,0.6,4.1,6.2,2.1,4.1,2.1,0.6,3.5,5.8,1.9,3.9,1.9,0.5,3.5,5.7,1.9,3.8,1.6,0.5,3.6,6.2,2.1,4.2,1.9,0.5,3.8,6.6,2.4,4.2,1.5,0.6,4.5,7.3,2.7,4.6,1.7,0.8,4.8,7.2,2.6,4.6,1.7,0.7,4.9,7.6,2.9,4.7,1.9,0.7,4.9,7.5,3,4.5,1.9,0.7,4.9,7.3,2.9,4.4,1.8,0.6,4.9,7.2,2.8,4.5,1.6,0.6,5
"홍성군",32.1,11.7,20.4,10.8,5.4,16,30.6,11.5,19.1,11,5.6,13.9,33.3,12,21.4,12.4,6.5,14.5,30.5,10.7,19.8,11.5,5.6,13.4,30.5,12.6,17.9,10.6,5.9,14,29,11.3,17.8,9.3,5,14.8,30.1,11.1,18.9,9,5.3,15.8,27.1,10.3,16.8,8.6,3.9,14.7,26.9,10,16.9,8.9,3.2,14.7,29.1,10.8,18.4,10,3.9,15.3,28.3,9.7,18.5,9.3,3.9,15.1,28.3,9.8,18.5,9.6,4.1,14.6,29,10.2,18.8,9.5,4.5,15,30,11.4,18.6,9.8,4,16.2
"예산군",24.3,9.1,15.2,6.7,3.4,14.2,24.3,9.8,14.5,5.9,3.5,14.9,24.2,9.6,14.6,5.7,3.6,15,23.5,9.1,14.4,5.5,2.9,15.1,23.7,9.3,14.4,5.3,3.5,14.9,21.6,8.1,13.4,4.9,3,13.7,21.5,8.4,13.1,4.4,3.1,14,20.4,7.9,12.5,4.8,2,13.5,19.9,7.3,12.6,4.2,2.3,13.4,18.7,7.2,11.6,4.1,2.1,12.6,19.1,7.1,12,3.7,2.5,12.9,19,7.3,11.8,4.1,2.2,12.7,20.2,7.8,12.4,4.1,2.7,13.4,19.3,7.4,11.9,3.8,2.7,12.8
"태안군",14.5,5.3,9.2,3.6,2.5,8.4,14.3,5.4,8.9,3.5,2.7,8.1,15.1,5.6,9.5,3.3,2.7,9.1,14.5,5.4,9.1,3.4,2.7,8.4,15.5,6,9.5,3.6,2.8,9.1,15.1,6,9.1,3.3,2.7,9.1,15,6.1,8.9,3.3,2.5,9.2,15.2,6.2,8.9,3.4,2,9.8,14.5,6,8.5,3.4,1.6,9.4,14.8,6.2,8.6,3.5,1.7,9.5,13.8,5.5,8.3,3.1,1.6,9.1,14.5,6.2,8.3,3.3,1.9,9.4,14.4,6,8.3,2.9,2,9.4,14.7,6.3,8.4,3.4,1.9,9.5
"전주시",227.6,90,137.6,85.3,39.7,102.6,227.3,84.9,142.4,84.9,38.7,103.7,233.7,89.4,144.3,89.6,40.4,103.7,228,90,138,84.4,41.1,102.6,231.3,92,139.3,82.5,44,104.9,218.5,84.3,134.2,77,37.8,103.7,221.4,87.5,133.9,78.3,37.6,105.5,223.6,86.3,137.3,71.5,35.6,116.5,225.9,90.2,135.7,71.6,34.3,120.1,218.2,88.4,129.9,71.3,30.3,116.7,211.9,84.6,127.3,69.7,27.8,114.4,212.8,86.6,126.2,68.5,28.1,116.1,211.9,85.4,126.6,67.2,29.8,114.9,210.4,84.1,126.3,65.7,29.8,114.9
"군산시",101.2,37.1,64.1,30.7,19.2,51.3,100,37.8,62.3,30.3,18.2,51.6,105.3,40.2,65.1,31.7,19.6,54,98.3,37.5,60.8,30.8,16.6,50.9,99.3,38.5,60.7,28.1,18.4,52.7,99,39.2,59.8,28.7,18.7,51.7,102.1,40.5,61.6,29.8,19.3,52.9,98.1,38.3,59.8,26.5,18,53.7,96.9,38,58.9,29.2,18.6,49.1,92.4,36.2,56.3,25.6,16.9,49.9,95.2,38.1,57,25.7,16.5,53,91.9,35.9,56.1,23.3,17.5,51.1,91.1,35.7,55.4,23.8,14.4,53,86.6,33,53.7,22.1,13.1,51.4
"익산시",109.2,39.6,69.6,39.6,19,50.6,109.8,42.2,67.7,40,18.2,51.6,108.4,42.6,65.8,38.6,17.8,52,102.4,39.3,63.1,37,17.1,48.3,104.3,40.3,64.1,37.5,16.9,50,101.6,39.6,62.1,36,15.9,49.7,102.2,42,60.3,34.9,15.2,52.2,96.5,39.7,56.8,32.5,12.5,51.6,94.6,39.8,54.8,31.6,12.3,50.7,91.8,37.8,54,30.8,11.3,49.7,92.4,38.9,53.5,31.4,11.6,49.4,91.3,37.8,53.5,30,12.9,48.4,89.3,37,52.3,28.2,12.5,48.6,92.9,38.7,54.3,28.8,12.9,51.2
"정읍시",38.8,14.9,23.9,9.6,6.9,22.3,36.3,13.8,22.5,9,6.3,21,36.3,13.7,22.6,9.2,6,21,35.4,13.5,21.9,8.4,6,21,32.2,12.7,19.5,7.9,4.7,19.6,32.5,12.3,20.2,8.1,5.1,19.3,31.5,11.7,19.7,8,4.1,19.4,30.5,11.3,19.2,7.1,4.4,19,30.2,11.6,18.7,7.2,4.2,18.8,29.1,10.6,18.4,6.7,4,18.4,28.8,10.6,18.2,6.1,3.8,18.9,29,11.1,17.9,6.4,3.7,19,28.5,10.8,17.7,5.8,3.3,19.5,30.2,12.1,18.1,6.7,3.9,19.6
"남원시",23.1,8.3,14.8,6,2.6,14.5,22.4,8.1,14.3,5.6,2.2,14.5,24.7,9.1,15.5,5.8,2.7,16.1,21.1,7.8,13.3,5.3,2.4,13.4,21.3,7.8,13.4,5.3,2.7,13.3,22.3,8.6,13.7,5.6,2.9,13.8,20.5,8,12.6,5.1,2.7,12.8,21.7,8.5,13.2,4.8,2.5,14.4,21.8,8.3,13.5,4.9,2.7,14.2,21.4,8.3,13,4.7,2.7,14,19.6,7.8,11.8,3.8,2.1,13.8,20.2,7.4,12.9,3.9,2.3,14,20.1,8.1,12,3.5,2.5,14,19.5,7.9,11.6,3.2,2.4,14
"김제시",26.9,10.5,16.4,5.9,3.2,17.9,27,10.4,16.6,6.5,2.6,17.9,26.1,10.1,16,6.2,3.1,16.8,25.6,9.5,16.1,5.8,2.6,17.2,24.8,9.2,15.6,5.4,2.9,16.4,24.4,9.5,14.9,5.5,2.9,16,23.6,9.8,13.8,5.5,2.6,15.5,23.8,10,13.8,5.1,2.6,16.1,22.5,9.2,13.3,4.9,2.6,15,22.1,9.1,13,5.3,2.5,14.3,21.3,8.5,12.7,4.5,2.9,13.9,21.7,8.4,13.3,4.5,2.8,14.3,21.9,8.5,13.4,4.1,3.3,14.5,22.1,8.9,13.1,4.3,3,14.8
"완주군",31,12,19,13,5.1,13,30.5,11.6,18.9,12.4,4.8,13.3,30.1,11.6,18.5,12.1,5.4,12.6,29.4,11.2,18.2,11.4,5.2,12.8,30.5,11.6,18.9,11.5,5.2,13.8,30.7,11.5,19.3,11.9,4.8,14,30.9,11.1,19.8,11.2,4.7,15,29,11.5,17.4,9.2,4.2,15.6,28.2,11.2,17,9.8,4.5,13.8,29.1,11.6,17.5,9.7,4.3,15.1,30.9,11.7,19.2,10,4.8,16.1,31.1,12,19.1,10.9,4.3,15.8,31.8,12,19.8,11.3,4.7,15.8,33.8,13.6,20.2,11.1,4.9,17.9
"진안군",6,2.1,3.9,1.1,0.9,4,5.7,2.1,3.6,1.2,0.7,3.8,5.9,2.1,3.8,1.3,0.8,3.8,5.3,2,3.2,1.2,0.5,3.5,5.7,2.1,3.6,1.1,0.7,3.9,5.5,2.1,3.4,1.1,0.6,3.8,5.5,2,3.5,1,0.5,3.9,5.1,2,3.1,1,0.4,3.7,5.2,1.8,3.4,0.9,0.4,3.9,5.1,1.8,3.2,1,0.4,3.7,4.9,1.8,3.1,0.9,0.4,3.6,5.2,2.1,3.1,1.1,0.4,3.7,5.1,2,3.1,1,0.4,3.7,5.2,2.1,3.1,1,0.5,3.7
"무주군",5.4,1.9,3.5,1.1,0.8,3.6,5.3,1.9,3.3,1.2,0.7,3.5,5.3,1.9,3.4,1.1,0.6,3.6,5.3,1.9,3.4,1.1,0.6,3.5,5,1.7,3.3,1,0.5,3.5,4.9,1.7,3.3,1,0.6,3.4,5.1,1.8,3.3,1.2,0.6,3.3,5,1.9,3.1,1.1,0.4,3.5,4.9,2.1,2.9,1.1,0.4,3.3,4.8,2,2.8,1.2,0.5,3.1,4.9,2,3,1.2,0.5,3.2,4.8,1.8,3,1,0.6,3.2,4.7,1.8,2.8,1.2,0.5,3.1,4.8,1.9,2.9,1.2,0.6,3
"장수군",4.3,1.7,2.6,1.3,0.6,2.4,4.4,1.6,2.8,1.4,0.5,2.5,3.8,1.5,2.3,1.4,0.5,1.8,3.7,1.3,2.4,1.2,0.5,2,3.7,1.4,2.3,1.2,0.4,2.1,3.7,1.6,2.1,1.2,0.4,2.1,3.5,1.4,2,1.1,0.4,2,4.2,2,2.2,1.1,0.4,2.6,3.9,1.7,2.2,1,0.5,2.4,3.9,1.7,2.1,1.1,0.4,2.4,3.7,1.6,2.1,1.1,0.3,2.3,3.8,1.6,2.3,1,0.4,2.5,4.2,1.8,2.5,1,0.5,2.8,4.5,2,2.6,1.1,0.5,2.9
"임실군",7.3,2.7,4.6,1.7,0.9,4.7,6.6,2.4,4.2,1.5,0.9,4.2,6.3,2.2,4.1,1.4,0.8,4,6.3,2.4,3.9,1.5,0.9,4,6.1,2.4,3.7,1.3,0.9,3.9,5.6,2.2,3.4,1.2,0.7,3.7,6.1,2.5,3.6,1.3,0.7,4.1,6.1,2.4,3.6,1,0.7,4.4,6.5,2.3,4.1,1,0.7,4.7,6.5,2.4,4.1,1.1,0.7,4.7,5.9,2.2,3.7,0.9,0.6,4.4,6.5,2.5,4,0.9,0.7,4.9,6.1,2.2,3.9,0.9,0.6,4.6,6.1,2.4,3.7,1,0.7,4.4
"순창군",7.2,2.2,5,1.6,0.7,4.9,7,2.2,4.8,1.4,0.7,4.8,7.9,2.4,5.5,1.6,0.8,5.5,7.4,2.3,5.2,1.4,0.9,5.2,6.7,2.3,4.4,1.3,0.8,4.6,6.1,2,4.1,1.2,0.7,4.2,5.9,2,3.9,1.3,0.6,4,6.3,2.5,3.8,1.4,0.8,4.1,6.2,2.2,4,1.7,0.7,3.8,6.2,2.2,4,1.8,0.7,3.7,6.2,2.3,3.9,1.7,0.8,3.7,6.4,2.5,3.9,1.9,0.8,3.6,6.2,2.4,3.8,1.7,0.9,3.7,6.2,2.5,3.6,1.7,0.9,3.6
"고창군",15.8,5.4,10.4,3.5,1.7,10.7,15.7,5.2,10.5,3.6,1.8,10.3,16,5.6,10.4,3.9,2.1,10,15.2,5.3,9.8,3.6,1.9,9.7,14.6,5.1,9.5,3.2,2,9.4,14.2,5.3,8.9,3,1.9,9.2,13.7,4.9,8.8,2.9,1.9,8.9,13.4,5.3,8.1,2.5,1.3,9.7,13.2,5.3,7.9,2.6,1.1,9.5,13.6,5.7,8,2.7,1.2,9.8,13,5.3,7.7,2.4,1.1,9.5,13.1,5.3,7.8,2.4,1.3,9.4,13.2,5.6,7.7,2.8,1.1,9.3,13,5.4,7.6,2.6,1.5,8.9
"부안군",13.6,5,8.6,3.1,1.7,8.8,12.8,4.8,8,2.9,2,8,13.6,5.2,8.4,2.6,2.2,8.7,12,4.7,7.2,2.5,1.7,7.7,12.7,5.2,7.5,2.7,1.8,8.2,12.5,5.2,7.3,2.9,1.6,7.9,11.9,5.1,6.7,2.5,1.4,8,11.6,4.7,6.9,2,1.3,8.3,11.3,4.4,7,1.9,1.2,8.3,11,4.3,6.7,1.9,1.4,7.7,10.6,4.2,6.5,1.7,1.4,7.5,10.7,4.2,6.5,1.8,1.3,7.6,10.3,4.3,6.1,1.7,1.1,7.6,10.8,4.3,6.6,1.6,1.2,8.1
"목포시",81.8,30.3,51.4,28,14.1,39.7,79.9,29.2,50.7,27.2,13.4,39.3,83.2,31.4,51.8,26.2,14.1,42.9,77.7,30.3,47.4,24.4,12.1,41.2,79.8,30,49.8,24,13.9,41.9,79.2,31.1,48.1,24.6,14.7,39.9,77,29.8,47.2,22.8,13.1,41.1,77.6,29,48.6,21.1,14,42.6,72.5,28.5,44,20.5,11.7,40.3,70,27,43,19.7,10.8,39.5,73,29.1,43.9,20.4,10.9,41.7,72.7,29.4,43.3,21,10.4,41.3,73.6,30.7,42.9,21,9.6,43,75.6,31,44.7,20.3,10.7,44.7
"여수시",82.8,29.1,53.7,23.6,18.2,40.9,84.8,28.9,55.9,22.1,18.5,44.2,86.8,29.6,57.2,22.7,18.6,45.6,81,28.3,52.7,21.8,16.4,42.8,83.9,30,53.9,23.6,16.3,44,80.4,28.5,51.9,20.8,15.6,44,80.8,28.6,52.2,20.7,15.2,44.9,83.3,31.9,51.3,18.4,14.4,50.5,84.5,32.4,52,18.9,14.6,51.1,83.2,31.6,51.6,19,13.1,51.1,80.4,30.3,50.1,16.3,12,52.1,77.5,29.6,47.9,15.8,11.5,50.2,78.9,31.5,47.4,16.1,13.3,49.5,79.6,32.6,47,15.7,11.6,52.3
"순천시",85.7,29.8,55.9,28,17.6,40.1,83.1,28.8,54.3,27.6,16.8,38.7,88.2,31.4,56.7,28.1,18.1,41.9,85.4,31.2,54.2,28.3,15.4,41.7,83.3,31.2,52.1,28.3,15.1,39.8,82,31.3,50.7,28.6,14.9,38.5,82.8,30,52.8,27,15,40.8,81.3,29,52.4,23,13.7,44.6,81.5,29.1,52.4,24.3,12.6,44.6,80.2,29.3,50.9,23,11.9,45.3,81.2,29.1,52.1,23.4,11.7,46.1,82.9,29.1,53.8,22.9,12.2,47.8,82.8,28.6,54.1,21.4,12.8,48.6,86.6,31.8,54.8,22.4,12.5,51.8
"나주시",31.4,11.6,19.9,10.5,5.8,15.1,30.4,11.7,18.7,11,5.1,14.3,32.8,12.4,20.4,11.7,5.9,15.2,31.4,11.6,19.8,11.9,5.1,14.4,30.5,11.7,18.8,11.3,5.1,14.2,30.4,11.4,19,10.1,5.6,14.7,31.7,11.4,20.4,10.5,4.8,16.4,33.3,11.4,21.8,10.4,5.8,17.1,33.2,12.6,20.6,11,5.7,16.6,31.6,11.7,19.9,10.7,5.2,15.7,31.6,12.5,19.1,11.1,4.4,16.1,31.2,12.7,18.5,11.5,4.5,15.2,32,12.8,19.1,11.9,4.5,15.6,31.9,12.5,19.4,12.3,4.4,15.2
"광양시",41.9,13,28.8,13.8,10.3,17.8,40.9,13,28,13.5,9.3,18,42.7,13.5,29.2,13.3,9.7,19.7,40.2,12.9,27.3,12.2,8.7,19.3,40.3,12.6,27.7,12.3,8.9,19.1,40.1,13.2,26.9,12.2,8.9,19,39.7,11.7,28,11.3,9,19.4,39.2,13.6,25.6,12.1,8.2,19,39,13.9,25,11.8,7.5,19.6,38.2,12.7,25.5,10.8,7.4,20.1,37.4,12.4,25,10.1,6.7,20.5,39.6,13.5,26.1,10.5,7.9,21.1,37.3,12.8,24.5,9.9,6.6,20.8,39.3,14,25.3,10.5,7.2,21.6
"담양군",12.7,4.5,8.2,4,1.5,7.2,12.4,4.2,8.2,3.7,1.3,7.3,13.4,4.8,8.6,4.4,1.6,7.4,12.8,4.8,8,4.1,1.5,7.2,13.2,5.1,8.1,4.6,1.6,7,12.1,4.3,7.8,3.9,1.8,6.4,12.8,5.1,7.7,3.9,1.6,7.2,13,5.4,7.5,3.5,1,8.6,12.7,5,7.7,3.5,1.2,8.1,12.3,5,7.3,3.5,1,7.7,12,4.8,7.2,3.4,1.1,7.6,12.2,5.1,7.1,3.3,1,7.9,12.3,4.8,7.5,3.1,0.8,8.4,13.3,5.6,7.7,3.9,0.9,8.4
"곡성군",7.8,2.6,5.2,2.8,0.7,4.3,8,2.7,5.3,3.2,0.9,4,8.7,3.3,5.4,3.3,0.8,4.7,7.5,2.7,4.7,2.6,0.6,4.3,7.7,2.7,5,2.7,0.7,4.3,7.3,2.9,4.5,2.7,0.5,4.1,7,2.6,4.3,2.5,0.4,4.1,7.5,3.2,4.3,2.7,0.8,4,7,3.1,3.9,2.5,0.8,3.7,6.4,2.7,3.7,2.3,0.6,3.6,6.8,2.8,4,2.3,0.6,3.8,6.5,2.7,3.9,2.3,0.6,3.7,6.4,2.6,3.7,2.1,0.5,3.8,6.8,2.8,4,2.2,0.8,3.8
"구례군",6.9,2.7,4.2,1.3,0.7,4.9,6.8,2.7,4.1,1.2,0.8,4.7,7,2.9,4.1,1.4,0.8,4.8,6.4,2.5,3.8,1.1,0.7,4.5,6.1,2.4,3.7,1,0.6,4.5,6,2.5,3.5,1,0.5,4.5,6.5,2.8,3.7,1,0.7,4.8,5.4,2.1,3.3,0.8,0.5,4.1,5.5,2.1,3.4,0.8,0.4,4.3,5.2,2,3.2,0.7,0.4,4.1,5.2,2,3.2,0.7,0.4,4.1,5.2,2,3.2,0.7,0.4,4.1,5.1,2,3.1,0.8,0.3,4,6.1,2.5,3.6,0.9,0.4,4.8
"고흥군",13.3,4.4,8.9,2.2,1.2,9.9,13.8,4.7,9,2,1.4,10.3,13.6,5.1,8.5,1.8,1.4,10.4,12.6,4.1,8.6,1.7,1.6,9.3,12.9,4.7,8.2,1.8,1.1,10,12.8,4.7,8.2,2,1.2,9.7,12.7,4.7,7.9,1.8,1.3,9.6,14,5.4,8.6,1.4,1.4,11.1,14,5.5,8.4,1.7,1.3,10.9,13.8,5.4,8.4,1.5,1.2,11.1,13.6,5.5,8,1.8,1.3,10.5,12.7,4.7,7.9,1.3,0.8,10.7,13.7,5.7,8,1.3,0.7,11.7,14.7,5.7,9,1.2,0.9,12.6
"보성군",10.4,4,6.4,2,1.2,7.2,10.3,3.9,6.4,2.1,1.2,7.1,9.9,3.5,6.4,2.1,0.5,7.2,9,3.1,5.9,1.8,0.7,6.4,9.1,3.2,5.9,2,0.7,6.4,8.7,3.2,5.5,2,0.6,6.2,8.7,3.2,5.5,1.7,0.6,6.4,8.1,3.3,4.8,1.7,0.7,5.7,8.1,3.3,4.8,1.7,0.5,5.9,8,3.3,4.7,1.6,0.5,5.8,7.4,2.9,4.6,1.4,0.4,5.6,7.8,3.2,4.6,1.5,0.5,5.8,7.3,2.9,4.4,1.3,0.5,5.4,7.7,3.1,4.6,1.4,0.8,5.4
"화순군",18.8,7.2,11.7,5.9,2.7,10.2,18,6.7,11.2,5.4,2.5,10.1,19,7.3,11.7,5.8,2.5,10.7,18.6,7.2,11.4,5.5,2.9,10.1,18.3,6.9,11.4,5.3,2.8,10.2,18.2,7,11.2,5.2,2.9,10.1,17.2,6.9,10.3,5.2,2.3,9.7,17.3,7,10.2,4.6,1.9,10.7,17.7,7.3,10.3,5.1,2.1,10.5,17.6,7.3,10.3,4.6,2.1,10.8,17.2,7.1,10.1,4.6,2.2,10.4,17.1,7.2,9.9,4.1,2.2,10.8,17,7.2,9.8,4.1,2.2,10.8,17.7,7.6,10.1,4.1,2.2,11.4
"장흥군",9.8,3.6,6.3,2.1,1,6.7,8.7,3.1,5.7,1.6,0.9,6.2,9.8,3.6,6.2,2,1,6.8,8.9,3.5,5.4,1.8,1.1,6,8.2,2.9,5.3,1.6,0.7,5.9,7.9,3.1,4.8,1.6,0.5,5.8,8,3.2,4.8,1.3,0.6,6.1,7.7,3.1,4.6,1.3,0.7,5.8,7.8,3.1,4.7,1.2,0.8,5.8,7.5,3,4.5,1,0.8,5.7,7.4,2.8,4.6,0.9,0.7,5.8,6.5,2.3,4.2,0.8,0.4,5.3,6.9,2.4,4.6,0.9,0.6,5.4,7.6,3.2,4.5,0.9,0.6,6.1
"강진군",8.5,3.2,5.3,1.9,0.7,5.9,8.5,3.3,5.2,1.9,0.6,6,8.8,3.3,5.5,1.7,0.8,6.3,8.5,3.4,5.1,1.6,0.7,6.2,8.1,3.4,4.7,1.7,0.6,5.8,7.9,3.1,4.8,1.6,0.6,5.8,8.2,3.2,5,1.4,0.7,6,8.5,3.5,4.9,1.6,0.6,6.3,8.9,3.7,5.2,1.6,0.6,6.7,8.2,3.3,4.9,1.4,0.5,6.3,8.7,3.3,5.4,1.3,0.5,6.8,8,3.2,4.9,1.3,0.6,6.2,7.9,3.1,4.8,1.3,0.7,5.9,7.1,2.9,4.2,1.2,0.4,5.5
"해남군",14.8,5.1,9.7,3.7,1.5,9.6,13.9,4.6,9.3,3,1.6,9.3,14.2,4.7,9.6,3,1.6,9.7,14,4.8,9.2,2.8,1.5,9.7,14.3,5.2,9.1,3,1.6,9.7,13.9,5.1,8.7,2.7,1.7,9.5,13.3,4.8,8.5,2.5,1.2,9.5,15.6,6.1,9.5,2.7,1.8,11.1,13.1,4.5,8.7,2,1.5,9.6,14.3,5.3,9,2.5,1.6,10.2,13.5,4.9,8.6,2.2,1.3,9.9,13.3,4.6,8.8,2.2,1.3,9.8,12.3,4.7,7.6,2,1.1,9.3,12.4,4.7,7.7,1.9,1.1,9.5
"영암군",17.1,6.1,11,5.7,2.5,8.8,17.1,6.5,10.7,5.6,2.7,8.8,16.2,5.9,10.4,5.7,2.4,8.2,15.9,6.1,9.7,5.7,2.6,7.5,14.8,5.5,9.3,4.7,2.1,8,14.9,5.7,9.2,4.5,2.2,8.1,14.2,5.2,9,4.6,1.9,7.7,14.2,5.5,8.7,4.2,2.4,7.6,14.3,5.4,8.9,4.3,1.9,8.1,14.9,5.3,9.6,4.9,2.5,7.5,15,5.4,9.6,4.9,2.2,7.8,14.1,5.1,9,3.9,2.6,7.6,13.8,5.2,8.6,3.7,2,8,14.6,5.9,8.7,3.9,2.1,8.5
"무안군",25.1,10.4,14.7,10.9,3.8,10.3,25.2,10.1,15.1,10.8,4.1,10.3,26.2,11.1,15.1,11,4.7,10.6,27.8,11.9,15.9,11.8,4.9,11.1,29.1,12.1,17,12.3,5.7,11.1,30.7,12.4,18.3,12.9,6.2,11.5,28.4,11.7,16.6,13.1,4.6,10.7,27.9,11.4,16.6,12.4,5,10.5,27.2,10.6,16.7,12.3,4,10.9,27.2,10.8,16.5,13.2,4,10,26.3,10,16.3,11.9,3.8,10.5,26,10.2,15.8,12,3.8,10.2,27.2,11.2,16,12,4.2,11,27.9,11.4,16.5,12.5,4.2,11.1
"함평군",8.1,2.9,5.2,2,0.6,5.5,8.7,3.3,5.5,2.1,0.8,5.8,9.1,3.4,5.7,2.2,0.9,6,8.2,2.9,5.3,1.8,0.7,5.7,7.8,2.8,5,1.6,0.7,5.5,7.5,2.9,4.6,1.7,0.6,5.2,7.3,2.7,4.6,1.5,0.6,5.2,7.7,2.9,4.8,1.6,0.5,5.6,7,2.6,4.4,1.4,0.6,4.9,6.7,2.6,4.1,1.5,0.6,4.6,7,3,3.9,1.5,0.8,4.7,6.8,2.7,4.2,1.3,0.6,4.9,7.3,3,4.3,1.3,0.6,5.3,7.4,3.1,4.3,1.5,0.8,5.2
"영광군",13.7,4.5,9.2,3.3,2.1,8.3,13.3,4.3,9,3.2,2.2,8,13.4,4.4,9,3.1,2,8.3,12.5,4.6,7.9,3.1,2,7.4,12.8,4.7,8.1,3.1,2.1,7.7,12.1,4.4,7.7,2.9,2,7.2,12.7,4.4,8.3,2.5,1.8,8.3,13.5,5.3,8.2,3,1.7,8.9,13.1,4.9,8.2,3,1.3,8.7,13.1,4.9,8.2,3,1.3,8.9,12.6,4.8,7.9,2.6,1.5,8.5,13.8,5.4,8.4,2.9,1.6,9.3,14.2,5.7,8.5,3.1,1.9,9.2,13.7,5.3,8.3,3.1,1.8,8.7
"장성군",11.4,4.4,7,3,1.6,6.8,10.6,4,6.6,2.9,1.4,6.4,11,4.1,6.9,3.1,1.4,6.4,11,4.2,6.8,3.1,1.3,6.6,10.6,4.2,6.5,3,1.2,6.5,10.5,4.3,6.2,3.1,1.2,6.3,10.4,4.1,6.3,2.6,1.2,6.5,10.9,4.1,6.7,2.6,1.5,6.8,11.2,4,7.2,2.7,1.5,7,10.8,3.9,6.9,2.7,1.5,6.6,10.4,3.9,6.5,2.6,1.4,6.4,10.8,4.2,6.6,2.6,1.4,6.8,11.1,4.2,6.8,2.6,1.4,7.1,11,4.3,6.7,3,1.3,6.7
"완도군",13.3,5,8.3,2.4,1.8,9.1,12.9,4.9,7.9,2.1,1.8,8.9,13.3,5.3,8.1,2,1.7,9.6,12.8,5.1,7.7,1.9,1.8,9.1,13.3,5,8.3,2,2,9.4,13.3,5.1,8.2,1.7,1.6,10,12.9,4.8,8.1,1.5,1.7,9.7,11.8,5,6.9,1.6,1.6,8.7,12.1,5.1,7.1,1.5,1.6,9,11.8,5.1,6.7,1.8,1.6,8.3,10.9,4.7,6.2,1.4,1.7,7.8,10.7,4.4,6.2,1.1,1.7,7.8,10.8,4.5,6.3,1.3,1.6,7.9,10.5,4.5,6.1,1.3,1.4,7.8
"진도군",7.6,2.8,4.8,1.4,0.9,5.2,7.4,2.5,4.8,1.3,0.9,5.2,7.5,2.7,4.8,1.2,1,5.2,7,2.6,4.3,1.2,1,4.8,6.7,2.6,4.1,1.3,0.8,4.6,6.5,2.6,3.9,1.1,0.9,4.5,6,2.4,3.6,1.1,0.7,4.2,5.8,2.5,3.4,1.2,0.7,4,5.5,2.3,3.2,1,0.8,3.7,5.6,2.4,3.2,1.1,0.9,3.6,5.4,2.3,3.1,1,0.9,3.5,5.7,2.3,3.4,0.9,0.8,3.9,5.4,2.3,3.1,0.9,0.9,3.6,5.8,2.6,3.2,1,0.8,4.1
"신안군",6.8,2.2,4.6,1.1,0.6,5.1,6.9,2.2,4.7,1.1,0.6,5.2,7,2.6,4.5,1.1,0.8,5.2,6.6,2.4,4.2,1,0.7,4.9,6.4,2.3,4.1,0.7,0.6,5.1,6.2,1.9,4.3,0.5,0.6,5.2,6.1,2.1,4,0.4,0.5,5.2,6.2,2.4,3.8,0.4,0.5,5.3,6.1,2.5,3.6,0.6,0.5,5,5.8,2.4,3.4,0.6,0.5,4.8,6.1,2.5,3.6,0.6,0.7,4.9,6.2,2.4,3.7,0.6,0.5,5.1,5.8,2.2,3.6,0.7,0.4,4.7,6.4,2.4,4,0.9,0.5,5
"포항시",157.8,53.2,104.5,41,30.5,86.3,155.7,50.4,105.3,40.7,27.4,87.6,174.8,59.2,115.6,45.4,31.3,98.1,171.1,59.1,111.9,45.8,29.2,96.1,171.4,60.1,111.4,42.9,32.9,95.7,172.5,59.7,112.8,42.6,32,97.8,169.3,61.9,107.4,40.8,28.7,99.9,170.8,60.5,110.4,39.1,31,100.8,169.8,60.4,109.4,38.8,28.5,102.4,167.8,60.2,107.6,35.2,28.6,104,163.8,59.7,104.1,31.3,26,106.4,164.8,58.1,106.7,30.7,25.7,108.4,164.7,59.4,105.3,29.8,25.1,109.8,163.9,62.5,101.5,30.8,24.1,109
"경주시",86,29.8,56.2,25.3,13.6,47.1,83.1,29.2,53.9,23.3,12.9,46.9,90.8,32.5,58.3,26.6,15.2,49,84.9,29.9,55.1,23.4,15.1,46.5,87.4,31.2,56.2,24.8,13.2,49.4,85,30.9,54.2,22.8,12.8,49.4,86.6,30.9,55.7,22.9,13.2,50.5,87.5,32,55.5,18.9,13.1,55.5,88.3,31.7,56.6,20.3,13.2,54.8,88.2,32.7,55.4,20.3,12.5,55.3,83.8,30.8,53,18.2,11.2,54.4,85.1,32.1,52.9,19.2,9.9,56,85.1,33.8,51.3,19.3,10.2,55.6,81.7,32.8,49,17.6,9.9,54.2
"김천시",47.5,16.9,30.6,14.7,8.5,24.4,47.1,16.4,30.7,14.1,8.8,24.2,47.1,17.2,29.9,14.7,8.7,23.7,45.3,17.4,27.8,14.4,8.5,22.5,43.7,17.3,26.4,13.2,8.3,22.1,41.3,15.4,25.9,12.2,7,22.1,40.6,14.5,26.1,11.8,7.1,21.8,42.3,14.9,27.4,11.2,6.8,24.2,40.5,14.6,26,12,5.5,23,40.2,14.7,25.5,11.8,6.2,22.3,41.1,15.1,26,12.2,5.7,23.2,41.8,15.5,26.3,11,6.3,24.4,39.4,14.6,24.8,10.4,5.3,23.7,41.5,15.9,25.6,10.8,6.3,24.4
"안동시",53.1,19.9,33.3,17.1,7.9,28.1,52.2,21.2,31,17.5,7,27.6,55,21.7,33.3,18.6,8.3,28.1,53.7,20.7,33,18.3,8,27.5,53.2,21,32.2,17.8,7.8,27.5,52.5,20.4,32.1,17.1,8.3,27.1,54.9,20.5,34.4,17.7,8,29.1,53.7,20.9,32.8,16.4,6.9,30.4,51.3,20.1,31.2,13.8,6.8,30.7,49.6,19.6,30,13.9,6.2,29.6,49.7,19.5,30.2,14.1,6.3,29.2,53.8,22.4,31.4,16.2,6.6,31,52.5,21.5,31,16.1,6.4,30.1,53.7,22.9,30.8,16.4,6.6,30.7
"구미시",124.4,41.4,83,45.2,33.6,45.6,125.2,43.2,82,43.4,34.7,47.1,132.6,46.6,86.1,48.4,35.6,48.6,128.6,48.2,80.4,44.4,33,51.1,129.8,47.3,82.5,44.1,33.8,51.9,131.5,48.5,82.9,43.6,34.1,53.8,122.2,44.8,77.5,39.3,32.8,50.2,127.9,44.3,83.6,41,34.4,52.5,127.3,42.9,84.4,41.5,31.7,54.1,129.2,48.2,81,43.2,31.3,54.7,126.4,46.6,79.8,38.4,31.6,56.4,124.8,47,77.8,39.1,28.1,57.6,124.6,46.9,77.7,38.2,27,59.4,124.5,49.7,74.8,38,25,61.5
"영주시",38.3,14.9,23.4,11.4,4.5,22.3,37.7,15.1,22.6,11.2,4.7,21.9,41.2,16.4,24.8,12.3,4.6,24.2,38.7,15.7,23,11.3,4.7,22.8,37.5,14.7,22.9,10.9,4.4,22.2,36.4,14.9,21.5,10.2,4.1,22.1,36.6,14.6,22,10.2,3.7,22.7,34.2,12.6,21.6,9.3,4.6,20.3,33.7,12.6,21.1,9.1,4.3,20.3,34,12.8,21.3,9.2,4.1,20.7,34.6,13,21.5,9.8,3.8,20.9,34.2,13,21.1,8.8,3.8,21.6,34,12.9,21.2,8.6,3.7,21.8,33.7,13.1,20.7,9,3.5,21.3
"영천시",27.5,9.9,17.7,6.9,4.4,16.3,27.2,9.9,17.3,7.1,4,16.1,28.8,10.7,18.1,6.8,4.5,17.5,28.5,11.3,17.2,6.8,4.8,17,29.6,11.8,17.9,6.8,5.1,17.7,28.1,10.6,17.5,6.5,4.1,17.4,29.6,11.4,18.2,7.4,4.1,18.1,29.2,11.2,18,5,4.7,19.5,28.2,11.4,16.8,5.1,4.7,18.3,27.2,10.5,16.8,4.9,4.1,18.2,28,11.4,16.6,5.1,4.5,18.4,29.1,11.8,17.2,5.5,4.7,18.9,26.1,10.5,15.6,4,3.9,18.2,27.5,11.6,16,4.4,4.1,19.1
"상주시",29.3,10,19.4,7,3.4,19,28.4,9.3,19.1,7.4,3.7,17.2,31.9,11.5,20.4,8.9,3.6,19.4,29.3,10.8,18.5,8.1,3.6,17.6,28.6,10.3,18.3,7.7,3.3,17.5,27.6,10,17.6,7.4,3.5,16.7,28.6,10.6,17.9,6.8,3.7,18.1,27.1,10.2,16.9,6.8,3,17.3,28.2,10.7,17.5,8.2,3,17,26.9,10.3,16.6,7.5,2.6,16.7,27.2,10.5,16.7,7.6,2.1,17.5,26.5,10.9,15.6,7.2,3.1,16.1,26,10.4,15.6,6.8,2.3,16.8,24.4,9.3,15,7,2.4,14.9
"문경시",22.2,8.3,13.9,4.7,2.6,15,22.8,8.4,14.4,4.8,2.8,15.1,22.7,8,14.7,5.4,2.8,14.5,22.2,7.7,14.5,5,2.5,14.8,22.7,8.3,14.4,5.2,2.6,14.9,23.5,8.8,14.7,5,3,15.5,24.3,9,15.3,5.5,2.6,16.1,21.4,8,13.4,4.2,2.6,14.7,20.8,7.8,13,3.9,2.3,14.5,20.6,7.8,12.9,3.9,2.2,14.5,20.2,7.4,12.8,3.4,2.3,14.5,19.3,7.1,12.2,3.3,2.2,13.7,19.1,7.1,12,3.1,1.6,14.4,19.7,7.2,12.6,3.1,2.1,14.5
"경산시",99.6,35.6,64,38.8,18.2,42.6,99.6,37.9,61.7,41.4,16.6,41.7,110.6,44.4,66.3,46.3,19,45.4,105.6,41.1,64.5,45,19.2,41.4,103.5,40.6,62.9,43,18,42.5,106.2,41.3,64.9,43.3,18.3,44.5,106.8,43,63.8,41.9,17.7,47.3,104.2,41.2,63.1,41.9,15.2,47.2,105.6,42.2,63.4,42,14.7,49,107.7,43.4,64.4,45.1,14.1,48.6,106.1,45.5,60.6,41.6,14.4,50.1,104.6,44.6,60.1,43.6,11.8,49.2,106.5,46.1,60.4,41.8,13.9,50.8,111.9,48,63.9,45,15.1,51.7
"의성군",13.1,4.2,8.9,1.6,1.1,10.4,12,4.1,7.9,1.7,1.1,9.1,12.3,4.3,8,2,0.8,9.5,12.7,4.3,8.5,1.8,1.2,9.7,12.7,4.2,8.5,1.7,1.1,9.8,12,4.1,7.9,1.5,1.1,9.4,11.9,3.8,8.1,1.3,0.9,9.7,11.8,4.2,7.7,1.1,0.9,9.8,11.6,4.2,7.5,1.3,1.1,9.2,11.6,4.2,7.4,1.4,1,9.3,11.9,4.4,7.4,1.3,1,9.5,11,4.2,6.8,1.1,1,8.8,11.3,4.4,6.9,1.1,1,9.2,11,4.5,6.5,0.9,1,9.1
"청송군",5.4,1.9,3.5,0.7,0.6,4.1,5.1,1.8,3.3,0.9,0.5,3.7,5.5,2,3.5,1.1,0.6,3.8,5.2,1.9,3.2,1,0.5,3.7,4.8,1.8,3,0.8,0.4,3.5,4.3,1.6,2.7,0.7,0.4,3.2,4.2,1.5,2.7,0.7,0.3,3.2,3.9,1.6,2.3,0.6,0.3,3,3.8,1.4,2.4,0.7,0.4,2.7,3.8,1.4,2.4,0.7,0.4,2.7,4.1,1.4,2.7,0.7,0.5,3,3.7,1.3,2.4,0.7,0.4,2.6,3.8,1.4,2.3,0.5,0.4,2.9,3.9,1.5,2.4,0.5,0.4,3
"영양군",4.3,1.4,2.9,0.8,0.3,3.2,3.9,1.2,2.7,0.8,0.2,2.8,4.2,1.4,2.8,1,0.3,2.9,4.2,1.4,2.8,0.8,0.3,3,3.9,1.3,2.6,0.8,0.2,3,4,1.4,2.6,0.7,0.3,3,3.9,1.3,2.6,0.8,0.2,3,3.2,1.2,1.9,0.7,0.2,2.3,3.3,1.2,2.1,0.7,0.2,2.5,3.2,1,2.2,0.7,0.3,2.3,3.2,1,2.1,0.6,0.1,2.4,3.1,0.8,2.3,0.5,0.3,2.3,3.2,1,2.2,0.6,0.2,2.4,3.4,1.1,2.2,0.7,0.2,2.4
"영덕군",11.8,3.9,8,1.5,1.3,9,11.4,3.9,7.6,1.4,1.4,8.6,11.7,4,7.6,1.7,1.5,8.5,11.6,4.1,7.5,1.5,1.3,8.8,11.4,4.2,7.3,1.3,1.3,8.8,11,4.1,6.9,1.1,1.1,8.8,11.3,4,7.2,1.1,1.1,9.1,11.1,4.3,6.8,1.1,0.7,9.2,10.4,3.9,6.5,1.3,0.7,8.4,10.2,3.8,6.4,1.1,0.7,8.3,10.1,3.6,6.5,1,0.6,8.5,10.4,3.9,6.5,1,0.7,8.6,9.9,3.8,6.1,0.9,0.8,8.3,10.4,3.9,6.5,0.6,0.8,9
"청도군",11.5,3.8,7.7,3.1,1.1,7.3,10.8,3.6,7.2,2.5,1,7.3,11.8,3.8,8,2.6,1.4,7.7,10.6,3.7,6.9,2.5,0.8,7.4,11,3.9,7.2,2.3,1.1,7.7,10.5,3.9,6.6,2.4,0.9,7.2,10.6,3.7,6.9,2.4,0.9,7.3,9.8,3.7,6.1,2.1,0.7,7,9.5,3.5,6,2.2,0.6,6.8,8.9,2.9,5.9,2.1,0.5,6.2,9.3,3.2,6.1,1.9,0.8,6.6,9.5,3.5,6,2.1,0.7,6.7,9.4,3.2,6.3,2,0.7,6.8,9.8,3.6,6.3,2,0.9,6.9
"고령군",9.9,3.7,6.2,2,1.2,6.6,9.6,3.6,5.9,1.9,1.2,6.5,9.7,3.7,6.1,1.8,1.3,6.6,9.4,3.6,5.8,1.7,1.3,6.4,8.4,3.1,5.3,1.5,1,5.9,8.3,3.3,5,1.3,1.1,5.9,8.1,3.1,5,1.3,0.8,6.1,9.1,4,5.1,1.5,0.8,6.8,9.2,3.9,5.3,1.4,0.9,6.9,8.1,3.3,4.7,1.2,0.7,6.1,8.5,3.6,4.8,1.2,1,6.3,9.3,4.1,5.2,1.4,1,6.8,8.8,3.8,5.1,1.3,1,6.6,8.9,4,4.9,1,1.3,6.6
"성주군",10.6,3.5,7.1,1.9,1.3,7.4,10.9,4.1,6.8,1.7,1.4,7.7,11.7,4.4,7.4,2.1,1.6,8,11.1,4.1,7,1.5,1.6,8,11,3.9,7.1,1.5,1.6,7.8,10.8,3.7,7.1,1.3,1.6,8,11.2,3.9,7.3,1.2,1.6,8.3,11.8,4.6,7.2,1.2,1.4,9.2,11.4,4.2,7.1,1.5,1.3,8.5,11.1,4.3,6.9,1.4,1.2,8.5,10.1,3.7,6.4,1.3,1,7.8,10.4,3.8,6.6,1.2,0.9,8.3,10.9,4.2,6.7,1.1,0.9,8.9,10.8,4.3,6.5,1.2,0.8,8.9
"칠곡군",35.3,11.3,24,9.7,8.5,17.1,34.5,12.2,22.2,9.4,8.4,16.6,38.6,13.7,24.9,10.7,9.5,18.4,35.9,12.2,23.6,9.3,7.9,18.7,36.9,12.5,24.5,9.8,7.7,19.5,34.3,11.3,22.9,9.4,6.9,18,35.5,12.3,23.3,9.3,6.6,19.6,36.4,13.3,23.1,8.7,8.3,19.4,34.5,12.1,22.4,9,7.4,18.1,34.1,11.7,22.4,9,7.9,17.3,32.8,11.9,20.9,8.3,6.9,17.6,33.5,12.1,21.4,7.8,7.1,18.6,32.4,11.7,20.6,7.8,6.3,18.2,33.2,12.2,20.9,7.6,6.4,19.2
"예천군",13.7,4.2,9.5,3,2.3,8.3,13.4,4.3,9.1,2.8,2.3,8.4,14.3,4.7,9.6,3.1,2.4,8.8,15.4,5,10.4,3.3,3,9.1,14.4,4.8,9.6,3.4,2.1,8.9,13.8,4.7,9.1,3.4,2.3,8.1,13.4,4.7,8.8,3.3,2.3,7.8,16.1,5.7,10.4,3.2,2.8,10.1,15.6,5.4,10.2,3.1,2,10.5,15.1,5.3,9.8,3,2.1,9.9,15.2,5.1,10.1,2.8,2.2,10.2,14.8,4.8,10,2.7,2.2,10,14.5,5,9.5,2.7,1.8,10.1,13.9,4.7,9.2,2.8,1.8,9.3
"봉화군",7.7,2.7,5,1.5,1,5.2,7.6,2.7,4.9,1.5,0.9,5.2,7.8,2.9,5,1.5,0.8,5.5,7.5,2.8,4.7,1.4,0.8,5.4,7.1,2.6,4.5,1.1,0.6,5.3,7,2.5,4.5,1.1,0.7,5.2,7.1,2.6,4.4,1.1,0.7,5.3,6.2,2.2,4,0.7,0.7,4.8,6.4,2.3,4.1,0.7,0.6,5.1,6.4,2.3,4.1,0.8,0.7,4.9,6.6,2.3,4.3,0.6,0.7,5.3,6.7,2.3,4.4,0.6,0.7,5.3,6.5,2.3,4.2,0.6,0.7,5.3,6.8,2.5,4.3,0.6,0.8,5.4
"울진군",15.1,5.7,9.4,2.8,2.4,9.9,15.6,5.5,10.1,2.5,2.3,10.8,15.8,5.7,10.1,2.4,2.5,10.8,15.1,5.6,9.5,2.5,2.2,10.4,14.8,5.7,9.1,2.6,1.8,10.4,14.9,5.4,9.5,2.5,2.1,10.3,15.4,5.6,9.9,2.1,2.2,11.1,15,5.5,9.5,2.1,2,10.9,14.3,5.2,9.1,2.2,1.8,10.3,14.9,5.7,9.3,2.2,2,10.7,13.2,4.7,8.5,1.7,1.7,9.8,13.6,4.7,8.9,1.9,1.6,10.1,13.1,4.8,8.3,2.1,1.6,9.4,14.4,5.9,8.5,2,2,10.5
"울릉군",1.2,0.3,0.8,0.2,0.3,0.7,1,0.3,0.8,0.2,0.2,0.7,1.3,0.4,0.9,0.2,0.2,0.9,1.1,0.4,0.7,0.2,0.2,0.7,1.1,0.4,0.7,0.1,0.2,0.7,1,0.3,0.7,0.1,0.2,0.7,1,0.4,0.6,0.1,0.2,0.7,1.3,0.6,0.7,0.2,0.2,1,1.2,0.4,0.8,0.1,0.2,0.9,1.2,0.5,0.7,0.1,0.2,0.9,1.2,0.5,0.7,0.1,0.2,0.9,1.1,0.5,0.7,0.1,0.2,0.9,1.2,0.5,0.6,0.1,0.2,0.9,1.1,0.5,0.6,0.1,0.1,0.9
"진주시",121.2,45.2,76,44,21,56.2,124.8,47.6,77.2,44.8,23,56.9,131.7,51.8,79.8,45.6,23.6,62.5,125.2,50.3,74.9,44.4,21.1,59.7,125.3,51.2,74.1,43.6,21.2,60.6,124.7,50.8,73.9,43.8,19.7,61.2,124.6,51.6,73.1,44.9,18.4,61.4,115.1,44.3,70.8,41.6,16.2,57.4,108.5,42.6,65.9,39.1,15.1,54.3,107.1,41.6,65.5,37.8,15.2,54.2,110.2,45.3,65,39.3,15.5,55.4,110,43,67,38.8,15.7,55.4,108.4,45,63.4,37.3,14,57.1,115.7,48.7,67,40.5,14.2,61
"통영시",44,15.6,28.4,9.7,8.7,25.7,44.3,16.4,27.9,9.3,8.3,26.7,45.9,17.6,28.3,9.5,9.6,26.8,45.8,16.6,29.2,9.2,9.1,27.5,44.7,16.4,28.4,8.5,8.8,27.4,43.6,16.2,27.5,9.1,8.1,26.4,42.8,16.5,26.3,8.3,7.9,26.7,44.4,17.3,27.1,7.9,7.9,28.6,40.7,15.8,25,7.4,6.5,26.8,41.3,15.8,25.5,6.7,6.4,28.2,38.3,15.1,23.2,7.5,5.8,25.1,39.5,16.3,23.2,7.9,5.6,26.1,40.3,16.6,23.7,7.7,5.2,27.3,42.4,18.3,24,8.5,5.8,28
"사천시",32.2,10.5,21.7,7.6,6.6,18,32.8,11.3,21.4,8.1,6.5,18.2,34.2,12.9,21.3,8.6,6.9,18.7,31.7,12.2,19.5,8.5,6.4,16.7,33,12.7,20.2,8.3,7.4,17.3,33.2,12.8,20.4,8.9,6.7,17.6,32,12.7,19.3,8.3,6.6,17.1,32.7,12.7,20.1,6.9,5.9,19.9,30.4,11.7,18.7,6.6,5.6,18.2,31,11.7,19.3,7,5.1,18.9,32.1,12.2,19.9,7,5.7,19.4,32,12.2,19.7,7,5.6,19.4,32.4,12.4,20,6.8,5,20.7,33.1,12.8,20.4,7,4.6,21.5
"김해시",170.1,58.7,111.4,53.5,42.2,74.4,178.9,61.8,117.2,56.4,44.1,78.5,179.9,62.8,117.2,56.8,43.7,79.4,178.4,63.2,115.2,57.3,42.4,78.7,175.4,63.1,112.3,55.7,37.7,82,178.2,64.4,113.8,56.3,39.5,82.4,171.7,60.6,111.2,53,36.8,81.9,172.5,59.8,112.7,49.2,36.4,86.8,177,64.2,112.8,48.8,36.1,92,176.5,65.4,111.1,49.4,34,93,173.8,63.7,110.1,49.6,32,92.2,170.8,61.7,109.1,45.2,31.7,93.9,177.9,68,110,51.8,30.5,95.6,171.5,66.1,105.5,51.4,28.4,91.8
"밀양시",33.9,12.7,21.2,7.6,4.2,22.1,34.5,13.3,21.2,6.7,4.7,23,37.2,14.9,22.3,7.6,5.2,24.5,37.1,14.6,22.5,7.4,5.3,24.5,34.9,13.7,21.1,6.9,5.4,22.5,33.7,13.2,20.5,5.8,4.9,23,33.2,13.5,19.8,5.3,5,22.9,35.2,13.9,21.3,6.9,4.1,24.2,35.9,14.2,21.7,7.1,4.4,24.4,34.7,13.6,21,6.8,3.8,24,32.9,12.5,20.4,5.6,3.6,23.7,33.3,12.8,20.5,5.6,3.4,24.3,33.2,12.6,20.5,6.2,3,24,32.7,13.1,19.6,5.8,3.2,23.7
"거제시",69.9,20.4,49.6,18.1,19.9,31.9,71.3,21.1,50.2,18.2,20.9,32.3,75.9,24.6,51.3,19.9,21.3,34.7,76.7,25.2,51.4,21.6,21.5,33.6,80.7,28.1,52.6,21.6,21.9,37.1,75,25.3,49.7,19.8,20,35.2,76.3,26.3,50,19.9,20.6,35.8,72.8,24.9,47.9,17.9,18,36.9,68.6,25.3,43.3,17.5,15.9,35.1,66.1,22.4,43.7,16.4,15.2,34.5,65,24.2,40.8,18.3,13.9,32.9,65.1,23.6,41.5,18.7,12.9,33.5,66.9,23.5,43.5,19.1,13.2,34.7,69.6,25.7,43.9,19.7,13.2,36.7
"양산시",111.2,37.8,73.4,34,23.8,53.4,115.6,38.7,76.9,33.8,26.2,55.6,120.1,41.1,79.1,35.8,26.9,57.4,118.2,41,77.3,35,27.6,55.7,123,44.3,78.7,34.8,29.3,59,122.8,43.2,79.7,33.3,28.9,60.6,121.1,41.6,79.5,33,26.9,61.2,123.1,40.3,82.8,31.1,27.2,64.8,119.4,40,79.4,30.7,25,63.7,118.9,41.5,77.3,32.5,22.1,64.2,117.8,41.7,76.1,31.1,20.1,66.6,121.3,43,78.3,32.4,22.3,66.6,121.8,44.4,77.4,31.4,22.8,67.6,117.3,42.1,75.3,28.9,21.7,66.8
"창원시",324.7,118.1,206.6,95,62.2,167.5,332.3,115.7,216.6,90.1,65.2,177,364.8,129.6,235.3,98,75.1,191.7,344.5,123.3,221.2,90.7,68.4,185.4,339.4,123.9,215.5,89,67.9,182.5,344.9,127.2,217.7,89,69.1,186.8,344.7,125,219.7,85.4,66.5,192.8,329.7,128.2,201.5,85,57.8,186.9,335.3,122.9,212.4,84.5,59.9,190.9,319.2,116,203.3,83.9,53.3,182,330.6,119.3,211.3,80,55.2,195.4,334.1,127.3,206.7,82,53.8,198.3,321,119.6,201.4,78.2,48.6,194.2,313.7,112.5,201.2,74.6,48.3,190.8
"의령군",7,2.6,4.4,0.9,0.6,5.5,8,2.8,5.2,1.4,0.8,5.7,7.1,2.4,4.7,1.3,0.6,5.2,7.4,2.7,4.7,1.3,0.6,5.5,7.2,2.7,4.5,1.2,0.5,5.5,7,2.9,4.1,1,0.5,5.5,7.1,2.8,4.3,0.8,0.7,5.5,7,3,4,1,0.8,5.1,6.4,2.6,3.8,0.9,0.8,4.7,6.3,2.4,3.9,1,0.6,4.7,6.4,2.5,3.9,1,0.6,4.9,5.7,2.1,3.6,0.7,0.5,4.5,6.5,2.2,4.3,0.8,0.6,5.2,6.7,2.6,4,1.1,0.5,5
"함안군",22.3,8.5,13.8,5.6,3.6,13.2,22.1,9,13.1,5.8,3.6,12.7,21.7,8.4,13.2,5.2,3.4,13.1,21.1,8.2,12.9,5.1,3.1,12.9,20.1,7.5,12.6,4.8,3.5,11.9,18.8,7.1,11.8,4.3,2.9,11.7,19.1,6.8,12.3,4.1,3,12,20.2,7.6,12.6,4.3,2.6,13.3,19.5,7,12.4,4.3,2.4,12.7,18.8,7.2,11.6,4.5,2.3,12,18.4,7.2,11.1,4,2.5,11.9,18.3,7.3,11,3.9,2.1,12.3,18.7,7.9,10.8,4.1,2,12.7,18.8,8,10.8,4.4,2.3,12.1
"창녕군",18.1,6.3,11.8,3.5,2.2,12.4,18.1,6.5,11.6,3.5,2,12.6,18.9,6.8,12.1,3.8,2.1,13,19.1,7.4,11.7,3.8,1.9,13.4,17.6,6.9,10.7,3.8,1.9,11.8,16.6,6.5,10.1,2.8,1.8,12,16.5,6.4,10.1,2.7,1.7,12.1,18.1,7.3,10.8,3.2,1.8,13,17.6,7,10.6,3.2,1.8,12.6,16.8,6.6,10.2,2.8,1.7,12.4,15.9,5.7,10.2,2.9,1.4,11.6,16.5,6,10.5,2.7,1.8,12,16,6,10,2.7,1.5,11.8,16.2,6.3,9.9,2.9,1.2,12.1
"고성군",15.5,6.1,9.4,3.8,2,9.7,15.8,6.5,9.3,4.1,2,9.8,15.1,6.1,9,3.7,1.9,9.5,14.3,5.4,9,3.4,1.4,9.6,14.1,5.7,8.4,3.5,1.5,9.1,13.8,5.7,8.1,3.6,1.3,8.8,14.1,5.7,8.5,3.3,1.4,9.5,14.5,5.5,9,3.3,1.4,9.7,14.6,5.9,8.6,3.6,1.6,9.4,13.3,5.2,8,3.4,1.4,8.4,13.1,5.1,7.9,3.2,1,8.9,13,5.3,7.8,3.1,0.9,9,13.1,5.4,7.6,3.1,0.9,9,13.9,5.8,8.1,3.2,1,9.7
"남해군",12.4,4.8,7.6,2.9,1.2,8.3,12.8,5,7.8,3,1.3,8.5,13,5.2,7.8,3.1,1.4,8.5,12.3,4.8,7.4,2.7,1.3,8.3,12.5,5,7.5,2.8,1.5,8.2,12,5,7,2.8,1.1,8,12,5,7.1,2.8,1.3,8,11.6,4.7,6.9,2.5,1.1,8,9.6,4.1,5.5,2.6,0.7,6.4,9.8,4.2,5.6,2.3,0.8,6.7,10.5,4.4,6.1,2.4,0.8,7.4,10.5,4.4,6.1,2.3,0.9,7.3,11,4.8,6.1,2.6,0.9,7.5,10.4,4.6,5.7,2.3,0.8,7.2
"하동군",11.2,4.1,7.1,2,1.4,7.8,10.8,4,6.8,1.9,1.4,7.5,10.5,4.3,6.2,1.8,1.2,7.4,10.5,4.1,6.4,1.6,1.1,7.8,10.1,3.8,6.3,1.3,1.1,7.7,10.2,4,6.2,1.4,1.1,7.7,9.6,3.6,6,1.3,1,7.3,9.4,3.5,5.9,1,0.8,7.6,8.7,3.5,5.2,1.2,0.9,6.5,8.5,3.2,5.3,1.1,1,6.4,7.9,3.1,4.9,1,0.9,6,7.3,2.7,4.7,0.8,0.7,5.9,7.7,2.8,4.9,0.9,0.5,6.3,8.7,3.5,5.2,0.8,0.7,7.2
"산청군",9,3.4,5.6,1.8,1.1,6.1,9.1,3.2,5.9,1.7,1.3,6.1,9.2,3.3,5.9,1.6,1,6.6,8,3,5,1.6,0.9,5.6,8,3,5,1.6,0.9,5.5,7.5,2.8,4.7,1.6,0.7,5.2,7.5,2.9,4.7,1.7,0.7,5.2,8,3.1,4.9,1.6,0.7,5.7,7.3,2.8,4.5,1.5,0.7,5.1,7.5,2.9,4.6,1.4,1,5.1,7,2.5,4.5,1.3,0.9,4.8,7,2.8,4.2,1.2,0.9,4.9,7.5,3,4.5,1.3,1,5.3,8.2,3.5,4.7,1.3,1.1,5.8
"함양군",11.9,4.4,7.4,2.7,1.2,8,11.6,4.3,7.2,2.6,1.3,7.7,10.8,4,6.8,2.2,1.2,7.5,10.6,3.8,6.8,2.1,1.3,7.2,10.7,3.9,6.8,2,1,7.7,10.7,4.1,6.5,2,1.4,7.2,10.3,3.9,6.3,2.1,1,7.1,10,4.2,5.8,1.9,1.2,6.9,9.2,3.5,5.7,1.9,0.8,6.5,8.8,3.2,5.6,1.8,0.7,6.2,8.8,3.2,5.6,1.7,0.9,6.2,9.8,3.9,5.9,1.6,1,7.1,9.5,3.9,5.7,1.7,0.8,7,10.4,4.3,6,1.7,0.8,7.9
"거창군",18.5,7.5,11,6.2,2,10.3,17.5,7.1,10.4,5.8,1.9,9.9,17.1,6.8,10.3,5.6,1.4,10,16.3,6.7,9.7,5.3,1.5,9.5,17.1,7,10.1,5.8,1.6,9.7,16.5,7,9.6,5,1.6,9.9,17.4,7.7,9.8,6,1,10.4,16.4,7,9.4,5.3,2.1,9,16.4,7.2,9.2,5.9,2.2,8.3,16.7,7.1,9.6,5.5,1.8,9.3,16.6,6.7,10,5.5,1.7,9.5,17.3,7.3,10,5.6,1.9,9.8,16.3,6.6,9.7,5.2,1.6,9.6,16.6,7.2,9.4,5.3,1.5,9.8
"합천군",12.7,4.1,8.7,1.9,1.3,9.6,12.9,4.3,8.6,2,1.3,9.7,13.3,4.6,8.6,2,1.6,9.7,11.6,3.9,7.7,1.5,1.2,8.9,12.2,4.3,7.9,1.5,0.9,9.8,12.2,4.4,7.8,1.7,1.1,9.4,12.2,4.4,7.9,1.5,0.9,9.8,10.8,4.1,6.7,1.7,0.7,8.4,10.5,3.6,6.9,1.5,0.8,8.2,10.1,3.7,6.4,1.2,0.9,8,10.1,3.6,6.6,1,0.5,8.6,9.6,3.6,6,1.1,0.6,7.9,10.2,3.9,6.3,0.9,0.7,8.7,9.8,4.1,5.7,0.8,0.7,8.3
"제주시",130.6,48.2,82.4,46.8,24.7,59.1,132.4,50.1,82.4,45.7,26.9,59.8,146.8,57.5,89.3,51.3,30.1,65.4,142.5,56.6,85.9,49,28.9,64.6,135.2,53.9,81.3,45.6,25.5,64.1,137.8,55.2,82.6,48.3,26.6,62.9,139.5,56.2,83.3,48.2,23.5,67.8,124.1,47.9,76.3,40.1,20.4,63.6,131.6,52.1,79.5,42.5,20.7,68.4,130.5,51.2,79.2,43,21.8,65.7,125.7,50,75.7,43.2,16.9,65.7,128.8,52.6,76.3,43.6,17.9,67.3,129,54.5,74.6,41.4,18,69.6,126.3,56.8,69.5,39.6,18.3,68.4
"서귀포시",41.5,16.1,25.4,14.4,7.2,19.9,41.1,17.2,23.9,14.3,7.2,19.7,43.1,17.7,25.3,14.8,7.7,20.6,38.3,16,22.3,13.5,6.3,18.5,41.3,17,24.3,14.2,7.2,20,40.2,17.3,22.9,13.9,6.2,20.1,41.4,17.2,24.2,13.8,6.6,21,38.6,16,22.6,11.5,7.3,19.8,41.6,17.1,24.6,11.2,8.1,22.3,41.8,16.6,25.2,11.8,7.8,22.2,41.5,17.1,24.3,11.6,6.7,23.1,42.6,18.1,24.6,12.5,6.8,23.4,40.9,16.8,24.1,12.3,6.5,22.2,40.3,17.5,22.7,11.2,6.9,22.1
