elec,level,channel,source,n_units,p_no_fraud,p_nf_lo,p_nf_hi,p_incr,p_ext,fraud_share,Ft,Ft_lo,Ft_hi,Fw,Fw_lo,Fw_hi,n_flagged,rhat,not_converged,M1,M2,M3,D1,D2,D3,mebane_flag_which,n_iter,parcomp,elapsed,leader_side
18,constituency,total_no_early,real,198,0.9917,0.9766,0.9997,0.0035,0.0035,0.0069,0.0,0.0,0.0,0.0,0.0,0.0,0,1.0026,False,0.0003,0.0004,0.0004,0.9939,0.9997,1.0,,5000,FALSE,192.5,dem
18,constituency,total_no_early,marginal_null,198,0.9913,0.9758,0.9998,0.0035,0.0036,0.0071,0.0,0.0,0.0,0.0,0.0,0.0,0,1.0042,False,0.001,0.0006,0.0003,0.9908,0.9981,0.9977,,5000,FALSE,193.2,dem
18,constituency,total_no_early,joint_null,198,0.9915,0.9762,0.9998,0.0035,0.0035,0.007,0.0,0.0,0.0,0.0,0.0,0.0,0,1.0031,False,0.0005,0.0004,0.0002,0.9943,0.998,0.9989,,5000,FALSE,193.3,dem
18,dong,total_no_early,real,2733,0.9953,0.9924,0.9976,0.0043,0.0003,0.0046,8640.2,0.0,27624.0,17914.3,0.0,57111.0,2,1.0386,False,0.0007,0.0007,0.0,0.9933,0.997,1.0,,3000,TRUE,1092.2,dem
18,dong,total_no_early,marginal_null,2733,0.9923,0.9884,0.9961,0.0074,0.0003,0.0076,14137.9,456.0,45977.0,31118.2,1020.0,101022.0,6,1.3794,True,0.0029,0.0029,0.0,0.7748,0.9945,0.9956,,3000,TRUE,1320.2,dem
18,dong,total_no_early,joint_null,2733,0.9959,0.9931,0.9983,0.0037,0.0003,0.004,17921.8,0.0,54521.0,38051.4,0.0,115098.0,2,1.2396,True,0.0015,0.0015,0.0,0.9998,0.9956,1.0,,3000,TRUE,1077.6,dem
19,constituency,total_no_early,real,209,0.9921,0.978,0.9997,0.0033,0.0033,0.0066,0.0,0.0,0.0,0.0,0.0,0.0,0,1.002,False,0.0007,0.0005,0.0004,1.0,0.9957,0.9988,,5000,FALSE,201.2,dem
19,constituency,total_no_early,marginal_null,209,0.992,0.9774,0.9998,0.0034,0.0033,0.0067,0.0,0.0,0.0,0.0,0.0,0.0,0,1.0007,False,0.0004,0.0003,0.0003,0.9968,0.9963,1.0,,5000,FALSE,200.6,dem
19,constituency,total_no_early,joint_null,209,0.9921,0.9777,0.9997,0.0032,0.0033,0.0066,0.0,0.0,0.0,0.0,0.0,0.0,0,1.0026,False,0.0005,0.0003,0.0004,1.0,1.0,0.9995,,5000,FALSE,200.2,dem
19,dong,total_no_early,real,2923,0.9945,0.9903,0.9982,0.0051,0.0002,0.0054,11185.2,1186.0,28915.0,22769.8,2412.0,58898.0,4,2.2334,True,0.004,0.0041,0.0001,0.9916,0.9927,0.999,,3000,TRUE,1072.3,dem
19,dong,total_no_early,marginal_null,2923,0.9928,0.9892,0.996,0.0069,0.0002,0.0071,23269.1,1461.0,66455.0,47290.4,3028.0,134962.0,5,1.2336,True,0.0021,0.0021,0.0,0.9955,0.9973,0.9915,,5000,FALSE,4443.0,dem
19,dong,total_no_early,joint_null,2923,0.997,0.9944,0.9996,0.0026,0.0002,0.0028,12144.8,0.0,48555.0,24787.2,0.0,99011.0,0,1.9717,True,0.0027,0.0027,0.0,0.9991,0.7841,0.9628,,3000,TRUE,1137.7,dem
pres16,constituency,total_no_early,real,244,0.8741,0.8223,0.9217,0.1219,0.0028,0.1247,894979.9,107062.9,2325170.0,1960597.5,219352.0,5106350.4,14,1.4532,True,0.0411,0.0414,0.0005,0.9934,1.0,0.9946,,5000,FALSE,358.8,dem
pres16,constituency,total_no_early,marginal_null,244,0.8541,0.7772,0.9252,0.1394,0.0047,0.1441,1423621.8,104161.1,3796930.4,2982200.5,215968.1,8009271.0,17,2.7941,True,0.0797,0.0783,0.0044,0.0,0.0,0.9991,"pi1, pi2",5000,FALSE,240.5,dem
pres16,constituency,total_no_early,joint_null,244,0.8455,0.7888,0.893,0.1503,0.0028,0.1531,1117803.0,197256.1,2837477.3,2350835.4,385497.2,5984102.6,23,1.3241,True,0.0361,0.0361,0.0007,0.9951,1.0,0.9909,,5000,FALSE,238.6,dem
pres16,dong,total_no_early,real,3515,0.8548,0.8307,0.8875,0.1446,0.0007,0.1453,828958.4,62653.0,2343157.0,2188462.0,161264.0,6161044.1,355,2.985,True,0.0376,0.0364,0.0014,0.9994,0.9996,0.9979,,3000,TRUE,1448.4,dem
pres16,dong,total_no_early,marginal_null,3515,0.8498,0.8351,0.8652,0.148,0.0021,0.15,1050797.3,86063.1,2830658.0,2492242.2,190554.1,6804106.1,356,1.5165,True,0.0118,0.0103,0.0014,1.0,0.9814,0.996,,3000,TRUE,1863.4,dem
pres16,dong,total_no_early,joint_null,3515,0.8753,0.8556,0.8917,0.124,0.0006,0.1246,821089.1,30792.0,2628287.0,2013903.6,83199.0,6162834.0,269,1.7316,True,0.0182,0.0179,0.0003,0.9964,1.0,0.9961,,3000,TRUE,1808.9,dem
pres17,constituency,total_no_early,real,248,0.9167,0.8686,0.9566,0.0792,0.0028,0.082,565622.8,66381.9,1208082.1,1218100.5,154784.0,2608114.2,11,1.637,True,0.0364,0.0367,0.0004,1.0,1.0,1.0,,5000,FALSE,240.2,dem
pres17,constituency,total_no_early,marginal_null,248,0.925,0.868,0.9791,0.0708,0.0028,0.0736,451914.5,9458.0,1368010.8,973232.7,19355.0,2942926.9,7,2.6391,True,0.0721,0.0724,0.0005,1.0,0.8131,1.0,,5000,FALSE,239.5,dem
pres17,constituency,total_no_early,joint_null,248,0.9278,0.837,0.9775,0.0678,0.0028,0.0706,427451.8,33059.0,1197442.7,930912.8,63985.0,2621209.4,10,3.7962,True,0.0971,0.0972,0.0001,0.0045,0.001,0.9931,"pi1, pi2",5000,FALSE,240.9,dem
pres17,dong,total_no_early,real,3576,0.9276,0.9094,0.9389,0.0722,0.0002,0.0724,328795.8,22090.0,877469.9,882176.7,58183.0,2360707.0,165,2.4903,True,0.0172,0.0169,0.0003,1.0,0.9979,1.0,,3000,TRUE,1478.5,dem
pres17,dong,total_no_early,marginal_null,3576,0.9364,0.879,0.9477,0.0633,0.0002,0.0635,374372.2,10434.0,1080338.9,965803.1,24158.0,2814636.8,158,7.9859,True,0.0561,0.0561,0.0,0.0,0.0,1.0,"pi1, pi2",3000,TRUE,1916.5,dem
pres17,dong,total_no_early,joint_null,3576,0.9294,0.9166,0.9408,0.0703,0.0002,0.0705,353798.1,21752.0,930754.0,925051.0,57634.0,2418095.0,149,1.9264,True,0.0118,0.0118,0.0,0.9945,1.0,1.0,,3000,TRUE,1742.3,dem
pres18,constituency,total_no_early,real,251,0.8253,0.7622,0.8907,0.168,0.0046,0.1726,1746424.2,169518.1,4796605.6,3602441.3,347815.2,9843219.8,21,1.8447,True,0.0597,0.0597,0.0045,0.9987,0.998,0.9959,,5000,FALSE,243.5,dem
pres18,constituency,total_no_early,marginal_null,251,0.8019,0.7195,0.8765,0.1942,0.0028,0.197,2171404.1,158283.1,6101968.5,4346161.6,320098.1,12121903.0,22,2.3661,True,0.0918,0.0917,0.0005,0.9731,0.9339,0.9957,,5000,FALSE,242.8,dem
pres18,constituency,total_no_early,joint_null,251,0.7959,0.7264,0.8552,0.1999,0.0029,0.2027,1989052.2,11141.0,5552981.6,4171828.5,24679.0,11569576.0,24,1.6157,True,0.0598,0.0595,0.0005,0.9976,1.0,1.0,,5000,FALSE,242.0,dem
pres18,dong,total_no_early,real,3479,0.8328,0.8161,0.8782,0.1658,0.0014,0.1672,1364304.3,38236.0,4426902.0,3236794.3,83047.1,10509480.9,291,4.5041,True,0.0448,0.0451,0.0005,0.0,0.0,0.9705,"pi1, pi2",3000,TRUE,1263.3,dem
pres18,dong,total_no_early,marginal_null,3479,0.8249,0.8056,0.8432,0.1732,0.0016,0.1748,1581076.6,94488.1,4653914.0,3739725.0,196972.1,11232412.9,361,2.0382,True,0.0162,0.0154,0.002,0.9947,0.6388,0.9965,,5000,FALSE,5586.9,dem
pres18,dong,total_no_early,joint_null,3479,0.8265,0.8115,0.841,0.1728,0.0006,0.1734,1152759.1,66552.0,3561160.9,3082362.3,163377.0,9461491.9,351,1.4406,True,0.0071,0.0065,0.0009,0.9973,1.0,0.6378,,5000,FALSE,5585.6,dem
20,constituency,early,real,234,0.9906,0.9708,0.9998,0.0044,0.003,0.0073,1005.4,0.0,4804.0,35169.4,0.0,147155.9,0,1.9073,True,0.0129,0.0131,0.0007,0.9954,1.0,1.0,,3000,TRUE,63.4,dem
20,constituency,early,marginal_null,234,0.9776,0.9449,0.998,0.0182,0.0029,0.0211,11129.4,0.0,45184.0,189115.5,0.0,708163.2,0,2.1704,True,0.0302,0.0299,0.0004,0.9983,0.9935,0.9984,,3000,TRUE,49.5,dem
20,constituency,early,joint_null,234,0.9835,0.9187,0.9997,0.0116,0.003,0.0146,6430.1,0.0,32925.0,189027.0,0.0,820314.1,0,4.0319,True,0.0596,0.0593,0.0007,0.0,0.0,0.9965,"pi1, pi2",3000,TRUE,50.4,dem
20,constituency,early_out,real,234,0.9897,0.9725,0.9997,0.0057,0.003,0.0087,2060.4,0.0,8941.0,38241.9,0.0,158636.0,0,1.3991,True,0.0092,0.0089,0.0004,0.9982,0.9472,1.0,,3000,TRUE,64.8,dem
20,constituency,early_out,marginal_null,234,0.9919,0.9777,0.9997,0.0037,0.003,0.0067,634.2,0.0,2831.0,11842.6,0.0,48533.0,0,1.1887,True,0.0046,0.0047,0.0008,0.9955,0.9952,0.9969,,3000,TRUE,49.2,dem
20,constituency,early_out,joint_null,234,0.9919,0.9778,0.9998,0.0039,0.0029,0.0068,368.9,0.0,1698.0,12506.5,0.0,51492.0,0,1.1418,True,0.0041,0.0039,0.0004,0.9901,0.9965,1.0,,3000,TRUE,49.6,dem
20,constituency,early_total,real,234,0.9603,0.9278,0.9886,0.0353,0.0031,0.0384,23426.4,0.0,108500.0,366447.2,0.0,1520814.2,0,1.4889,True,0.0262,0.0256,0.0007,0.9981,0.9949,1.0,,3000,TRUE,50.7,dem
20,constituency,early_total,marginal_null,234,0.9644,0.9213,0.9959,0.0312,0.003,0.0342,24706.6,0.0,114464.0,325867.3,0.0,1341912.6,0,2.3964,True,0.0473,0.0468,0.0005,0.9985,0.9983,0.9943,,3000,TRUE,49.6,dem
20,constituency,early_total,joint_null,234,0.9766,0.9496,0.9959,0.019,0.003,0.022,10756.4,0.0,50239.0,175006.2,0.0,759736.9,0,1.617,True,0.0211,0.0213,0.0002,0.9727,0.9951,0.9949,,3000,TRUE,49.6,dem
20,constituency,sameday,real,234,0.9928,0.9798,0.9998,0.003,0.003,0.006,0.0,0.0,0.0,0.0,0.0,0.0,0,1.0054,False,0.0006,0.0006,0.0004,0.8074,0.9952,0.9989,,3000,TRUE,64.1,dem
20,constituency,sameday,marginal_null,234,0.9927,0.9797,0.9999,0.003,0.003,0.006,0.0,0.0,0.0,0.0,0.0,0.0,0,1.0057,False,0.0006,0.0005,0.0001,0.9924,0.9964,1.0,,3000,TRUE,49.3,dem
20,constituency,sameday,joint_null,234,0.993,0.9802,0.9997,0.0029,0.0029,0.0059,0.0,0.0,0.0,0.0,0.0,0.0,0,1.0026,False,0.0004,0.0002,0.0003,0.9983,1.0,0.9971,,3000,TRUE,48.9,dem
20,constituency,total,real,234,0.9898,0.9731,0.9997,0.0057,0.003,0.0087,42613.9,0.0,176306.0,86844.3,0.0,360865.9,0,1.3594,True,0.0083,0.0083,0.0001,0.9854,0.9926,0.9999,,3000,TRUE,49.7,dem
20,constituency,total,marginal_null,234,0.9824,0.9541,0.9982,0.013,0.0029,0.0159,133935.3,0.0,465701.0,236961.7,0.0,826112.5,0,1.9476,True,0.022,0.0219,0.0008,1.0,0.9975,0.9967,,3000,TRUE,50.2,dem
20,constituency,total,joint_null,234,0.9911,0.9745,0.9999,0.0045,0.003,0.0075,29574.2,0.0,121967.0,60640.3,0.0,248849.1,0,1.4417,True,0.0087,0.0082,0.0005,0.9961,0.9989,1.0,,3000,TRUE,49.4,dem
20,dong,early,real,3135,0.996,0.984,0.9989,0.0037,0.0002,0.0039,6511.9,0.0,28959.0,81829.8,0.0,349881.0,1,5.2941,True,0.0114,0.0114,0.0,0.0,0.0,1.0,"pi1, pi2",3000,TRUE,1577.0,dem
20,dong,early,marginal_null,3135,0.9962,0.9931,0.9986,0.0035,0.0002,0.0037,3702.7,0.0,17981.0,46686.8,0.0,198429.0,0,1.4484,True,0.0019,0.0019,0.0,1.0,0.9972,0.9964,,3000,TRUE,1307.9,dem
20,dong,early,joint_null,3135,0.9973,0.9872,0.9998,0.0023,0.0002,0.0026,4623.2,0.0,23579.0,51041.1,0.0,238155.0,0,5.3435,True,0.0098,0.0098,0.0,0.0,0.0,1.0,,3000,TRUE,1561.5,dem
20,dong,pooled,real,3135,0.9956,0.9924,0.9983,0.0041,0.0002,0.0043,35838.1,0.0,115409.0,71111.9,0.0,228896.0,4,1.6675,True,0.0025,0.0025,0.0001,0.9981,0.9929,0.9991,,3000,TRUE,1298.8,dem
20,dong,pooled,marginal_null,3135,0.9944,0.9913,0.9974,0.0053,0.0002,0.0055,53556.5,0.0,167659.0,106762.7,0.0,333594.0,3,1.3996,True,0.0022,0.0022,0.0,0.9973,1.0,0.9983,,3000,TRUE,1296.8,dem
20,dong,pooled,joint_null,3135,0.9968,0.9944,0.9989,0.0029,0.0002,0.0031,25214.8,0.0,75925.0,49494.7,0.0,150381.0,3,1.3108,True,0.0016,0.0016,0.0,0.9969,0.992,1.0,,3000,TRUE,1369.9,dem
20,dong,sameday,real,3135,0.9994,0.9983,1.0,0.0003,0.0002,0.0005,74.9,0.0,315.0,154.2,0.0,646.0,0,1.1538,True,0.0003,0.0003,0.0,0.9753,1.0,0.9966,,3000,TRUE,1531.2,dem
20,dong,sameday,marginal_null,3135,0.9992,0.9979,0.9999,0.0005,0.0002,0.0007,6782.4,0.0,18584.0,13592.6,0.0,37505.0,0,1.2075,True,0.0006,0.0006,0.0,0.9996,0.9987,0.992,,,,1320.5,dem
20,dong,sameday,joint_null,3135,0.9995,0.9985,1.0,0.0002,0.0002,0.0004,0.0,0.0,0.0,0.0,0.0,0.0,0,1.004,False,0.0,0.0,0.0,0.9356,0.9998,1.0,,3000,TRUE,1517.4,dem
21,constituency,early,real,253,0.9323,0.8901,0.9697,0.0637,0.0028,0.0665,107925.8,0.0,482357.0,940273.1,0.0,3589929.9,1,1.694,True,0.0319,0.0319,0.0002,0.9909,0.9983,1.0,,5000,FALSE,241.5,dem
21,constituency,early,marginal_null,253,0.966,0.9294,0.9906,0.0297,0.0028,0.0325,57322.1,0.0,265520.1,444746.9,0.0,1878835.0,0,1.9667,True,0.0314,0.0318,0.0005,1.0,1.0,1.0,,5000,FALSE,243.2,dem
21,constituency,early,joint_null,253,0.9386,0.8929,0.9843,0.0574,0.0028,0.0601,106589.7,0.0,422401.0,806296.5,0.0,2805841.8,1,2.4461,True,0.0516,0.0518,0.0003,0.1701,0.0625,0.9975,,5000,FALSE,241.4,dem
21,constituency,early_out,real,253,0.9663,0.9371,0.9893,0.0295,0.0028,0.0323,17436.4,0.0,81558.0,389512.4,0.0,1543709.0,0,1.5092,True,0.0197,0.0197,0.0002,0.9966,0.9995,0.9994,,5000,FALSE,241.8,dem
21,constituency,early_out,marginal_null,253,0.9708,0.9462,0.9902,0.0254,0.0027,0.0281,16418.8,0.0,69329.0,325940.7,0.0,1236843.8,0,1.1534,True,0.0115,0.0116,0.0002,0.9956,0.9972,1.0,,5000,FALSE,242.4,dem
21,constituency,early_out,joint_null,253,0.9637,0.9344,0.9921,0.0325,0.0027,0.0353,15616.0,0.0,73901.0,363398.1,0.0,1404375.8,1,1.6337,True,0.0244,0.024,0.0004,0.9941,0.9948,0.999,,5000,FALSE,242.2,dem
21,constituency,early_total,real,253,0.9755,0.9521,0.995,0.0205,0.0027,0.0233,56280.2,0.0,245915.1,309502.4,0.0,1236842.4,0,1.3515,True,0.0156,0.0156,0.0002,0.9983,0.998,1.0,,5000,FALSE,240.9,dem
21,constituency,early_total,marginal_null,253,0.9656,0.939,0.9861,0.0304,0.0028,0.0331,73763.8,0.0,290689.1,464832.8,0.0,1631082.5,1,1.13,True,0.0086,0.0085,0.0003,0.9502,0.9997,0.9977,,5000,FALSE,242.1,dem
21,constituency,early_total,joint_null,253,0.9691,0.9432,0.9891,0.0272,0.0026,0.0298,60953.3,0.0,249022.9,394520.4,0.0,1416149.5,0,1.2283,True,0.0124,0.012,0.0005,0.9968,0.9969,1.0,,5000,FALSE,242.2,dem
21,constituency,sameday,real,253,0.9925,0.9792,0.9998,0.0035,0.0027,0.0063,5163.8,0.0,22085.0,18298.9,0.0,78375.0,0,1.1379,True,0.004,0.004,0.0002,0.9996,0.9999,0.9998,,5000,FALSE,242.0,dem
21,constituency,sameday,marginal_null,253,0.9932,0.981,0.9999,0.0028,0.0027,0.0055,0.0,0.0,0.0,0.0,0.0,0.0,0,1.0027,False,0.0007,0.0004,0.0004,0.9969,1.0,0.9989,,5000,FALSE,241.3,dem
21,constituency,sameday,joint_null,253,0.9905,0.9746,0.9997,0.0054,0.0029,0.0082,13677.6,0.0,65337.1,53495.6,0.0,228748.0,0,1.3529,True,0.0077,0.0077,0.0003,0.9947,1.0,1.0,,5000,FALSE,240.4,dem
21,constituency,total,real,253,0.8733,0.8208,0.9317,0.1227,0.0028,0.1255,1324769.2,0.0,4233541.3,2618789.8,0.0,8365482.2,6,1.8395,True,0.0541,0.0541,0.0001,0.9995,0.9986,1.0,,5000,FALSE,243.7,dem
21,constituency,total,marginal_null,253,0.8579,0.8013,0.9083,0.1382,0.0026,0.1408,1624435.5,26646.0,4823819.2,3189324.0,55226.0,9551763.0,8,1.5455,True,0.0389,0.0393,0.0007,0.9923,0.9982,0.9987,,5000,FALSE,244.0,dem
21,constituency,total,joint_null,253,0.884,0.8331,0.9651,0.1122,0.0028,0.115,1166887.3,30222.0,3617900.5,2353420.9,66638.9,7287030.0,4,2.7741,True,0.0831,0.0834,0.0005,0.0,0.0,1.0,"pi1, pi2",5000,FALSE,244.2,dem
21,dong,early,real,3480,0.9702,0.9593,0.9804,0.0295,0.0002,0.0297,62857.1,0.0,309026.9,570495.0,0.0,2332844.9,12,2.6487,True,0.0136,0.0136,0.0,0.9591,0.9959,0.9964,,3000,TRUE,1671.2,dem
21,dong,early,marginal_null,3480,0.973,0.9662,0.9791,0.0267,0.0002,0.0269,55305.6,0.0,276892.0,662028.3,0.0,2492221.8,9,1.2837,True,0.0043,0.0042,0.0,0.9988,1.0,0.9971,,5000,FALSE,5708.5,dem
21,dong,early,joint_null,3480,0.9812,0.9314,0.9886,0.0185,0.0002,0.0187,84430.7,0.0,428810.0,473974.0,0.0,2121274.0,1,9.1946,True,0.0482,0.0482,0.0001,0.0,0.0,0.9973,"pi1, pi2",3000,TRUE,1765.7,dem
21,dong,pooled,real,3480,0.9536,0.9455,0.961,0.0461,0.0002,0.0463,366861.7,10572.0,1288042.0,826622.9,25770.0,2909991.0,40,1.1915,True,0.0045,0.0046,0.0001,0.9987,0.995,0.9958,,3000,TRUE,1440.8,dem
21,dong,pooled,marginal_null,3480,0.9478,0.9394,0.9555,0.0519,0.0002,0.0521,422014.3,5413.0,1415795.0,910318.7,11271.0,3131953.9,64,1.112,True,0.0037,0.0037,0.0,0.9975,0.997,0.9993,,5000,FALSE,5641.0,dem
21,dong,pooled,joint_null,3480,0.9493,0.9408,0.9573,0.0504,0.0002,0.0506,398529.0,12416.0,1303490.9,889594.6,28788.0,2935694.8,58,1.27,True,0.0055,0.0055,0.0,0.9964,1.0,0.9995,,3000,TRUE,1639.0,dem
21,dong,sameday,real,3480,0.998,0.996,0.9995,0.0017,0.0002,0.0019,8406.5,0.0,36660.0,27541.4,0.0,111922.0,0,1.4506,True,0.0012,0.0012,0.0,0.9989,0.9924,0.9993,,3000,TRUE,1770.7,dem
21,dong,sameday,marginal_null,3480,0.9985,0.997,0.9997,0.0012,0.0002,0.0014,4236.9,0.0,14133.0,14319.8,0.0,45710.0,0,1.1417,True,0.0006,0.0006,0.0,0.9917,0.9914,0.9971,,5000,FALSE,5735.8,dem
21,dong,sameday,joint_null,3480,0.9977,0.9957,0.9993,0.002,0.0002,0.0022,6668.4,0.0,30418.0,31974.6,0.0,131675.0,0,1.3876,True,0.0015,0.0014,0.0,0.9943,0.989,0.9923,,3000,TRUE,1664.8,dem
22,constituency,early,real,246,0.9505,0.9172,0.9767,0.0453,0.0028,0.0481,123186.7,0.0,530646.9,680905.0,0.0,2766114.9,0,1.2198,True,0.0163,0.0161,0.0003,1.0,0.9949,1.0,,5000,FALSE,240.9,dem
22,constituency,early,marginal_null,246,0.961,0.9146,0.9862,0.0349,0.0027,0.0376,134690.2,0.0,603606.9,591521.6,0.0,2540502.9,0,2.0628,True,0.0366,0.0363,0.0005,1.0,0.9984,0.9986,,5000,FALSE,239.6,dem
22,constituency,early,joint_null,246,0.9522,0.9007,0.9802,0.0435,0.0028,0.0463,141747.5,0.0,614657.9,755608.3,0.0,3046483.4,0,2.1157,True,0.0407,0.0407,0.0002,1.0,0.9985,0.9988,,5000,FALSE,238.5,dem
22,constituency,early_out,real,246,0.9827,0.9511,0.9998,0.0124,0.0029,0.0153,7934.2,0.0,39356.0,163197.2,0.0,684866.9,0,2.617,True,0.0286,0.0282,0.0004,0.041,0.0,0.9966,"pi1, pi2",5000,FALSE,239.1,dem
22,constituency,early_out,marginal_null,246,0.9731,0.9257,0.9997,0.0227,0.0028,0.0255,18747.9,0.0,91220.0,331994.6,0.0,1325291.1,0,3.132,True,0.0527,0.0526,0.0004,0.9948,0.9908,0.9993,,5000,FALSE,239.7,dem
22,constituency,early_out,joint_null,246,0.9827,0.9579,0.9995,0.013,0.0028,0.0158,7958.8,0.0,39236.0,152565.0,0.0,629359.1,0,2.09,True,0.0205,0.0203,0.0003,0.9989,0.9284,0.9999,,5000,FALSE,239.4,dem
22,constituency,early_total,real,246,0.9891,0.9406,0.9999,0.0062,0.0028,0.009,57134.7,0.0,260527.1,182313.8,0.0,775656.1,0,3.7167,True,0.0408,0.0408,0.0001,0.0,0.0,0.9998,"pi1, pi2",5000,FALSE,242.8,dem
22,constituency,early_total,marginal_null,246,0.9893,0.9732,0.9994,0.0066,0.0028,0.0094,23783.1,0.0,103256.8,75159.7,0.0,316410.7,0,1.2441,True,0.0082,0.0083,0.0004,0.9973,0.9941,0.9995,,5000,FALSE,239.8,dem
22,constituency,early_total,joint_null,246,0.986,0.9402,0.9999,0.0091,0.0028,0.012,95635.5,0.0,390548.2,259145.7,0.0,1006282.2,0,3.3756,True,0.041,0.0408,0.0004,0.9963,0.94,1.0,,5000,FALSE,240.8,dem
22,constituency,sameday,real,246,0.9899,0.9711,0.9998,0.0058,0.0029,0.0087,10772.2,0.0,49410.0,56225.2,0.0,235042.0,0,1.689,True,0.0124,0.0123,0.0003,0.9954,0.999,1.0,,5000,FALSE,238.6,dem
22,constituency,sameday,marginal_null,246,0.9886,0.9705,0.9995,0.0073,0.0028,0.0101,25596.1,0.0,114207.1,91854.2,0.0,384041.1,0,1.4944,True,0.0121,0.012,0.0004,1.0,1.0,1.0,,5000,FALSE,242.5,dem
22,constituency,sameday,joint_null,246,0.9851,0.9614,0.9997,0.0106,0.0028,0.0134,30966.1,0.0,103104.1,155985.8,0.0,481084.1,1,1.9872,True,0.0206,0.0207,0.0003,0.9934,0.9994,0.9959,,5000,FALSE,239.6,dem
22,constituency,total,real,246,0.8384,0.7635,0.9404,0.1578,0.0028,0.1606,1711517.8,31465.1,4982219.2,3425501.3,63678.0,9967721.0,9,3.405,True,0.1181,0.1179,0.0002,0.0,0.0,1.0,"pi1, pi2",5000,FALSE,240.0,dem
22,constituency,total,marginal_null,246,0.8658,0.8123,0.9563,0.1303,0.0028,0.1331,1377604.7,55675.9,4303217.8,2733030.5,101113.9,8647220.6,4,2.8301,True,0.09,0.0898,0.0005,0.0,0.0,1.0,"pi1, pi2",5000,FALSE,241.0,dem
22,constituency,total,joint_null,246,0.8805,0.7881,0.9562,0.1159,0.0029,0.1188,1346558.9,28612.0,4212111.2,2716267.2,57676.0,8521406.5,6,3.9656,True,0.1129,0.113,0.0001,0.0,0.0,0.9974,"pi1, pi2",5000,FALSE,241.2,dem
22,dong,early,real,2739,0.9526,0.9286,0.9728,0.0471,0.0002,0.0474,127517.8,232.0,561635.0,619167.6,921.0,2535341.8,23,5.5876,True,0.0322,0.0322,0.0001,0.0,0.0,0.9975,"pi1, pi2",3000,TRUE,1287.7,dem
22,dong,early,marginal_null,2739,0.959,0.8196,0.9767,0.0406,0.0003,0.0409,192129.4,2370.0,853478.9,803556.4,5794.0,3352972.0,40,15.1006,True,0.1417,0.1417,0.0,0.0,0.0,1.0,"pi1, pi2",5000,FALSE,4376.0,dem
22,dong,early,joint_null,2739,0.9715,0.955,0.9838,0.0281,0.0003,0.0284,106715.1,0.0,499186.9,447956.3,0.0,1934918.7,1,3.7003,True,0.0199,0.0199,0.0,0.0009,0.0008,1.0,"pi1, pi2",3000,TRUE,1313.5,dem
22,dong,pooled,real,2739,0.9325,0.9195,0.9435,0.0671,0.0003,0.0674,498056.9,16497.0,1532384.1,1117138.4,36359.0,3451617.0,61,1.5827,True,0.0099,0.0099,0.0001,0.9935,0.9957,1.0,,5000,FALSE,1067.6,dem
22,dong,pooled,marginal_null,2739,0.9278,0.9159,0.9406,0.0718,0.0003,0.072,522513.3,13097.0,1670870.9,1168700.1,28301.0,3782000.9,84,1.5256,True,0.0109,0.0109,0.0,0.9989,0.9955,1.0,,5000,FALSE,4373.2,dem
22,dong,pooled,joint_null,2739,0.9311,0.915,0.9427,0.0686,0.0002,0.0688,542245.3,27602.0,1662624.0,1267053.0,67740.0,3846124.0,63,2.0023,True,0.014,0.0139,0.0001,0.997,0.9992,1.0,,3000,TRUE,1172.1,dem
22,dong,sameday,real,2739,0.9956,0.9922,0.9982,0.0041,0.0003,0.0043,11645.3,0.0,52581.0,52731.4,0.0,212214.0,0,1.5107,True,0.0024,0.0025,0.0,0.9942,0.998,1.0,,3000,TRUE,1257.7,dem
22,dong,sameday,marginal_null,2739,0.9941,0.9809,0.9983,0.0055,0.0003,0.0058,26040.5,0.0,125126.0,102276.5,0.0,456960.0,1,4.8934,True,0.0132,0.0132,0.0,0.0,0.0,1.0,"pi1, pi2",5000,FALSE,4300.9,dem
22,dong,sameday,joint_null,2739,0.994,0.9906,0.9969,0.0056,0.0002,0.0059,17068.2,0.0,72214.0,95102.7,0.0,353701.0,1,1.1764,True,0.0019,0.0018,0.0001,0.9922,0.9945,1.0,,3000,TRUE,1316.9,dem
pres19,constituency,early,real,250,0.9757,0.9508,0.994,0.02,0.0028,0.0229,25589.7,0.0,115229.0,278427.4,0.0,1088077.8,0,1.3992,True,0.0163,0.0162,0.0003,0.9984,0.998,0.9999,,5000,FALSE,241.0,dem
pres19,constituency,early,marginal_null,250,0.9587,0.9294,0.9829,0.0374,0.0027,0.0401,55407.4,0.0,259588.1,487972.8,0.0,2051156.1,0,1.2119,True,0.016,0.0158,0.0003,0.9698,0.9924,1.0,,5000,FALSE,240.4,dem
pres19,constituency,early,joint_null,250,0.9646,0.9,0.9997,0.0311,0.0028,0.034,37790.7,0.0,178661.0,308067.8,0.0,1315278.8,0,4.1251,True,0.0767,0.0765,0.0003,0.0,0.0,1.0,"pi1, pi2",5000,FALSE,242.9,dem
pres19,constituency,early_out,real,250,0.9518,0.9014,0.996,0.0443,0.0027,0.0471,13395.7,0.0,70750.0,401781.6,0.0,1743212.6,0,3.057,True,0.0672,0.0671,0.0001,0.0,0.0,0.9967,"pi1, pi2",5000,FALSE,240.4,dem
pres19,constituency,early_out,marginal_null,250,0.9685,0.9366,0.9954,0.0274,0.0028,0.0303,13251.9,0.0,60301.0,338009.5,0.0,1268796.5,0,2.0213,True,0.0318,0.0319,0.0002,0.9935,0.4948,0.9976,,5000,FALSE,240.2,dem
pres19,constituency,early_out,joint_null,250,0.9609,0.9195,0.998,0.0353,0.0028,0.0381,10958.7,0.0,57991.0,349003.1,0.0,1543190.7,0,2.8479,True,0.0497,0.0502,0.0005,0.0,0.0,0.9991,"pi1, pi2",5000,FALSE,240.2,dem
pres19,constituency,early_total,real,250,0.9934,0.9809,0.9998,0.0029,0.0027,0.0056,0.0,0.0,0.0,0.0,0.0,0.0,0,1.0049,False,0.0005,0.0001,0.0004,1.0,1.0,1.0,,5000,FALSE,241.5,dem
pres19,constituency,early_total,marginal_null,250,0.9934,0.9811,0.9998,0.0028,0.0027,0.0055,0.0,0.0,0.0,0.0,0.0,0.0,0,1.0039,False,0.0006,0.0002,0.0004,1.0,0.9984,1.0,,5000,FALSE,243.2,dem
pres19,constituency,early_total,joint_null,250,0.9924,0.9791,0.9997,0.0036,0.0028,0.0064,2674.4,0.0,12822.0,25306.6,0.0,109759.9,0,1.1553,True,0.0038,0.0039,0.0002,0.9954,0.9978,0.9969,,5000,FALSE,240.5,dem
pres19,constituency,sameday,real,250,0.9931,0.9807,0.9998,0.0028,0.0029,0.0057,0.0,0.0,0.0,0.0,0.0,0.0,0,1.0018,False,0.0002,0.0003,0.0002,1.0,1.0,1.0,,5000,FALSE,240.6,dem
pres19,constituency,sameday,marginal_null,250,0.9932,0.9801,0.9998,0.0029,0.0028,0.0056,0.0,0.0,0.0,0.0,0.0,0.0,0,1.0032,False,0.0007,0.0004,0.0004,1.0,0.9927,1.0,,5000,FALSE,239.1,dem
pres19,constituency,sameday,joint_null,250,0.9932,0.9814,0.9998,0.0028,0.0028,0.0056,0.0,0.0,0.0,0.0,0.0,0.0,0,1.0043,False,0.0005,0.0004,0.0001,0.9842,1.0,1.0,,5000,FALSE,239.4,dem
pres19,constituency,total,real,250,0.7944,0.7322,0.916,0.2018,0.0028,0.2046,2346847.6,13535.0,7329679.3,4221885.3,23383.0,13290755.8,7,3.1561,True,0.1199,0.1199,0.0001,0.0,0.0,1.0,"pi1, pi2",5000,FALSE,241.6,dem
pres19,constituency,total,marginal_null,250,0.7914,0.7348,0.8432,0.2047,0.0028,0.2074,2567399.7,182533.1,7773197.5,4538348.6,312093.2,13850811.8,12,1.1625,True,0.0287,0.0285,0.0004,0.9962,0.9966,0.998,,5000,FALSE,241.1,dem
pres19,constituency,total,joint_null,250,0.7654,0.6947,0.9504,0.2308,0.0027,0.2335,2368341.7,81985.0,7577683.1,4224648.6,151760.9,13591137.9,10,5.1334,True,0.1914,0.1918,0.0004,0.0,0.0,0.9979,"pi1, pi2",5000,FALSE,243.9,dem
pres19,dong,early,real,3491,0.9928,0.9821,0.9966,0.0069,0.0002,0.0071,15410.9,0.0,78644.0,157067.7,0.0,697053.1,1,3.6666,True,0.0099,0.0099,0.0,0.0,0.0,0.9913,,3000,TRUE,1601.9,dem
pres19,dong,early,marginal_null,3491,0.9919,0.9812,0.9967,0.0078,0.0002,0.008,15593.4,0.0,78092.0,168051.0,0.0,698269.1,0,4.0814,True,0.0113,0.0113,0.0,0.0,0.0,1.0,"pi1, pi2",3000,TRUE,1977.2,dem
pres19,dong,early,joint_null,3491,0.994,0.9907,0.997,0.0057,0.0002,0.0059,8644.5,0.0,45391.0,94930.8,0.0,421360.0,0,1.4361,True,0.0025,0.0025,0.0,0.9702,0.9955,1.0,,3000,TRUE,1481.5,dem
pres19,dong,pooled,real,3491,0.8944,0.8821,0.9075,0.1054,0.0002,0.1056,1045767.5,15543.0,3559638.0,1959121.4,26010.0,6776371.7,93,1.4902,True,0.0105,0.0105,0.0,0.9967,0.9912,0.9996,,3000,TRUE,1452.0,dem
pres19,dong,pooled,marginal_null,3491,0.8949,0.8802,0.942,0.1048,0.0002,0.105,1017537.0,13835.0,3572450.0,1859352.6,19294.0,6596296.9,82,6.1935,True,0.048,0.048,0.0,0.0,0.0,0.9972,"pi1, pi2",3000,TRUE,1854.1,dem
pres19,dong,pooled,joint_null,3491,0.8967,0.8843,0.9523,0.103,0.0002,0.1032,724589.8,2062.0,2772518.1,1377730.5,4126.0,5290870.1,85,7.4183,True,0.0549,0.0549,0.0,0.0,0.0,1.0,"pi1, pi2",3000,TRUE,1800.0,dem
pres19,dong,sameday,real,3491,0.9993,0.9981,1.0,0.0004,0.0002,0.0006,8518.6,0.0,34836.0,17022.4,0.0,70172.0,0,1.4534,True,0.0006,0.0006,0.0,0.9927,0.9954,0.9929,,3000,TRUE,1746.0,dem
pres19,dong,sameday,marginal_null,3491,0.9986,0.9971,0.9996,0.0011,0.0002,0.0013,26814.1,0.0,74035.0,52605.4,0.0,144488.0,2,1.0448,False,0.0003,0.0003,0.0,0.9661,0.9923,0.9995,,3000,TRUE,1988.1,dem
pres19,dong,sameday,joint_null,3491,0.9987,0.9973,0.9998,0.001,0.0002,0.0012,4300.5,0.0,14373.0,8769.7,0.0,29471.0,0,1.3867,True,0.0009,0.0009,0.0,0.9912,0.9973,0.995,,3000,TRUE,1695.0,dem
pres20,constituency,early,real,250,0.9834,0.9631,0.9979,0.0126,0.0028,0.0154,33068.1,0.0,137189.0,88463.2,0.0,362768.9,0,1.3428,True,0.0128,0.0124,0.0004,0.9981,0.995,1.0,,5000,FALSE,240.2,dem
pres20,constituency,early,marginal_null,250,0.9788,0.955,0.9948,0.0172,0.0028,0.02,44406.1,0.0,169238.9,131798.8,0.0,514289.9,1,1.3338,True,0.0128,0.0123,0.0005,0.9986,0.9987,0.9972,,5000,FALSE,241.2,dem
pres20,constituency,early,joint_null,250,0.9785,0.9582,0.9945,0.0175,0.0027,0.0203,102246.8,0.0,328727.1,215208.2,0.0,698604.2,0,1.1498,True,0.008,0.0082,0.0003,0.9967,0.9983,0.9979,,5000,FALSE,242.9,dem
pres20,constituency,early_out,real,250,0.9502,0.9159,0.9818,0.0458,0.0028,0.0486,29140.3,0.0,142203.0,556234.8,0.0,2189860.1,0,1.5297,True,0.0282,0.0284,0.0003,0.9952,1.0,1.0,,5000,FALSE,242.0,dem
pres20,constituency,early_out,marginal_null,250,0.9764,0.9485,0.9975,0.0196,0.0028,0.0224,36875.6,0.0,126084.9,325930.1,0.0,1085911.1,1,1.899,True,0.0243,0.0242,0.001,0.9972,0.9911,1.0,,5000,FALSE,242.4,dem
pres20,constituency,early_out,joint_null,250,0.9592,0.9056,0.9999,0.0365,0.0029,0.0393,37873.2,0.0,174019.0,475003.0,0.0,1779702.4,0,3.4336,True,0.0721,0.0719,0.0003,0.0,0.0,0.9923,"pi1, pi2",5000,FALSE,243.5,dem
pres20,constituency,early_total,real,250,0.9494,0.9127,0.9786,0.0465,0.0029,0.0493,198102.2,9009.0,610261.9,391493.2,17560.0,1202357.9,6,1.5243,True,0.0248,0.025,0.0003,0.9992,0.9976,0.9997,,5000,FALSE,242.0,dem
pres20,constituency,early_total,marginal_null,250,0.9456,0.9114,0.9742,0.0503,0.0028,0.0531,265255.1,21205.0,755391.0,533289.7,41816.0,1526305.0,7,1.2951,True,0.0165,0.0162,0.0004,0.9988,1.0,1.0,,5000,FALSE,241.3,dem
pres20,constituency,early_total,joint_null,250,0.9467,0.8939,0.9788,0.0491,0.0028,0.0519,375681.6,13393.0,1015118.1,741075.9,25960.0,2016791.3,4,2.2497,True,0.048,0.0482,0.0004,1.0,0.9999,0.997,,5000,FALSE,241.6,dem
pres20,constituency,sameday,real,250,0.9807,0.9564,0.998,0.015,0.0028,0.0178,31807.7,0.0,136677.8,112827.4,0.0,442202.9,0,1.7772,True,0.0204,0.0202,0.0002,0.9985,1.0,1.0,,5000,FALSE,241.2,dem
pres20,constituency,sameday,marginal_null,250,0.9845,0.9663,0.9966,0.0115,0.0027,0.0143,12958.7,0.0,60094.0,46579.1,0.0,198364.1,0,1.0621,True,0.0041,0.0044,0.0003,0.9902,1.0,0.9919,,5000,FALSE,242.0,dem
pres20,constituency,sameday,joint_null,250,0.9817,0.9595,0.9979,0.0142,0.0028,0.017,45371.5,0.0,174443.9,167279.5,0.0,597823.9,0,1.5575,True,0.0158,0.0157,0.0005,0.9969,0.9942,1.0,,5000,FALSE,241.9,dem
pres20,constituency,total,real,248,0.7091,0.6149,0.8868,0.2359,0.0516,0.2875,3490045.6,143662.0,9514596.6,6702732.1,283209.0,18416527.9,32,4.6321,True,0.2053,0.1969,0.0368,0.0,0.0,0.9987,"pi1, pi2",5000,FALSE,243.0,dem
pres20,constituency,total,marginal_null,248,0.7231,0.64,0.919,0.2175,0.0535,0.2711,3099136.2,86404.0,8876345.1,5915813.9,162930.1,17054194.9,25,4.9741,True,0.2139,0.1492,0.0647,0.0,0.0,0.0,"pi1, pi2, pi3",5000,FALSE,487.0,dem
pres20,constituency,total,joint_null,248,0.778,0.6225,0.882,0.1832,0.0363,0.2195,2791561.7,163678.1,8045053.4,5331194.0,362724.1,15093083.4,26,4.8027,True,0.1932,0.1652,0.0289,0.0,0.0,0.9942,"pi1, pi2",5000,FALSE,1456.0,dem
pres20,dong,early,real,3509,0.9454,0.8725,0.9713,0.0536,0.0002,0.0538,225689.3,751.0,802053.0,589160.4,1427.0,2126202.0,132,12.7052,True,0.0865,0.0865,0.0,0.0,0.0,1.0,"pi1, pi2",3000,TRUE,1666.6,dem
pres20,dong,early,marginal_null,3509,0.9678,0.8519,0.9832,0.0319,0.0002,0.0321,236400.3,1487.0,898404.9,567172.1,3081.0,2178259.0,85,15.2542,True,0.1185,0.1185,0.0,0.0,0.0,0.9968,"pi1, pi2",5000,FALSE,5052.4,dem
pres20,dong,early,joint_null,3509,0.9756,0.9688,0.9837,0.0241,0.0002,0.0243,114421.2,704.0,409566.0,311906.7,1720.0,1083623.0,35,2.0127,True,0.0077,0.0077,0.0001,0.9938,0.9984,1.0,,3000,TRUE,1721.8,dem
pres20,dong,pooled,real,3509,0.8685,0.7929,0.8993,0.1292,0.0012,0.1304,1210650.9,38332.0,3925210.9,2496708.0,70246.1,8171668.0,297,8.7197,True,0.0901,0.0892,0.0034,0.0,0.0,0.9987,"pi1, pi2",3000,TRUE,1396.8,dem
pres20,dong,pooled,marginal_null,3509,0.8192,0.7971,0.9142,0.1779,0.0024,0.1803,1321676.0,28532.0,4092306.3,2900939.2,55035.0,9250531.6,321,10.0348,True,0.1008,0.0985,0.0031,0.0,0.0,0.0,"pi1, pi2",5000,FALSE,5372.1,dem
pres20,dong,pooled,joint_null,3509,0.8117,0.7927,0.8302,0.1869,0.0012,0.1881,1317056.4,68357.1,3947360.1,3116286.0,150974.1,9255473.0,418,1.8409,True,0.0178,0.0183,0.0014,0.9981,0.9976,0.998,,3000,TRUE,1558.1,dem
pres20,dong,sameday,real,3509,0.9964,0.9937,0.9983,0.0033,0.0002,0.0035,10386.7,0.0,48331.0,36739.0,0.0,157164.0,1,1.3821,True,0.0016,0.0016,0.0,0.9994,0.994,0.9973,,3000,TRUE,1607.9,dem
pres20,dong,sameday,marginal_null,3509,0.9952,0.992,0.9978,0.0046,0.0002,0.0048,20543.0,0.0,91677.0,67334.7,0.0,275999.0,3,1.3419,True,0.0022,0.0022,0.0,0.9808,0.9974,0.9988,,5000,FALSE,5717.8,dem
pres20,dong,sameday,joint_null,3509,0.9948,0.9909,0.998,0.0049,0.0002,0.0051,21845.2,0.0,99459.1,96278.1,0.0,389110.0,1,2.0353,True,0.0035,0.0035,0.0,0.9925,0.9871,0.999,,3000,TRUE,1632.5,dem
pres21,constituency,early,real,253,0.9054,0.8018,0.9673,0.0899,0.0028,0.0927,520016.9,0.0,1707414.2,1456140.0,0.0,4871039.4,7,4.2054,True,0.1152,0.1148,0.0004,0.0,0.0,0.9968,"pi1, pi2",5000,FALSE,244.4,dem
pres21,constituency,early,marginal_null,253,0.9259,0.8469,0.9639,0.0698,0.0027,0.0725,408512.6,0.0,1515790.9,1223596.9,0.0,4473900.6,3,2.7698,True,0.0705,0.0703,0.0002,0.9947,0.9969,1.0,,5000,FALSE,243.5,dem
pres21,constituency,early,joint_null,253,0.9381,0.8979,0.9717,0.0579,0.0027,0.0606,308705.4,20799.0,1025238.0,1002167.1,47360.0,3305545.9,2,1.6253,True,0.0317,0.0318,0.0002,0.9292,0.9945,0.9998,,5000,FALSE,243.3,dem
pres21,constituency,early_out,real,253,0.9398,0.9048,0.9984,0.0562,0.0029,0.0591,49593.8,0.0,210795.1,662682.9,0.0,2565414.3,0,2.9513,True,0.0626,0.0621,0.0004,0.0,0.0,0.9994,"pi1, pi2",5000,FALSE,241.1,dem
pres21,constituency,early_out,marginal_null,253,0.9635,0.8943,0.9998,0.0324,0.0027,0.0351,51701.0,0.0,246410.0,606159.8,0.0,2522610.6,0,4.3665,True,0.0832,0.0831,0.0002,0.0,0.0,1.0,"pi1, pi2",5000,FALSE,246.3,dem
pres21,constituency,early_out,joint_null,253,0.9399,0.8682,0.9916,0.0561,0.0028,0.0589,63256.5,0.0,274404.0,893777.2,0.0,3401685.7,0,3.5986,True,0.091,0.0912,0.0002,0.0,0.0,1.0,"pi1, pi2",5000,FALSE,244.5,dem
pres21,constituency,early_total,real,253,0.9238,0.8794,0.9673,0.0714,0.0036,0.075,301742.8,17718.0,698506.9,604575.7,35525.0,1406402.0,11,1.7267,True,0.0433,0.0393,0.0041,1.0,0.9983,1.0,,5000,FALSE,243.2,dem
pres21,constituency,early_total,marginal_null,253,0.9199,0.8812,0.9551,0.0743,0.0045,0.0788,378465.5,31290.0,868971.9,748911.4,61766.0,1715767.8,11,1.2521,True,0.0237,0.0197,0.004,0.9934,1.0,0.9978,,5000,FALSE,242.9,dem
pres21,constituency,early_total,joint_null,253,0.9224,0.8772,0.9609,0.0735,0.0027,0.0763,569087.4,5553.0,1504580.0,1122497.2,11408.0,2930668.3,9,1.5945,True,0.0382,0.0383,0.0002,0.9948,0.9995,0.9884,,5000,FALSE,245.2,dem
pres21,constituency,sameday,real,253,0.9901,0.9716,0.9996,0.0055,0.0028,0.0083,6001.6,0.0,26381.0,19929.7,0.0,83298.0,0,1.7265,True,0.0122,0.0121,0.0003,0.9989,0.9975,0.9998,,5000,FALSE,243.6,dem
pres21,constituency,sameday,marginal_null,253,0.983,0.9609,0.9977,0.013,0.0026,0.0156,13928.9,0.0,49055.0,54652.0,0.0,173548.0,0,1.531,True,0.0159,0.0156,0.0004,0.9964,0.9929,1.0,,5000,FALSE,242.8,dem
pres21,constituency,sameday,joint_null,253,0.9745,0.9359,0.9948,0.0211,0.0029,0.0239,48932.4,0.0,176745.0,177679.1,0.0,598695.0,0,2.2627,True,0.0314,0.0317,0.0003,0.9962,0.9951,0.9952,,5000,FALSE,244.4,dem
pres21,constituency,total,real,242,0.6794,0.6075,0.8655,0.271,0.0417,0.3127,3938938.2,154035.0,11605505.8,7513377.2,279558.9,22240975.9,26,4.1449,True,0.1772,0.1483,0.0455,0.0,0.0,0.0,"pi1, pi2, pi3",5000,FALSE,239.2,dem
pres21,constituency,total,marginal_null,242,0.6843,0.6222,0.7454,0.2648,0.0494,0.3142,4463627.2,346133.2,11034510.9,8663934.5,657243.3,21582922.9,34,1.1867,True,0.0265,0.0279,0.0124,1.0,1.0,0.9968,,5000,FALSE,241.1,dem
pres21,constituency,total,joint_null,242,0.8183,0.6382,0.9338,0.1493,0.034,0.1833,2917529.2,44627.0,8504073.7,5723107.3,85802.0,16864677.8,21,6.5322,True,0.2315,0.166,0.0702,0.0,0.0,0.0,"pi1, pi2, pi3",5000,FALSE,239.9,dem
pres21,dong,early,real,3553,0.9946,0.9897,0.9976,0.0051,0.0002,0.0053,19534.5,0.0,100231.0,117094.1,0.0,532043.0,0,2.2372,True,0.0045,0.0046,0.0,1.0,1.0,0.9955,,3000,TRUE,8444.0,dem
pres21,dong,early,marginal_null,3553,0.9868,0.9782,0.9919,0.013,0.0002,0.0132,39147.7,0.0,202286.0,281099.3,0.0,1159504.9,2,2.6218,True,0.0084,0.0084,0.0,0.9993,0.9988,0.9924,,3000,TRUE,10227.7,dem
pres21,dong,early,joint_null,3553,0.9954,0.9907,0.9983,0.0043,0.0002,0.0045,20218.2,0.0,91950.0,108067.3,0.0,420599.0,1,2.3325,True,0.0044,0.0044,0.0,0.9995,1.0,0.998,,3000,TRUE,8121.9,dem
pres21,dong,pooled,real,3553,0.7844,0.7617,0.9117,0.2125,0.0028,0.2153,1436206.3,40410.0,4732696.6,3308777.5,88541.0,10881894.5,388,12.7349,True,0.1345,0.1303,0.0042,0.0,0.0,0.0,"pi1, pi2",3000,TRUE,1397.5,dem
pres21,dong,pooled,marginal_null,3553,0.787,0.7706,0.91,0.2079,0.0046,0.2125,1504530.4,39810.0,4907363.7,3299246.7,80874.0,10830152.7,387,11.8647,True,0.1213,0.1176,0.0037,0.0,0.0,0.0,"pi1, pi2",5000,FALSE,5785.8,dem
pres21,dong,pooled,joint_null,3553,0.7876,0.7694,0.9204,0.2081,0.0035,0.2116,1343669.7,49267.0,4386661.0,3049985.8,111494.0,9885276.1,374,13.327,True,0.1346,0.1309,0.0051,0.0,0.0,0.0,"pi1, pi2",3000,TRUE,1597.2,dem
pres21,dong,sameday,real,3553,0.9961,0.9936,0.9981,0.0037,0.0002,0.0038,8694.0,0.0,36458.0,36380.4,0.0,136385.0,0,1.2401,True,0.0014,0.0014,0.0,0.9991,0.9985,0.9817,,3000,TRUE,1451.4,dem
pres21,dong,sameday,marginal_null,3553,0.9963,0.9941,0.9983,0.0034,0.0002,0.0036,10030.1,0.0,44873.0,37168.3,0.0,151322.0,1,1.1009,True,0.0009,0.001,0.0001,1.0,0.9921,0.9994,,5000,FALSE,5729.2,dem
pres21,dong,sameday,joint_null,3553,0.9953,0.9927,0.9975,0.0044,0.0002,0.0046,19816.2,0.0,87720.9,87546.7,0.0,344749.0,0,1.0566,True,0.0008,0.0008,0.0,0.9957,1.0,0.9947,,3000,TRUE,1733.1,dem
