file,size,elec,level,channel,source,leader_side,p_no_fraud,p_nf_lo,p_nf_hi,p_incr,p_incr_lo,p_incr_hi,p_ext,p_ext_lo,p_ext_hi,fraud_share,Ft,Ft_lo,Ft_hi,Fw,Fw_lo,Fw_hi,n_flagged,n_units,rhat,not_converged,M1,M2,M3,D1,D2,D3,mebane_flag,elapsed,completed
21_constituency_early_joint_null_con,4846,21,constituency,early,joint_null,con,0.986,0.9666,0.9987,0.0099,0.0002,0.0277,0.0027,0.0,0.0122,0.0127,19197.7,0.0,77925.1,129202.2,0.0,468092.1,0,253,1.4489,True,0.0114,0.0116,0.0006,1.0,0.9936,0.9971,False,51.6,True
21_constituency_early_marginal_null_con,4856,21,constituency,early,marginal_null,con,0.985,0.9452,0.9987,0.0107,0.0001,0.0494,0.0027,0.0,0.0116,0.0134,22177.8,0.0,101802.0,154582.9,0.0,665323.9,0,253,2.8689,True,0.0323,0.032,0.0004,0.9987,0.996,1.0,False,51.8,True
21_constituency_early_out_joint_null_con,4855,21,constituency,early_out,joint_null,con,0.9896,0.9733,0.9998,0.0061,0.0,0.0213,0.0029,0.0,0.012,0.009,1815.6,0.0,8365.0,46425.2,0.0,196906.8,0,253,1.4753,True,0.0085,0.0083,0.0004,0.9954,0.9937,0.9972,False,61.6,True
21_constituency_early_out_marginal_null_con,4865,21,constituency,early_out,marginal_null,con,0.9878,0.9702,0.9995,0.0081,0.0,0.0244,0.0027,0.0,0.0118,0.0108,5354.2,0.0,23535.0,84193.4,0.0,355181.0,0,253,1.4532,True,0.0116,0.0118,0.0004,0.9961,0.8777,1.0,False,53.5,True
21_constituency_early_out_real_con,4838,21,constituency,early_out,real,con,0.9896,0.9672,0.9996,0.006,0.0,0.0273,0.0027,0.0,0.0118,0.0086,2607.6,0.0,11957.0,64974.4,0.0,271996.9,0,253,1.9986,True,0.0169,0.0165,0.0005,0.997,0.9967,0.9909,False,54.6,True
21_constituency_early_real_con,4830,21,constituency,early,real,con,0.9793,0.9462,0.9995,0.0164,0.0,0.0493,0.0028,0.0,0.0116,0.0193,32790.7,0.0,147353.0,238133.8,0.0,1001401.7,0,253,2.6179,True,0.0351,0.035,0.0003,0.9952,0.9961,0.9948,False,53.2,True
21_constituency_early_total_joint_null_con,4863,21,constituency,early_total,joint_null,con,0.9885,0.9732,0.9988,0.0076,0.0003,0.0214,0.0026,0.0,0.0113,0.0102,22614.0,0.0,96515.0,86064.7,0.0,357133.9,0,253,1.0832,True,0.0039,0.0041,0.0003,0.9987,0.9949,0.9929,False,55.0,True
21_constituency_early_total_marginal_null_con,4872,21,constituency,early_total,marginal_null,con,0.9899,0.9719,0.9998,0.0058,0.0,0.0232,0.0028,0.0,0.0116,0.0086,14525.2,0.0,62671.1,62687.9,0.0,261091.1,0,253,1.6549,True,0.0118,0.0117,0.0003,1.0,0.9931,0.9936,False,51.7,True
21_constituency_early_total_real_con,4845,21,constituency,early_total,real,con,0.9894,0.9735,0.9995,0.0065,0.0,0.0201,0.0029,0.0,0.0124,0.0093,12585.0,0.0,42106.0,76408.6,0.0,234672.8,0,253,1.2355,True,0.0083,0.0079,0.0004,0.9983,0.994,0.9985,False,61.4,True
21_constituency_sameday_joint_null_con,4803,21,constituency,sameday,joint_null,con,0.9932,0.9805,0.9998,0.0028,0.0,0.0124,0.0028,0.0,0.0124,0.0056,0.0,0.0,0.0,0.0,0.0,0.0,0,253,1.0209,False,0.0013,0.001,0.0004,0.9967,0.9969,0.9965,False,64.2,True
21_constituency_sameday_marginal_null_con,4858,21,constituency,sameday,marginal_null,con,0.9924,0.9794,0.9998,0.0036,0.0,0.0141,0.0027,0.0,0.012,0.0063,5298.9,0.0,22451.0,15299.3,0.0,63406.0,0,253,1.1632,True,0.0037,0.0038,0.0005,0.9979,0.983,1.0,False,58.1,True
21_constituency_sameday_real_con,4831,21,constituency,sameday,real,con,0.9926,0.9799,0.9997,0.0035,0.0,0.0139,0.0027,0.0,0.0116,0.0061,3855.5,0.0,16592.0,13561.2,0.0,57763.0,0,253,1.1659,True,0.0037,0.0039,0.0004,0.9991,0.9939,1.0,False,62.5,True
21_constituency_total_joint_null_con,4852,21,constituency,total,joint_null,con,0.9104,0.8732,0.9462,0.0856,0.0522,0.1235,0.0028,0.0,0.0123,0.0883,1079500.1,0.0,3466382.9,2071848.4,0.0,6688359.2,3,253,1.0624,True,0.012,0.0118,0.0002,0.9931,0.9986,0.9965,False,52.1,True
21_constituency_total_marginal_null_con,4860,21,constituency,total,marginal_null,con,0.9161,0.8756,0.951,0.0798,0.0462,0.1196,0.0028,0.0,0.0125,0.0826,998638.5,0.0,3154151.2,1953567.5,0.0,6232889.3,3,253,1.2565,True,0.0246,0.0234,0.0012,0.9848,0.9872,1.0,False,58.4,True
21_constituency_total_real_con,4833,21,constituency,total,real,con,0.9237,0.87,0.9642,0.072,0.0312,0.1241,0.0028,0.0,0.0121,0.0748,906813.4,0.0,3065178.2,1785730.3,0.0,6105207.7,4,253,1.9853,True,0.0518,0.052,0.0002,1.0,0.996,0.9904,False,52.1,True
21_dong_early_joint_null_con,5851,21,dong,early,joint_null,con,0.9906,0.9868,0.9955,0.0091,0.0045,0.0132,0.0002,0.0,0.0008,0.0093,32524.7,0.0,146411.0,200713.1,0.0,775688.0,2,3480,1.7796,True,0.0042,0.0042,0.0,0.9952,0.9985,0.9907,False,1772.2,True
21_dong_early_marginal_null_con,6703,21,dong,early,marginal_null,con,0.9943,0.99,0.9969,0.0054,0.0028,0.0095,0.0002,0.0,0.0008,0.0056,14380.0,196.0,61450.0,121719.3,405.0,426072.9,3,3480,1.8581,True,0.0031,0.0031,0.0,0.9973,0.9907,0.9998,False,1814.4,True
21_dong_early_real_con,5759,21,dong,early,real,con,0.9945,0.9909,0.9975,0.0052,0.0023,0.0087,0.0002,0.0,0.0009,0.0054,11818.4,243.0,53326.0,94989.7,439.0,383367.9,2,3480,1.6901,True,0.0033,0.0033,0.0,0.9927,0.9983,0.9971,False,1715.1,True
21_dong_pooled_joint_null_con,6785,21,dong,pooled,joint_null,con,0.9336,0.9237,0.943,0.0661,0.0567,0.076,0.0002,0.0,0.0009,0.0663,609669.6,6236.0,1933259.1,1485049.3,14846.0,4660433.0,73,3480,1.322,True,0.007,0.0069,0.0001,0.9937,0.9974,0.9954,False,1657.6,True
21_dong_pooled_marginal_null_con,4877,21,dong,pooled,marginal_null,con,0.9313,0.9178,0.9404,0.0684,0.0589,0.0816,0.0002,0.0,0.0008,0.0686,447052.6,20908.0,1397989.0,973634.0,46770.0,3077021.1,82,3480,1.7953,True,0.0106,0.0106,0.0,0.9987,1.0,0.9947,False,1527.5,True
21_dong_pooled_real_con,6834,21,dong,pooled,real,con,0.939,0.9272,0.9495,0.0607,0.0503,0.0726,0.0002,0.0,0.0009,0.0609,348329.6,6947.0,1149049.2,808906.9,16413.0,2639832.2,70,3480,1.8601,True,0.0102,0.0103,0.0,0.9836,0.9942,0.9941,False,1701.5,True
21_dong_sameday_joint_null_con,6694,21,dong,sameday,joint_null,con,0.9981,0.9964,0.9995,0.0016,0.0004,0.0033,0.0002,0.0,0.0009,0.0018,8480.8,0.0,38172.0,29213.1,0.0,121635.0,0,3480,1.1431,True,0.0006,0.0006,0.0,0.9932,1.0,1.0,False,1777.9,True
21_dong_sameday_marginal_null_con,5786,21,dong,sameday,marginal_null,con,0.9986,0.9968,0.9998,0.0011,0.0001,0.0027,0.0002,0.0,0.0009,0.0013,6563.2,0.0,29807.0,16188.0,0.0,69672.0,0,3480,1.4409,True,0.0011,0.001,0.0,0.9938,0.9994,0.9996,False,1690.4,True
21_dong_sameday_real_con,4833,21,dong,sameday,real,con,0.9991,0.9978,1.0,0.0006,0.0,0.0018,0.0002,0.0,0.0009,0.0008,717.7,0.0,3168.0,2416.8,0.0,9781.0,0,3480,1.4326,True,0.0009,0.0009,0.0,0.9769,0.9946,1.0,False,1714.4,True
22_constituency_early_joint_null_con,4630,22,constituency,early,joint_null,con,0.9793,0.9573,0.9954,0.0166,0.0021,0.0366,0.0028,0.0,0.0121,0.0194,44294.7,0.0,176120.0,217379.7,0.0,801293.9,0,246,1.2524,True,0.0117,0.0121,0.0004,1.0,0.9895,1.0,False,238.6,True
22_constituency_early_marginal_null_con,4639,22,constituency,early,marginal_null,con,0.9799,0.9585,0.9948,0.016,0.0027,0.0354,0.0028,0.0,0.0121,0.0188,43650.8,0.0,152815.1,225725.9,0.0,715014.1,1,246,1.1464,True,0.0083,0.0083,0.0003,1.0,0.9969,0.9963,False,239.9,True
22_constituency_early_out_joint_null_con,4638,22,constituency,early_out,joint_null,con,0.9893,0.973,0.9994,0.0067,0.0,0.0211,0.0028,0.0,0.0119,0.0094,1399.4,0.0,6658.0,40666.2,0.0,171142.0,0,246,1.2059,True,0.008,0.0079,0.0003,0.9964,0.9985,0.9972,False,238.3,True
22_constituency_early_out_marginal_null_con,4648,22,constituency,early_out,marginal_null,con,0.9862,0.9608,0.9997,0.0092,0.0,0.0338,0.0029,0.0,0.0123,0.0121,6262.6,0.0,29304.0,86961.4,0.0,368746.1,0,246,2.1643,True,0.0208,0.0205,0.0003,0.9067,0.9988,1.0,False,240.4,True
22_constituency_early_out_real_con,4621,22,constituency,early_out,real,con,0.9912,0.9772,0.9998,0.0047,0.0,0.0165,0.0028,0.0,0.0121,0.0075,2217.8,0.0,10190.0,34451.3,0.0,144357.0,0,246,1.1563,True,0.0045,0.0041,0.0004,0.9972,0.9983,0.9993,False,237.0,True
22_constituency_early_real_con,4612,22,constituency,early,real,con,0.9863,0.9618,0.9984,0.0091,0.0001,0.0322,0.0029,0.0,0.0122,0.012,24996.1,0.0,109392.9,134868.5,0.0,558514.9,0,246,1.8967,True,0.016,0.0162,0.0005,0.9971,0.9998,0.9942,False,239.0,True
22_constituency_early_total_joint_null_con,4646,22,constituency,early_total,joint_null,con,0.9891,0.9731,0.9994,0.0067,0.0,0.0207,0.0028,0.0,0.0119,0.0095,18342.4,0.0,60104.1,62043.3,0.0,197817.0,0,246,1.2462,True,0.0085,0.0082,0.0004,0.9987,0.9979,0.9982,False,238.2,True
22_constituency_early_total_marginal_null_con,4652,22,constituency,early_total,marginal_null,con,0.9913,0.9768,0.9997,0.0047,0.0,0.0167,0.0028,0.0,0.012,0.0075,10733.0,0.0,46229.0,41080.0,0.0,170627.1,0,246,1.1535,True,0.0041,0.0041,0.0001,0.9955,1.0,1.0,False,238.0,True
22_constituency_early_total_real_con,4626,22,constituency,early_total,real,con,0.9924,0.979,0.9998,0.0036,0.0,0.0144,0.0028,0.0,0.0119,0.0064,5274.4,0.0,22731.1,22521.2,0.0,94747.1,0,246,1.1707,True,0.0045,0.0042,0.0003,0.9997,1.0,0.9963,False,239.4,True
22_constituency_sameday_joint_null_con,4633,22,constituency,sameday,joint_null,con,0.9913,0.9765,0.9998,0.0046,0.0,0.0172,0.0028,0.0,0.0124,0.0074,9168.4,0.0,40232.0,33862.2,0.0,142372.1,0,246,1.1709,True,0.0046,0.0045,0.0002,0.9908,0.9944,1.0,False,238.5,True
22_constituency_sameday_marginal_null_con,4641,22,constituency,sameday,marginal_null,con,0.9922,0.979,0.9997,0.0036,0.0,0.0145,0.0028,0.0,0.0118,0.0065,4591.2,0.0,19415.0,16375.8,0.0,67114.0,0,246,1.1692,True,0.0043,0.0042,0.0003,1.0,0.9978,1.0,False,238.8,True
22_constituency_sameday_real_con,4614,22,constituency,sameday,real,con,0.9914,0.977,0.9996,0.0046,0.0,0.0169,0.0027,0.0,0.0119,0.0073,8388.6,0.0,19324.9,33285.6,0.0,71006.0,0,246,1.1657,True,0.0042,0.0043,0.0004,1.0,0.9974,1.0,False,238.0,True
22_constituency_total_joint_null_con,4635,22,constituency,total,joint_null,con,0.8709,0.8104,0.9269,0.1252,0.072,0.1872,0.0027,0.0,0.0117,0.1279,1274843.3,0.0,3939228.6,2658190.0,0.0,8283365.7,7,246,1.964,True,0.0523,0.0521,0.0004,0.8455,0.6303,1.0,False,240.5,True
22_constituency_total_marginal_null_con,4644,22,constituency,total,marginal_null,con,0.8707,0.8122,0.9241,0.1251,0.0745,0.1849,0.0029,0.0,0.0125,0.128,1434691.1,0.0,4504985.2,2837317.6,0.0,9050967.7,6,246,1.6941,True,0.0543,0.0538,0.0005,0.9982,0.9971,0.9976,False,240.8,True
22_constituency_total_real_con,4822,22,constituency,total,real,con,0.8971,0.83,0.9613,0.0988,0.0344,0.164,0.0029,0.0,0.0121,0.1017,1030635.9,0.0,3809254.3,2082251.6,0.0,7676327.4,1,246,2.8699,True,0.0821,0.082,0.0002,0.0,0.0,0.9963,True,240.9,True
22_dong_early_joint_null_con,4834,22,dong,early,joint_null,con,0.9933,0.9808,0.9972,0.0063,0.0025,0.0187,0.0003,0.0,0.0011,0.0065,24154.4,0.0,115681.0,134755.5,0.0,562173.0,0,2739,4.3412,True,0.0116,0.0117,0.0001,0.0,0.0,1.0,True,3975.9,True
22_dong_early_marginal_null_con,4848,22,dong,early,marginal_null,con,0.9918,0.9766,0.997,0.0078,0.0029,0.0232,0.0003,0.0,0.0011,0.0081,20325.9,0.0,100327.0,125164.7,0.0,523368.1,2,2739,4.9772,True,0.0155,0.0155,0.0,0.0,0.0,0.9919,True,3966.0,True
22_dong_early_real_con,4815,22,dong,early,real,con,0.9933,0.9794,0.9975,0.0062,0.0022,0.0202,0.0003,0.0,0.0011,0.0065,17722.4,0.0,87756.0,113371.4,0.0,482730.0,0,2739,4.8156,True,0.0134,0.0134,0.0,0.0,0.0,1.0,True,4188.7,True
22_dong_pooled_joint_null_con,4634,22,dong,pooled,joint_null,con,0.9387,0.9283,0.9488,0.0609,0.0506,0.071,0.0002,0.0,0.0011,0.0612,523440.5,9468.0,1688419.9,1231961.2,22112.0,3897356.9,46,2739,1.2671,True,0.0065,0.0065,0.0,1.0,0.9916,1.0,False,4206.0,True
22_dong_pooled_marginal_null_con,4656,22,dong,pooled,marginal_null,con,0.9316,0.918,0.9468,0.0681,0.0536,0.0823,0.0003,0.0,0.0011,0.0683,492168.5,5361.0,1552912.9,1074382.6,11479.0,3419181.1,52,2739,2.1247,True,0.0157,0.0157,0.0,0.9967,0.9993,1.0,False,4294.1,True
22_dong_pooled_real_con,4631,22,dong,pooled,real,con,0.9359,0.9251,0.9459,0.0637,0.0538,0.0745,0.0002,0.0,0.0011,0.0639,367981.3,11793.0,1246439.0,874482.2,27879.0,2920442.0,52,2739,1.2765,True,0.0067,0.0067,0.0,0.9991,1.0,0.9995,False,4053.1,True
22_dong_sameday_joint_null_con,4627,22,dong,sameday,joint_null,con,0.998,0.9958,0.9996,0.0016,0.0002,0.0036,0.0002,0.0,0.0011,0.0019,5493.3,0.0,24307.0,25513.7,0.0,102340.0,0,2739,1.4018,True,0.0013,0.0013,0.0,0.9925,0.9981,0.9996,False,3830.2,True
22_dong_sameday_marginal_null_con,4640,22,dong,sameday,marginal_null,con,0.9978,0.9956,0.9993,0.0019,0.0004,0.0039,0.0003,0.0,0.0011,0.0021,5179.8,0.0,23834.0,19936.4,0.0,84425.0,0,2739,1.1251,True,0.0008,0.0008,0.0001,0.9908,1.0,0.9999,False,3927.6,True
22_dong_sameday_real_con,4618,22,dong,sameday,real,con,0.9983,0.9957,0.9998,0.0013,0.0,0.0038,0.0003,0.0,0.0011,0.0016,2798.9,0.0,13095.0,10503.6,0.0,44848.0,0,2739,1.9061,True,0.0022,0.0022,0.0,0.9939,0.9982,1.0,False,4338.6,True
pres18_constituency_total_no_early_joint_null_con,6920,pres18,constituency,total_no_early,joint_null,con,0.7546,0.6862,0.8864,0.2414,0.1089,0.3081,0.0028,0.0,0.0123,0.2442,2445986.8,81433.2,6623422.6,5176783.5,181619.1,13936093.7,22,251,3.2402,True,0.1256,0.1258,0.0002,0.0,0.0,0.9961,True,110.9,True
pres18_constituency_total_no_early_marginal_null_con,5117,pres18,constituency,total_no_early,marginal_null,con,0.7437,0.6766,0.8864,0.2526,0.1106,0.3196,0.0028,0.0,0.0119,0.2554,2538711.2,112177.0,6998650.6,5212909.3,221067.0,14442963.8,17,251,3.502,True,0.1386,0.1386,0.0003,0.0,0.0,0.9972,True,71.5,True
pres18_constituency_total_no_early_real_con,4885,pres18,constituency,total_no_early,real,con,0.7368,0.6778,0.7995,0.2593,0.1974,0.319,0.0027,0.0,0.0115,0.262,2556761.2,128552.0,7507180.6,5295087.5,262721.0,15467896.1,27,251,1.2361,True,0.0402,0.04,0.0004,0.9883,0.9916,0.997,False,71.7,True
pres18_dong_total_no_early_joint_null_con,6109,pres18,dong,total_no_early,joint_null,con,0.7465,0.7277,0.8582,0.2525,0.1411,0.2708,0.0008,0.0,0.002,0.2533,1718037.1,55703.0,5403307.7,4530868.2,145732.1,13805614.4,412,3479,9.8244,True,0.1096,0.1087,0.0009,0.0,0.0,0.0054,True,1839.1,True
pres18_dong_total_no_early_marginal_null_con,5120,pres18,dong,total_no_early,marginal_null,con,0.8225,0.7256,0.8448,0.1772,0.1538,0.2728,0.0008,0.0,0.0027,0.178,1805350.1,52351.0,5950112.8,3852548.2,108252.0,12673449.9,269,3479,9.3318,True,0.1012,0.1012,0.0015,0.0,0.0,0.0,True,1691.4,True
pres18_dong_total_no_early_real_con,5813,pres18,dong,total_no_early,real,con,0.741,0.7119,0.7611,0.2585,0.2375,0.2862,0.0005,0.0,0.0017,0.259,1657649.6,64603.0,4948521.0,4657560.5,185331.0,13586332.2,541,3479,2.3453,True,0.0265,0.0263,0.0008,0.9953,0.9228,0.9962,False,1719.4,True
pres20_dong_early_joint_null_con,5201,pres20,dong,early,joint_null,con,0.9951,0.9276,0.9983,0.0046,0.0016,0.0722,0.0002,0.0,0.0008,0.0048,117410.8,0.0,546421.0,319312.2,0.0,1416692.0,2,3509,18.5951,True,0.065,0.065,0.0,0.0,0.0,0.9975,True,5298.8,True
pres20_dong_early_marginal_null_con,5003,pres20,dong,early,marginal_null,con,0.9924,0.9882,0.9957,0.0073,0.0041,0.0115,0.0002,0.0,0.0009,0.0075,24575.6,307.0,100567.0,134002.2,664.0,477514.0,3,3509,1.5732,True,0.0031,0.0031,0.0,0.9966,0.9971,0.9907,False,5723.3,True
pres20_dong_early_real_con,4968,pres20,dong,early,real,con,0.9927,0.9884,0.9961,0.0071,0.0036,0.0112,0.0002,0.0,0.0009,0.0073,21910.0,0.0,91620.0,127436.8,0.0,440026.0,7,3509,1.5919,True,0.0033,0.0033,0.0,0.991,0.9947,0.9979,False,5357.1,True
pres20_dong_sameday_marginal_null_con,5003,pres20,dong,sameday,marginal_null,con,0.9977,0.9957,0.9992,0.002,0.0006,0.0039,0.0002,0.0,0.0009,0.0022,20299.1,0.0,85534.0,46798.3,0.0,191160.0,0,3509,1.2274,True,0.0011,0.0011,0.0,0.9964,0.9919,0.9989,False,5262.4,True
pres20_dong_sameday_real_con,4976,pres20,dong,sameday,real,con,0.9987,0.9971,0.9998,0.001,0.0001,0.0025,0.0002,0.0,0.0009,0.0012,16000.0,0.0,53472.0,33420.7,0.0,109976.0,0,3509,1.3119,True,0.0008,0.0008,0.0,0.9901,0.9921,0.9951,False,5598.9,True
