"행정구역별","종사상지위별",2019.1/2,2019.2/2,2020.1/2,2020.2/2,2021.1/2,2021.2/2,2022.1/2,2022.2/2,2023.1/2,2023.2/2,2024.1/2,2024.2/2,2025.1/2,2025.2/2
"서울 종로구","계",-,-,-,-,73.1,77.8,78.3,71.8,73.6,72.6,72.5,72.9,70.8,72.8
"서울 종로구","임금근로자",-,-,-,-,54.6,59.4,60.4,56,57,55.9,56,55.9,54.1,56.2
"서울 종로구","- 상용근로자",-,-,-,-,39.8,42.8,44.1,44.7,42.1,42.1,43.5,43.2,43.5,43
"서울 종로구","- 임시·일용근로자",-,-,-,-,14.8,16.6,16.3,11.3,15,13.8,12.5,12.7,10.6,13.2
"서울 종로구","비임금근로자",-,-,-,-,18.6,18.4,17.9,15.8,16.6,16.7,16.6,17,16.7,16.6
"서울 중구","계",-,-,-,-,65.4,67.1,69.4,67.6,69.7,68.5,72,72.5,72.2,68.6
"서울 중구","임금근로자",-,-,-,-,46.8,48.9,49.6,48.4,49.8,48.1,52.1,52.6,52.1,51.2
"서울 중구","- 상용근로자",-,-,-,-,34.6,35.7,35.6,36.4,37.6,36.5,38.6,39.3,38.5,38
"서울 중구","- 임시·일용근로자",-,-,-,-,12.2,13.2,14,12,12.2,11.7,13.5,13.3,13.6,13.1
"서울 중구","비임금근로자",-,-,-,-,18.6,18.3,19.7,19.3,19.9,20.3,19.9,20,20.1,17.4
"서울 용산구","계",-,-,-,-,121,122.7,122.8,119.1,123,118.3,115.9,113.3,110.6,112.5
"서울 용산구","임금근로자",-,-,-,-,93.7,96.8,96.7,88.1,94.3,92.6,89.6,88.4,86.2,85.4
"서울 용산구","- 상용근로자",-,-,-,-,71.8,76.4,78.8,73.1,74.3,73.8,75.3,73.5,71.1,70.8
"서울 용산구","- 임시·일용근로자",-,-,-,-,21.9,20.4,17.9,15,20,18.8,14.2,14.9,15.1,14.6
"서울 용산구","비임금근로자",-,-,-,-,27.3,25.9,26,31,28.7,25.7,26.3,24.9,24.4,27.1
"서울 성동구","계",-,-,-,-,147.1,146.7,150.1,152.7,149.5,145.5,146.6,150.3,147.4,150.4
"서울 성동구","임금근로자",-,-,-,-,117.3,119.1,122.5,121.1,118.6,115.7,117,117.8,117,120.9
"서울 성동구","- 상용근로자",-,-,-,-,98.8,96.9,103.4,101.3,99.5,98.1,99.9,96.8,97.3,99.8
"서울 성동구","- 임시·일용근로자",-,-,-,-,18.5,22.2,19.1,19.8,19.2,17.6,17.1,21,19.7,21.1
"서울 성동구","비임금근로자",-,-,-,-,29.8,27.6,27.7,31.6,30.9,29.8,29.6,32.6,30.3,29.5
"서울 광진구","계",-,-,-,-,179.8,183.2,190.7,188.2,192,188.1,193.5,190.8,197.5,196.2
"서울 광진구","임금근로자",-,-,-,-,143.2,147.1,155.6,151.5,158.5,157,163.7,159.6,165.9,163.9
"서울 광진구","- 상용근로자",-,-,-,-,109.9,114.3,122.2,120,124.6,118.3,126,122.3,124.2,127.8
"서울 광진구","- 임시·일용근로자",-,-,-,-,33.3,32.7,33.4,31.4,33.9,38.6,37.7,37.3,41.7,36.1
"서울 광진구","비임금근로자",-,-,-,-,36.7,36.1,35.1,36.7,33.5,31.1,29.8,31.2,31.5,32.3
"서울 동대문구","계",-,-,-,-,171,173.3,178.5,162.9,170.2,171.3,175.8,177.1,180.1,178.5
"서울 동대문구","임금근로자",-,-,-,-,132.5,138.4,141,125.3,133.1,134.5,139.3,138.4,142.9,142.4
"서울 동대문구","- 상용근로자",-,-,-,-,95.8,105.1,106.5,97.4,102.4,104.1,107.8,107.6,112.8,113.8
"서울 동대문구","- 임시·일용근로자",-,-,-,-,36.7,33.4,34.5,27.8,30.7,30.4,31.5,30.8,30.1,28.6
"서울 동대문구","비임금근로자",-,-,-,-,38.5,34.8,37.5,37.7,37,36.7,36.5,38.7,37.2,36.1
"서울 중랑구","계",-,-,-,-,190.6,190.5,193.5,198.8,207.2,204.1,209.7,204.7,202.2,199.5
"서울 중랑구","임금근로자",-,-,-,-,150,149.5,153,159.4,170,168.4,177.5,171.9,168.8,168.4
"서울 중랑구","- 상용근로자",-,-,-,-,115.2,111.2,115.4,117.5,127.7,128.4,134.3,129.3,128.1,135.6
"서울 중랑구","- 임시·일용근로자",-,-,-,-,34.8,38.3,37.6,41.9,42.4,40.1,43.3,42.6,40.7,32.8
"서울 중랑구","비임금근로자",-,-,-,-,40.6,41,40.5,39.4,37.2,35.7,32.2,32.8,33.5,31.1
"서울 성북구","계",-,-,-,-,204.3,206.8,211,214,212.5,218.8,217.7,212.3,219.4,219.7
"서울 성북구","임금근로자",-,-,-,-,160.9,168.9,172.4,165.8,162,173.1,171.6,168,174.5,173.7
"서울 성북구","- 상용근로자",-,-,-,-,118.6,125.3,132.9,129.7,128.7,133.9,131.1,130.5,136.5,138.8
"서울 성북구","- 임시·일용근로자",-,-,-,-,42.3,43.6,39.5,36.1,33.3,39.2,40.5,37.6,38,34.9
"서울 성북구","비임금근로자",-,-,-,-,43.4,37.9,38.6,48.2,50.6,45.8,46.1,44.3,45,45.9
"서울 강북구","계",-,-,-,-,139.6,140.1,137,143.9,147.5,145,140.8,141.1,135.8,133.5
"서울 강북구","임금근로자",-,-,-,-,110,110.9,107.2,115.8,119.1,114.9,111.4,110.5,107,103
"서울 강북구","- 상용근로자",-,-,-,-,71.7,75.3,73.1,79.1,83.9,78.9,77.2,78.8,77.2,70.8
"서울 강북구","- 임시·일용근로자",-,-,-,-,38.3,35.5,34,36.8,35.2,35.9,34.2,31.7,29.8,32.2
"서울 강북구","비임금근로자",-,-,-,-,29.6,29.2,29.8,28.1,28.4,30.2,29.4,30.6,28.8,30.5
"서울 도봉구","계",-,-,-,-,149.5,151.6,150.3,154.9,150.7,158.7,156.3,154.9,157.9,154.2
"서울 도봉구","임금근로자",-,-,-,-,117.5,119.7,117.4,122,116.5,124,121.5,123.6,126,122.5
"서울 도봉구","- 상용근로자",-,-,-,-,83.8,81.7,85.8,87.8,85.3,86.3,89.2,88.6,88.9,89.5
"서울 도봉구","- 임시·일용근로자",-,-,-,-,33.7,38,31.6,34.2,31.1,37.7,32.3,35,37.2,33
"서울 도봉구","비임금근로자",-,-,-,-,32,31.9,32.9,33,34.3,34.7,34.8,31.4,31.9,31.7
"서울 노원구","계",-,-,-,-,241.7,242.2,242.2,249.6,247.3,252.3,250.1,246,241.7,242.5
"서울 노원구","임금근로자",-,-,-,-,202.7,203.7,203.2,208.7,204.9,209.4,207.9,204,199.2,198
"서울 노원구","- 상용근로자",-,-,-,-,155.9,160.7,164.1,161.3,159.4,156.5,155.8,157.3,149.9,154.5
"서울 노원구","- 임시·일용근로자",-,-,-,-,46.8,43,39,47.4,45.5,52.9,52.1,46.6,49.2,43.5
"서울 노원구","비임금근로자",-,-,-,-,39,38.5,39,40.9,42.4,42.9,42.2,42,42.6,44.5
"서울 은평구","계",-,-,-,-,224.6,232.1,227.9,232,232.6,240,242.7,242.2,237.7,240.7
"서울 은평구","임금근로자",-,-,-,-,182.7,192.4,184.3,183.3,193.2,194.8,197.3,194.2,190.2,187.2
"서울 은평구","- 상용근로자",-,-,-,-,133.1,145.4,142.7,147.8,145.2,148,146.8,142.4,142,139
"서울 은평구","- 임시·일용근로자",-,-,-,-,49.6,47,41.6,35.5,48,46.7,50.5,51.8,48.1,48.2
"서울 은평구","비임금근로자",-,-,-,-,41.9,39.7,43.7,48.7,39.3,45.2,45.5,48,47.6,53.5
"서울 서대문구","계",-,-,-,-,152.2,152.3,152.8,159.7,159.3,166.3,168.8,167.7,168.6,163.9
"서울 서대문구","임금근로자",-,-,-,-,120,124.5,122.7,128,128,134.2,137.9,135.1,138.7,133.7
"서울 서대문구","- 상용근로자",-,-,-,-,89.6,95.1,94.2,96.3,94.6,97.7,102.4,97.1,97,94.6
"서울 서대문구","- 임시·일용근로자",-,-,-,-,30.3,29.3,28.4,31.7,33.4,36.4,35.5,38,41.8,39.1
"서울 서대문구","비임금근로자",-,-,-,-,32.2,27.9,30.1,31.7,31.3,32.1,30.9,32.6,29.8,30.2
"서울 마포구","계",-,-,-,-,195.6,199.5,201.6,198.1,202,205.4,201.7,205.5,198.9,200.3
"서울 마포구","임금근로자",-,-,-,-,158.3,164.8,165.5,163,166.5,168,166.4,166.3,162.2,163.5
"서울 마포구","- 상용근로자",-,-,-,-,125.7,135.5,136.4,131.2,135.3,134.8,136,130.5,126.6,127.1
"서울 마포구","- 임시·일용근로자",-,-,-,-,32.6,29.3,29,31.8,31.1,33.2,30.4,35.8,35.5,36.4
"서울 마포구","비임금근로자",-,-,-,-,37.3,34.7,36.1,35,35.5,37.4,35.2,39.1,36.7,36.9
"서울 양천구","계",-,-,-,-,210.5,211.3,214.3,215.9,218.1,216,219.4,217.1,214.6,216.5
"서울 양천구","임금근로자",-,-,-,-,166.8,168.6,171,173.4,178.6,175.3,179.5,173.7,174.3,177.2
"서울 양천구","- 상용근로자",-,-,-,-,135,136.9,135.3,134.1,142.3,138.9,144.7,138.7,137.6,138.3
"서울 양천구","- 임시·일용근로자",-,-,-,-,31.8,31.6,35.7,39.3,36.4,36.4,34.8,34.9,36.7,38.9
"서울 양천구","비임금근로자",-,-,-,-,43.7,42.7,43.4,42.5,39.5,40.6,39.9,43.5,40.3,39.2
"서울 강서구","계",-,-,-,-,288.1,292.9,297.9,303.2,303.7,303.8,313.5,307.4,307.1,300.7
"서울 강서구","임금근로자",-,-,-,-,245.7,253.4,254.5,252.4,248.7,250.4,261.7,253.6,252.8,251.4
"서울 강서구","- 상용근로자",-,-,-,-,197.3,199.1,205.8,196.6,198.8,204.7,212.6,201.8,205.9,205
"서울 강서구","- 임시·일용근로자",-,-,-,-,48.4,54.3,48.6,55.8,49.9,45.8,49.1,51.8,46.9,46.4
"서울 강서구","비임금근로자",-,-,-,-,42.4,39.5,43.4,50.8,54.9,53.4,51.8,53.8,54.3,49.2
"서울 구로구","계",-,-,-,-,217.2,221,221.6,231.2,230,227.5,227,228.1,229,229.5
"서울 구로구","임금근로자",-,-,-,-,181.5,183.8,185.1,196,193.5,186.2,190.2,190.8,189.8,188.9
"서울 구로구","- 상용근로자",-,-,-,-,130.9,130.3,132.5,133.2,134.8,133.3,138,142.5,139.8,136.4
"서울 구로구","- 임시·일용근로자",-,-,-,-,50.6,53.6,52.6,62.8,58.7,52.9,52.2,48.3,50,52.5
"서울 구로구","비임금근로자",-,-,-,-,35.7,37.1,36.6,35.2,36.5,41.3,36.8,37.3,39.2,40.6
"서울 금천구","계",-,-,-,-,129.2,130.1,133.1,139.4,139.3,142.1,139.3,140.5,132.3,131.8
"서울 금천구","임금근로자",-,-,-,-,109.2,111.2,115.2,116.6,116.6,118,115.8,116.4,112.7,112.9
"서울 금천구","- 상용근로자",-,-,-,-,75.2,72.9,78.2,79.9,80.1,83.1,83.7,78.9,75.3,77.2
"서울 금천구","- 임시·일용근로자",-,-,-,-,33.9,38.2,37,36.7,36.4,34.9,32.1,37.5,37.4,35.6
"서울 금천구","비임금근로자",-,-,-,-,20.1,19,17.9,22.8,22.7,24.1,23.5,24.1,19.7,18.9
"서울 영등포구","계",-,-,-,-,206.9,214.4,219.3,221.8,232.3,236.2,239.3,236.9,232.7,233.9
"서울 영등포구","임금근로자",-,-,-,-,175.7,184.7,187.7,187.5,196.3,202.9,206.7,201.9,195.5,196.4
"서울 영등포구","- 상용근로자",-,-,-,-,132.2,134.7,132.5,147.6,151.7,152.3,154.7,151.4,148.1,149.2
"서울 영등포구","- 임시·일용근로자",-,-,-,-,43.6,49.9,55.2,39.9,44.6,50.6,52,50.5,47.4,47.2
"서울 영등포구","비임금근로자",-,-,-,-,31.2,29.8,31.7,34.4,36,33.4,32.7,35.1,37.2,37.5
"서울 동작구","계",-,-,-,-,195.7,200.9,204.4,200.2,207.5,210.7,211.7,212.5,210.8,213.2
"서울 동작구","임금근로자",-,-,-,-,163.9,170,173,165,173.7,177.9,182,181.5,181.2,185.1
"서울 동작구","- 상용근로자",-,-,-,-,129.4,133.5,138.8,135.9,134.9,131.7,136.7,138.6,139.7,139
"서울 동작구","- 임시·일용근로자",-,-,-,-,34.5,36.5,34.2,29.2,38.8,46.2,45.4,42.9,41.5,46.1
"서울 동작구","비임금근로자",-,-,-,-,31.8,30.9,31.4,35.1,33.9,32.8,29.7,30.9,29.6,28.1
"서울 관악구","계",-,-,-,-,249.8,256.2,268.7,272.3,274.2,274.8,279.1,279.7,281,268.2
"서울 관악구","임금근로자",-,-,-,-,213.3,216.2,228.7,225.9,234.9,235,237.7,234.9,240.5,229.1
"서울 관악구","- 상용근로자",-,-,-,-,159.8,168.3,174.7,172.7,182,186.3,191.4,187,190.6,173.5
"서울 관악구","- 임시·일용근로자",-,-,-,-,53.5,47.9,54,53.1,52.9,48.7,46.2,47.8,49.9,55.6
"서울 관악구","비임금근로자",-,-,-,-,36.5,40,40,46.5,39.3,39.7,41.5,44.8,40.5,39.1
"서울 서초구","계",-,-,-,-,188.6,191,189.3,195.3,198.5,198.7,200.5,199,195.4,200.3
"서울 서초구","임금근로자",-,-,-,-,153.2,153.8,154.1,153.7,150.1,152.8,153.5,153.6,148.6,155.3
"서울 서초구","- 상용근로자",-,-,-,-,132.1,130.8,131.9,132.5,130.2,132.3,134.4,134.4,126.4,134
"서울 서초구","- 임시·일용근로자",-,-,-,-,21.1,23,22.2,21.2,20,20.5,19.2,19.2,22.3,21.3
"서울 서초구","비임금근로자",-,-,-,-,35.4,37.2,35.2,41.6,48.3,45.9,46.9,45.4,46.8,45
"서울 강남구","계",-,-,-,-,250,257,255.6,248.3,252.2,257.2,269.6,271.1,274.7,272.9
"서울 강남구","임금근로자",-,-,-,-,193,200.3,201.4,204,209.2,207.9,219.8,222.2,226.5,224.1
"서울 강남구","- 상용근로자",-,-,-,-,168.9,175.1,175.1,176,180.9,175.9,187.7,194.2,189.8,193.3
"서울 강남구","- 임시·일용근로자",-,-,-,-,24.1,25.2,26.2,27.9,28.3,32,32.1,28,36.7,30.8
"서울 강남구","비임금근로자",-,-,-,-,57.1,56.7,54.2,44.3,42.9,49.3,49.8,48.9,48.1,48.8
"서울 송파구","계",-,-,-,-,321.4,324.8,332,330.5,341.5,343.4,344.8,338,339.5,342.9
"서울 송파구","임금근로자",-,-,-,-,265,271.7,277.8,271.9,278.9,280,287.7,279.9,285.9,286.9
"서울 송파구","- 상용근로자",-,-,-,-,218.8,223.4,226.6,229.2,235.3,239,244.1,248.7,248.1,249.6
"서울 송파구","- 임시·일용근로자",-,-,-,-,46.2,48.3,51.2,42.7,43.5,41.1,43.6,31.3,37.8,37.3
"서울 송파구","비임금근로자",-,-,-,-,56.5,53.2,54.2,58.6,62.7,63.4,57.1,58.1,53.6,56
"서울 강동구","계",-,-,-,-,234.3,234.5,235.8,238.3,248.4,238.6,239.3,234.2,246.2,253.4
"서울 강동구","임금근로자",-,-,-,-,194.7,197.1,196.4,197.7,206.8,200.6,201.6,196.9,208.9,219.2
"서울 강동구","- 상용근로자",-,-,-,-,153.1,157.4,159.9,164,163.7,163.4,170,164.1,170.4,174.5
"서울 강동구","- 임시·일용근로자",-,-,-,-,41.6,39.8,36.5,33.7,43.1,37.2,31.6,32.8,38.5,44.7
"서울 강동구","비임금근로자",-,-,-,-,39.6,37.4,39.4,40.7,41.7,38,37.7,37.4,37.4,34.2
"부산 중구","계",-,-,-,-,19.2,20.8,21.3,21.5,21.4,22.3,22,22.5,22.5,21.2
"부산 중구","임금근로자",-,-,-,-,14.1,16.3,16.6,15,15.4,16.2,16.3,16.8,16.8,16.1
"부산 중구","- 상용근로자",-,-,-,-,9.8,10.9,11,10.1,10.8,11,11.2,11.9,10.8,10.9
"부산 중구","- 임시·일용근로자",-,-,-,-,4.3,5.4,5.6,4.9,4.6,5.2,5.1,4.9,6,5.1
"부산 중구","비임금근로자",-,-,-,-,5,4.5,4.7,6.6,6,6.1,5.7,5.7,5.7,5.1
"부산 서구","계",-,-,-,-,46.8,48.9,47.8,48.6,48.5,50.1,51.8,50.5,50.1,50.5
"부산 서구","임금근로자",-,-,-,-,35.2,36.9,36.8,38.5,37.9,39,40.7,39.7,40,40.8
"부산 서구","- 상용근로자",-,-,-,-,24.2,24,25.2,28.9,26.4,28.1,28.3,27.2,28.1,28.7
"부산 서구","- 임시·일용근로자",-,-,-,-,11,12.9,11.6,9.6,11.5,10.9,12.4,12.6,11.9,12.1
"부산 서구","비임금근로자",-,-,-,-,11.6,12,11,10.1,10.6,11.1,11.1,10.8,10.1,9.7
"부산 동구","계",-,-,-,-,38.4,40,40.3,41.1,43,45.6,46.6,46,44.5,44.4
"부산 동구","임금근로자",-,-,-,-,28.9,29.3,30.6,32.4,34.1,36,37.8,36.5,36,36.2
"부산 동구","- 상용근로자",-,-,-,-,20.6,19.8,19.4,23.3,23.9,25.9,26.5,25,24.8,25
"부산 동구","- 임시·일용근로자",-,-,-,-,8.3,9.5,11.2,9,10.2,10.1,11.3,11.5,11.1,11.2
"부산 동구","비임금근로자",-,-,-,-,9.5,10.7,9.7,8.8,8.9,9.5,8.9,9.6,8.6,8.2
"부산 영도구","계",-,-,-,-,46.6,49.1,49.8,51.3,47.6,49.5,47,47.5,47.5,45.6
"부산 영도구","임금근로자",-,-,-,-,33.3,35.5,37.1,39.4,37.7,39.5,37.2,38.2,37.7,36.5
"부산 영도구","- 상용근로자",-,-,-,-,23.5,23.1,25,25,23.9,25.2,22.7,24.3,24.6,23.9
"부산 영도구","- 임시·일용근로자",-,-,-,-,9.9,12.4,12.1,14.4,13.8,14.4,14.5,13.9,13.1,12.6
"부산 영도구","비임금근로자",-,-,-,-,13.3,13.6,12.7,11.9,10,9.9,9.9,9.3,9.8,9.1
"부산 부산진구","계",-,-,-,-,166.6,171.6,167.9,174.5,179.3,187.5,194,194,188.9,187.9
"부산 부산진구","임금근로자",-,-,-,-,119.8,126.9,123.4,131.3,138.8,146.2,148.6,150.6,149.5,150.8
"부산 부산진구","- 상용근로자",-,-,-,-,88.6,94.1,91.7,97,98.1,106.2,105.1,108,113.1,115.5
"부산 부산진구","- 임시·일용근로자",-,-,-,-,31.2,32.8,31.7,34.3,40.7,40,43.5,42.6,36.4,35.3
"부산 부산진구","비임금근로자",-,-,-,-,46.8,44.7,44.6,43.2,40.4,41.3,45.4,43.4,39.4,37.1
"부산 동래구","계",-,-,-,-,118.4,121.9,123,126.2,130.2,125,130.4,129.5,129.1,126.2
"부산 동래구","임금근로자",-,-,-,-,91,94.8,94.9,98.1,99.3,96.3,99.9,99.4,100.6,99.1
"부산 동래구","- 상용근로자",-,-,-,-,67.4,71.1,72.3,76.1,75,73.3,73.3,75,74.9,77.5
"부산 동래구","- 임시·일용근로자",-,-,-,-,23.6,23.7,22.6,22,24.3,22.9,26.6,24.3,25.7,21.6
"부산 동래구","비임금근로자",-,-,-,-,27.5,27.1,28.1,28.1,30.8,28.8,30.5,30.2,28.5,27.1
"부산 남구","계",-,-,-,-,117.3,118.5,124.1,122.6,122.5,121.4,122.4,128.1,126.7,126
"부산 남구","임금근로자",-,-,-,-,87.5,89.7,95.6,89.6,88.4,90.2,93.2,98.6,97.8,97.5
"부산 남구","- 상용근로자",-,-,-,-,63,66.3,70.6,65.3,65.7,68,68.5,71.3,72.2,70.5
"부산 남구","- 임시·일용근로자",-,-,-,-,24.5,23.3,25.1,24.3,22.7,22.1,24.6,27.4,25.6,27
"부산 남구","비임금근로자",-,-,-,-,29.8,28.8,28.5,33,34.2,31.3,29.2,29.5,28.9,28.5
"부산 북구","계",-,-,-,-,123.6,128.1,128.6,132.6,132.9,134.2,135.5,137.8,132.5,131.6
"부산 북구","임금근로자",-,-,-,-,96.9,102,102.4,103.2,101.9,103.4,107,110.3,104.3,102.2
"부산 북구","- 상용근로자",-,-,-,-,78.4,78.6,80.4,80.7,79.8,78.3,81.9,87.4,79.2,78.8
"부산 북구","- 임시·일용근로자",-,-,-,-,18.5,23.4,22,22.5,22.1,25.1,25.1,22.9,25.1,23.5
"부산 북구","비임금근로자",-,-,-,-,26.7,26.1,26.2,29.4,31.1,30.7,28.5,27.5,28.2,29.4
"부산 해운대구","계",-,-,-,-,173,178.5,179.1,176.2,175.1,177.5,172,175,174.5,171.2
"부산 해운대구","임금근로자",-,-,-,-,123.5,132.1,131.6,137.6,132.6,132.8,130.8,132.2,128.5,126.7
"부산 해운대구","- 상용근로자",-,-,-,-,90.6,97.2,97.2,103.8,104.7,97.3,99.2,98.9,97,97.7
"부산 해운대구","- 임시·일용근로자",-,-,-,-,32.9,34.8,34.4,33.8,27.9,35.6,31.6,33.3,31.5,29
"부산 해운대구","비임금근로자",-,-,-,-,49.5,46.4,47.5,38.6,42.5,44.7,41.1,42.7,46,44.6
"부산 사하구","계",-,-,-,-,144.4,147.9,149.2,148,148.4,152.1,152.4,149.6,148.4,144
"부산 사하구","임금근로자",-,-,-,-,109.4,115,116.7,118.1,118,123.9,124.6,121.9,123.3,120.1
"부산 사하구","- 상용근로자",-,-,-,-,84.4,83,86.2,85.6,87.8,92.9,90.5,86.2,90.6,92.5
"부산 사하구","- 임시·일용근로자",-,-,-,-,25,32,30.5,32.6,30.2,31,34,35.6,32.6,27.7
"부산 사하구","비임금근로자",-,-,-,-,35,32.9,32.5,29.9,30.5,28.1,27.8,27.7,25.1,23.8
"부산 금정구","계",-,-,-,-,104.3,109.7,106.6,107.6,104.4,105.9,104.2,103.3,103.9,100.6
"부산 금정구","임금근로자",-,-,-,-,81.8,86.3,84,84.5,85.2,84.5,84.3,82.3,81.3,76.1
"부산 금정구","- 상용근로자",-,-,-,-,59.2,62.1,60.7,59.7,63.5,62.1,60.3,58.1,57.2,58.6
"부산 금정구","- 임시·일용근로자",-,-,-,-,22.6,24.2,23.4,24.8,21.7,22.3,24,24.3,24,17.5
"부산 금정구","비임금근로자",-,-,-,-,22.5,23.3,22.6,23,19.1,21.4,19.9,20.9,22.6,24.5
"부산 강서구","계",-,-,-,-,69.5,71.9,73.5,74.9,77,78.3,80.2,82.5,81.3,84.2
"부산 강서구","임금근로자",-,-,-,-,50.4,54.1,54.3,55.2,57.4,57.3,59.7,61,61.2,64.3
"부산 강서구","- 상용근로자",-,-,-,-,40.5,43.4,43.9,44.2,47,47.2,50.2,49.9,50.2,53.8
"부산 강서구","- 임시·일용근로자",-,-,-,-,9.9,10.7,10.5,11,10.4,10,9.5,11.1,11,10.5
"부산 강서구","비임금근로자",-,-,-,-,19.2,17.8,19.2,19.7,19.6,21,20.6,21.6,20.1,19.9
"부산 연제구","계",-,-,-,-,92.3,96.3,99.8,97,101.4,101.9,103.9,106.6,105.6,105.7
"부산 연제구","임금근로자",-,-,-,-,72.2,75.8,79.5,74.7,78.5,79.1,82,85.1,84.7,85
"부산 연제구","- 상용근로자",-,-,-,-,51.8,55.7,57.4,57.9,58.4,60,62.4,63.8,64.5,65.2
"부산 연제구","- 임시·일용근로자",-,-,-,-,20.4,20.1,22.1,16.8,20.1,19.1,19.6,21.3,20.2,19.7
"부산 연제구","비임금근로자",-,-,-,-,20.1,20.5,20.3,22.3,23,22.7,21.9,21.4,20.9,20.7
"부산 수영구","계",-,-,-,-,79.2,83.6,85.9,82.4,84.2,84.6,85.9,82.5,82.5,84.4
"부산 수영구","임금근로자",-,-,-,-,58.1,64.4,66.8,64.3,64.3,64.3,64,62.1,64.9,66.7
"부산 수영구","- 상용근로자",-,-,-,-,43.9,46.6,49.1,51.5,49.9,48.2,49.2,50.1,51.8,53.7
"부산 수영구","- 임시·일용근로자",-,-,-,-,14.2,17.8,17.7,12.8,14.4,16,14.8,11.9,13.1,13
"부산 수영구","비임금근로자",-,-,-,-,21.1,19.3,19.1,18.1,19.9,20.4,21.8,20.5,17.5,17.7
"부산 사상구","계",-,-,-,-,104,105.6,108.7,105.8,106.2,105.1,107.1,104.6,106.6,104.1
"부산 사상구","임금근로자",-,-,-,-,80.9,78.8,82.9,81.9,82.9,83.5,84.6,84.4,86.3,84.8
"부산 사상구","- 상용근로자",-,-,-,-,58.7,56,58,61.1,61.1,60.7,63.6,60.4,62.3,59.4
"부산 사상구","- 임시·일용근로자",-,-,-,-,22.2,22.8,24.9,20.8,21.8,22.8,21,24.1,24,25.5
"부산 사상구","비임금근로자",-,-,-,-,23.1,26.8,25.8,23.9,23.3,21.6,22.5,20.2,20.4,19.2
"부산 기장군","계",-,-,-,-,81.8,83.1,81.4,84.2,83.6,86.3,88.5,86.3,86.3,83.2
"부산 기장군","임금근로자",-,-,-,-,60.2,62.8,61.4,63.3,64,66,66.3,66.3,67.6,65.4
"부산 기장군","- 상용근로자",-,-,-,-,45,46.7,45.7,48.4,50.7,50.4,52.4,52.7,54.2,52.7
"부산 기장군","- 임시·일용근로자",-,-,-,-,15.2,16.1,15.8,14.9,13.3,15.6,13.8,13.5,13.4,12.7
"부산 기장군","비임금근로자",-,-,-,-,21.6,20.3,20,20.9,19.6,20.3,22.3,20.1,18.7,17.8
"대구 중구","계",-,-,-,-,36.5,36.7,37.6,39.9,42.6,44.8,46.4,47.5,52.2,53.9
"대구 중구","임금근로자",-,-,-,-,26.6,26.8,27.4,30.9,31.9,35.2,35.3,35.7,40.7,41.1
"대구 중구","- 상용근로자",-,-,-,-,19,19.5,20.3,23.5,24.2,26.9,26.8,28.1,31,31.2
"대구 중구","- 임시·일용근로자",-,-,-,-,7.5,7.3,7.1,7.3,7.7,8.2,8.6,7.7,9.7,9.9
"대구 중구","비임금근로자",-,-,-,-,9.9,9.9,10.2,9,10.8,9.7,11.1,11.7,11.5,12.8
"대구 동구","계",-,-,-,-,155.1,160.7,164.8,163,158.2,161.1,162.4,163.2,165,164.5
"대구 동구","임금근로자",-,-,-,-,113.1,120.3,124.2,125.9,120.7,122.5,124.2,125.8,127.4,126.8
"대구 동구","- 상용근로자",-,-,-,-,84.8,90.4,91.7,96.6,89.3,90.8,91.6,94.7,95.4,94.8
"대구 동구","- 임시·일용근로자",-,-,-,-,28.3,29.9,32.5,29.3,31.3,31.7,32.5,31.1,32,32
"대구 동구","비임금근로자",-,-,-,-,42,40.4,40.6,37.2,37.5,38.6,38.2,37.4,37.6,37.7
"대구 서구","계",-,-,-,-,77.6,79.2,78.4,76.4,76.5,79.3,78.9,79.4,76.1,77.3
"대구 서구","임금근로자",-,-,-,-,59,62,61.3,58.8,58.5,60.3,58.9,58.5,55.9,57.5
"대구 서구","- 상용근로자",-,-,-,-,38.9,39.9,39.8,39.1,38.9,36.4,38.6,37.9,34.7,35.9
"대구 서구","- 임시·일용근로자",-,-,-,-,20.1,22.1,21.4,19.7,19.6,23.9,20.2,20.6,21.2,21.6
"대구 서구","비임금근로자",-,-,-,-,18.6,17.3,17.1,17.5,18,19,20.1,20.8,20.2,19.8
"대구 남구","계",-,-,-,-,65,68,66.6,68.2,67.6,69.1,67.6,67.6,69.5,68.8
"대구 남구","임금근로자",-,-,-,-,49.9,53.7,51.1,50.9,49.5,51.6,51.8,51.6,53.9,54.5
"대구 남구","- 상용근로자",-,-,-,-,31.1,33,32.3,33.7,33.5,35.5,35.5,34.5,37.7,37.6
"대구 남구","- 임시·일용근로자",-,-,-,-,18.9,20.6,18.7,17.2,16,16,16.2,17.2,16.2,16.9
"대구 남구","비임금근로자",-,-,-,-,15,14.4,15.6,17.3,18.1,17.5,15.8,15.9,15.6,14.3
"대구 북구","계",-,-,-,-,204.2,212.6,214.4,217.2,216.1,219.6,214.6,213.9,215.4,213.9
"대구 북구","임금근로자",-,-,-,-,146.6,153.6,154.3,164.7,161.8,166,157.6,161.4,161.5,160.4
"대구 북구","- 상용근로자",-,-,-,-,107.2,112.3,115.1,125.3,121.1,119.4,115.1,114.7,115.1,116.1
"대구 북구","- 임시·일용근로자",-,-,-,-,39.4,41.3,39.2,39.5,40.6,46.6,42.5,46.8,46.4,44.4
"대구 북구","비임금근로자",-,-,-,-,57.6,59.1,60.2,52.5,54.4,53.6,57,52.5,53.9,53.4
"대구 수성구","계",-,-,-,-,185.9,185.6,185.2,181.8,180.3,176.9,181.1,182.8,183.4,185.4
"대구 수성구","임금근로자",-,-,-,-,135.2,135.5,132.6,135.9,134.8,131.3,134.9,136.5,135,135.5
"대구 수성구","- 상용근로자",-,-,-,-,104.7,105.6,103.3,107.3,106.5,106,110.2,111.6,108.9,109.9
"대구 수성구","- 임시·일용근로자",-,-,-,-,30.5,29.9,29.3,28.6,28.3,25.2,24.7,24.9,26.1,25.5
"대구 수성구","비임금근로자",-,-,-,-,50.7,50.1,52.6,45.9,45.5,45.6,46.2,46.3,48.4,49.9
"대구 달서구","계",-,-,-,-,267.8,267.7,268.9,265.3,270.4,276.8,268.4,271.1,265.4,265
"대구 달서구","임금근로자",-,-,-,-,209.3,207.9,212.4,202.8,209.1,209,201.8,204.9,200.9,201
"대구 달서구","- 상용근로자",-,-,-,-,157.5,158.7,167.8,153.8,160.1,161.2,157.8,161.8,153,153.1
"대구 달서구","- 임시·일용근로자",-,-,-,-,51.7,49.1,44.5,49,49,47.9,43.9,43.1,47.9,47.9
"대구 달서구","비임금근로자",-,-,-,-,58.6,59.8,56.5,62.5,61.3,67.8,66.6,66.2,64.5,64
"대구 달성군","계",-,-,-,-,131.7,139.3,138.5,139.9,137.6,139.8,137.1,138.1,136.9,135.3
"대구 달성군","임금근로자",-,-,-,-,96.6,102.9,103.7,101.8,101.2,104.6,103.3,103.9,103.6,102.1
"대구 달성군","- 상용근로자",-,-,-,-,75.2,78.9,82.5,80,80.4,82.5,83.6,82.9,83,83.1
"대구 달성군","- 임시·일용근로자",-,-,-,-,21.4,24,21.2,21.8,20.8,22.1,19.7,21,20.6,19.1
"대구 달성군","비임금근로자",-,-,-,-,35.1,36.5,34.8,38.1,36.4,35.2,33.8,34.2,33.3,33.2
"대구 군위군","계",14.2,14.8,14.3,14.3,14.5,13.8,14.7,14.5,15.4,14.8,14.6,14.8,14.6,15
"대구 군위군","임금근로자",5.2,5.4,5.1,5.3,5.2,4.9,5.4,4.9,5.2,5.3,5.5,5.6,5.3,5.7
"대구 군위군","- 상용근로자",3.6,3.7,3.4,3.7,3.4,3.2,3.5,3.3,2.8,2.6,2.9,2.7,2.7,3.2
"대구 군위군","- 임시·일용근로자",1.6,1.6,1.6,1.6,1.7,1.7,2,1.6,2.4,2.6,2.6,2.8,2.6,2.6
"대구 군위군","비임금근로자",9,9.4,9.2,9,9.3,8.9,9.2,9.6,10.2,9.5,9.1,9.3,9.4,9.2
"인천 중구","계",-,-,-,-,71.3,73.3,75,79.2,85.1,86.8,90.2,92.3,95,99
"인천 중구","임금근로자",-,-,-,-,57.6,59.4,61.4,63.3,71.3,73.9,74.7,76.6,77.2,80.3
"인천 중구","- 상용근로자",-,-,-,-,41.6,43.1,45.5,50.1,55.1,57.6,60.6,62.1,65.2,67.2
"인천 중구","- 임시·일용근로자",-,-,-,-,16,16.2,16,13.2,16.2,16.3,14,14.5,12.1,13.1
"인천 중구","비임금근로자",-,-,-,-,13.7,14,13.6,15.9,13.9,12.9,15.5,15.7,17.8,18.6
"인천 동구","계",-,-,-,-,31.1,31.7,30.8,29,30.3,31.5,32,32.3,31,31.1
"인천 동구","임금근로자",-,-,-,-,23.7,24.8,23.9,23.8,25.3,26.1,26,26.3,25.3,25.7
"인천 동구","- 상용근로자",-,-,-,-,15.2,15.9,15.6,15.5,17,17.3,16.7,16.8,17.1,16
"인천 동구","- 임시·일용근로자",-,-,-,-,8.4,8.9,8.3,8.3,8.3,8.8,9.3,9.5,8.2,9.8
"인천 동구","비임금근로자",-,-,-,-,7.4,6.8,6.9,5.2,5,5.5,6,6.1,5.7,5.4
"인천 연수구","계",-,-,-,-,192.9,199.9,198.3,199.1,204.1,207,207.3,217,220.9,221.5
"인천 연수구","임금근로자",-,-,-,-,160.8,165.1,167.3,160.1,166.5,174,173.6,180.3,183.1,185.5
"인천 연수구","- 상용근로자",-,-,-,-,120.6,121.1,124.4,119.8,127,136.9,136.3,140.7,144.7,146.2
"인천 연수구","- 임시·일용근로자",-,-,-,-,40.2,44,42.9,40.3,39.5,37.1,37.3,39.5,38.4,39.3
"인천 연수구","비임금근로자",-,-,-,-,32.1,34.8,31,39,37.6,33,33.7,36.7,37.9,36
"인천 남동구","계",-,-,-,-,256.7,262.5,261.8,264.7,264.9,256.7,261.2,262.9,262.1,262.6
"인천 남동구","임금근로자",-,-,-,-,205.9,217.3,214.6,217.9,212.9,209.3,210.3,214.2,214.1,215
"인천 남동구","- 상용근로자",-,-,-,-,145.3,150.5,155.3,156.9,151.6,150.3,155.8,158.1,159.3,162
"인천 남동구","- 임시·일용근로자",-,-,-,-,60.6,66.8,59.3,61,61.2,59,54.5,56.1,54.8,53
"인천 남동구","비임금근로자",-,-,-,-,50.8,45.3,47.2,46.8,52,47.4,50.9,48.7,48,47.6
"인천 부평구","계",-,-,-,-,245.7,254.6,256.9,264.6,265.6,261.1,269.5,274.6,273.3,269.3
"인천 부평구","임금근로자",-,-,-,-,199.2,208.8,209.4,217.7,212.8,207.3,216.7,225.3,224,219.9
"인천 부평구","- 상용근로자",-,-,-,-,138.1,143.8,148,146.8,143.3,145.8,151.7,155.9,158.6,150.5
"인천 부평구","- 임시·일용근로자",-,-,-,-,61.1,65,61.4,70.9,69.6,61.5,65,69.4,65.4,69.4
"인천 부평구","비임금근로자",-,-,-,-,46.4,45.8,47.5,46.9,52.7,53.8,52.8,49.2,49.2,49.3
"인천 계양구","계",-,-,-,-,151.3,152.4,154.7,159.8,154,154.5,154.6,155.5,152.6,153.8
"인천 계양구","임금근로자",-,-,-,-,120.8,124,127.2,128,121.8,122.7,124.9,125.8,119.2,120.8
"인천 계양구","- 상용근로자",-,-,-,-,84.5,88,92.3,85.9,83.9,87.2,90.1,92,85.6,87.9
"인천 계양구","- 임시·일용근로자",-,-,-,-,36.3,36,34.9,42.1,37.9,35.5,34.8,33.9,33.6,32.9
"인천 계양구","비임금근로자",-,-,-,-,30.4,28.4,27.5,31.8,32.2,31.8,29.7,29.6,33.4,33
"인천 서구","계",-,-,-,-,280,286,302.6,314,327.3,340.8,346.2,352.5,354.7,360.5
"인천 서구","임금근로자",-,-,-,-,229.1,235.4,251.6,249.1,258.3,268.7,274.3,281.8,286.9,294.7
"인천 서구","- 상용근로자",-,-,-,-,170,176.8,191.4,186.3,198.6,207.9,214.2,223.3,226.1,234.9
"인천 서구","- 임시·일용근로자",-,-,-,-,59.1,58.6,60.2,62.8,59.7,60.8,60.1,58.6,60.8,59.8
"인천 서구","비임금근로자",-,-,-,-,51,50.6,51,64.9,69,72.1,71.9,70.6,67.8,65.7
"인천 미추홀구","계",-,-,-,-,207.5,218,217.3,226.5,221.7,222.9,219.4,229.2,228,229.6
"인천 미추홀구","임금근로자",-,-,-,-,167.3,179.4,179.1,186,179.4,181.9,179.2,186.8,187,191.4
"인천 미추홀구","- 상용근로자",-,-,-,-,107.1,117.3,121.3,119.4,124.3,120.4,122,123.1,125.9,126.4
"인천 미추홀구","- 임시·일용근로자",-,-,-,-,60.2,62.1,57.8,66.6,55.1,61.5,57.1,63.7,61.2,65
"인천 미추홀구","비임금근로자",-,-,-,-,40.2,38.6,38.2,40.5,42.3,41,40.2,42.4,40.9,38.2
"인천 강화군","계",-,-,-,-,38.3,39.4,38.7,38.4,38.6,39.8,39.8,39.8,40.4,40.3
"인천 강화군","임금근로자",-,-,-,-,19.6,20.7,20.9,18,18.2,18.3,18.6,19.3,19.9,19.7
"인천 강화군","- 상용근로자",-,-,-,-,12.5,13.3,13.4,11.4,11.5,11.3,12.1,12.1,12.6,12.2
"인천 강화군","- 임시·일용근로자",-,-,-,-,7.1,7.4,7.4,6.6,6.7,6.9,6.5,7.2,7.3,7.4
"인천 강화군","비임금근로자",-,-,-,-,18.8,18.6,17.9,20.4,20.4,21.5,21.2,20.5,20.4,20.7
"인천 옹진군","계",-,-,-,-,11.9,12.1,12.3,12.5,11.2,11.3,11.6,11.4,11.7,12
"인천 옹진군","임금근로자",-,-,-,-,7.9,8,8.3,8.5,7.6,7.9,7.9,7.7,8.1,7.9
"인천 옹진군","- 상용근로자",-,-,-,-,3.7,3.6,3.9,3.3,2.9,3.3,3.5,3.7,3.7,3.9
"인천 옹진군","- 임시·일용근로자",-,-,-,-,4.1,4.3,4.4,5.2,4.7,4.6,4.4,4,4.4,4
"인천 옹진군","비임금근로자",-,-,-,-,4,4.1,4,4,3.6,3.5,3.7,3.8,3.7,4.1
"광주 동구","계",-,-,-,-,54,54.1,56.5,55.8,56.4,58.1,57.8,58.9,60.6,58.9
"광주 동구","임금근로자",-,-,-,-,39.2,41.8,43.3,44.7,44.5,46.2,47,47.3,48.8,48.1
"광주 동구","- 상용근로자",-,-,-,-,24.8,29.1,29,31.8,31.4,32.4,33.7,32.4,32.7,33.9
"광주 동구","- 임시·일용근로자",-,-,-,-,14.3,12.7,14.3,12.9,13.1,13.8,13.3,15,16.1,14.3
"광주 동구","비임금근로자",-,-,-,-,14.8,12.2,13.2,11.1,11.9,11.9,10.8,11.6,11.8,10.8
"광주 서구","계",-,-,-,-,153.8,153.4,153.9,148.5,150.7,150,149.8,149.5,146.7,148.1
"광주 서구","임금근로자",-,-,-,-,114.4,118.3,118.9,114.9,114.5,115.5,114.7,116.8,115.9,117.5
"광주 서구","- 상용근로자",-,-,-,-,86.9,86.8,88.2,84.8,84.7,85.4,85.5,87.1,85.9,90.1
"광주 서구","- 임시·일용근로자",-,-,-,-,27.5,31.5,30.7,30.1,29.8,30.1,29.2,29.7,30.1,27.4
"광주 서구","비임금근로자",-,-,-,-,39.4,35.1,35,33.6,36.2,34.5,35.1,32.7,30.8,30.5
"광주 남구","계",-,-,-,-,106.9,106.2,108.9,110.1,111.2,108.3,110.1,109.8,108.3,109.2
"광주 남구","임금근로자",-,-,-,-,80.1,80.1,83.8,84.8,84.3,79.8,81.1,82.3,79.9,81.2
"광주 남구","- 상용근로자",-,-,-,-,55.6,55.3,58.4,60.2,60.8,57.3,57.2,58.5,56.9,59.4
"광주 남구","- 임시·일용근로자",-,-,-,-,24.5,24.8,25.4,24.7,23.4,22.5,23.9,23.8,23,21.8
"광주 남구","비임금근로자",-,-,-,-,26.8,26.1,25.1,25.3,26.9,28.5,29,27.5,28.5,28
"광주 북구","계",-,-,-,-,211.1,212.9,216,210.2,217.6,223.8,228,229.2,229.1,233.7
"광주 북구","임금근로자",-,-,-,-,160.5,161.8,166.8,160.9,168.2,173.3,176.9,178.9,179.4,182.7
"광주 북구","- 상용근로자",-,-,-,-,113.6,117.7,123.8,118.8,125.9,130.7,130.7,132.8,130.3,135
"광주 북구","- 임시·일용근로자",-,-,-,-,46.9,44.1,43,42.1,42.4,42.7,46.2,46.1,49.1,47.7
"광주 북구","비임금근로자",-,-,-,-,50.7,51.1,49.2,49.3,49.4,50.4,51.1,50.3,49.8,51.1
"광주 광산구","계",-,-,-,-,212.8,217.1,211.6,221.7,222.2,221.9,226.1,222.2,220,223
"광주 광산구","임금근로자",-,-,-,-,169,173.9,171,178.9,179.4,179,182.1,180.7,180.4,180.8
"광주 광산구","- 상용근로자",-,-,-,-,125.2,131.1,128.8,136.1,137.7,139.6,142.8,139.3,140.6,138.6
"광주 광산구","- 임시·일용근로자",-,-,-,-,43.7,42.8,42.3,42.8,41.8,39.4,39.3,41.4,39.7,42.2
"광주 광산구","비임금근로자",-,-,-,-,43.8,43.2,40.6,42.8,42.7,42.9,44,41.5,39.7,42.2
"대전 동구","계",-,-,-,-,106.4,112.5,111.1,109.7,115.8,111.7,114.5,111.5,113.1,109.1
"대전 동구","임금근로자",-,-,-,-,82.4,87.7,86.9,84.8,87.4,84,87.8,86.3,87.8,84.9
"대전 동구","- 상용근로자",-,-,-,-,54.4,55.8,59.3,58.5,61.1,58.2,61.1,59.4,59.6,58.3
"대전 동구","- 임시·일용근로자",-,-,-,-,28,31.9,27.6,26.3,26.3,25.8,26.7,26.8,28.3,26.6
"대전 동구","비임금근로자",-,-,-,-,23.9,24.8,24.1,24.9,28.5,27.6,26.7,25.2,25.3,24.2
"대전 중구","계",-,-,-,-,114.6,117.6,116.4,114.9,115.6,114.6,115.3,114.6,115.8,116.4
"대전 중구","임금근로자",-,-,-,-,91.1,92.6,92.8,92.5,90.3,90.9,91.5,90.1,90.4,92.4
"대전 중구","- 상용근로자",-,-,-,-,63.9,66.9,67.7,70,67.2,68.6,69.2,65.9,67.6,70.2
"대전 중구","- 임시·일용근로자",-,-,-,-,27.1,25.7,25.1,22.5,23.1,22.3,22.4,24.1,22.8,22.2
"대전 중구","비임금근로자",-,-,-,-,23.6,25,23.6,22.4,25.3,23.7,23.8,24.5,25.3,24.1
"대전 서구","계",-,-,-,-,242.2,247.7,240.9,248.5,253,255,255.2,249.3,248.2,253.8
"대전 서구","임금근로자",-,-,-,-,193.4,198.1,194.4,199,198.2,197.8,199.4,192.5,196.1,201.1
"대전 서구","- 상용근로자",-,-,-,-,145.4,148.8,152.2,154.5,157.1,158.4,155.9,151.8,152.9,158.3
"대전 서구","- 임시·일용근로자",-,-,-,-,48,49.3,42.2,44.5,41.1,39.4,43.5,40.7,43.2,42.8
"대전 서구","비임금근로자",-,-,-,-,48.8,49.6,46.5,49.4,54.8,57.2,55.8,56.8,52.1,52.7
"대전 유성구","계",-,-,-,-,189,188.2,197.9,201,202.4,207.1,211.2,213.3,209.4,209
"대전 유성구","임금근로자",-,-,-,-,154.9,154.1,163.8,168.5,168.4,169.1,175.1,177.4,173.8,174.1
"대전 유성구","- 상용근로자",-,-,-,-,123.7,122.5,137.3,137.8,140.6,141.6,143.2,142.6,140,142.8
"대전 유성구","- 임시·일용근로자",-,-,-,-,31.1,31.6,26.6,30.7,27.9,27.5,31.9,34.8,33.8,31.2
"대전 유성구","비임금근로자",-,-,-,-,34.1,34.1,34,32.5,34,38,36,35.9,35.6,34.9
"대전 대덕구","계",-,-,-,-,87.2,92.1,93.6,93.7,92,93.6,96.3,95.7,95.6,97.2
"대전 대덕구","임금근로자",-,-,-,-,67.8,71.9,72.6,75.4,73.2,75.2,77.3,75.8,76.3,77.5
"대전 대덕구","- 상용근로자",-,-,-,-,49.7,50.9,51.6,54.9,55.2,55.9,56.7,56.6,57.4,58.1
"대전 대덕구","- 임시·일용근로자",-,-,-,-,18,20.9,21,20.5,18.1,19.3,20.7,19.2,18.9,19.4
"대전 대덕구","비임금근로자",-,-,-,-,19.4,20.3,20.9,18.3,18.8,18.4,19,19.8,19.4,19.7
"울산 중구","계",-,-,-,-,97.9,100.6,99.7,97.3,97.5,100.1,98,100.4,97,99.6
"울산 중구","임금근로자",-,-,-,-,77.2,80.4,80.7,81,79.8,82.1,80,81.3,78,80.2
"울산 중구","- 상용근로자",-,-,-,-,59.1,62.2,60.6,62.8,63,63.5,63.1,61.5,60.7,64.2
"울산 중구","- 임시·일용근로자",-,-,-,-,18,18.2,20.1,18.2,16.8,18.6,16.9,19.9,17.3,16.1
"울산 중구","비임금근로자",-,-,-,-,20.7,20.2,19,16.3,17.7,18,18,19,19,19.4
"울산 남구","계",-,-,-,-,152.7,154.6,154.7,160.5,160.8,164.6,155.5,161,155.8,156
"울산 남구","임금근로자",-,-,-,-,121.9,123.1,124.4,129.5,130.9,133,126.4,132.4,127.2,129.5
"울산 남구","- 상용근로자",-,-,-,-,94.7,98.7,100.4,103.5,102.6,101.2,99.1,100,99,102.9
"울산 남구","- 임시·일용근로자",-,-,-,-,27.2,24.5,24,26,28.2,31.8,27.3,32.4,28.1,26.5
"울산 남구","비임금근로자",-,-,-,-,30.8,31.5,30.3,31,29.9,31.7,29,28.6,28.6,26.5
"울산 동구","계",-,-,-,-,71.3,72.2,74,75.7,74.8,76.8,75.8,80.4,77.2,79.5
"울산 동구","임금근로자",-,-,-,-,63,64.1,65.8,67.2,65.5,67.4,66.3,71,67.9,72.4
"울산 동구","- 상용근로자",-,-,-,-,50.9,53,56.9,54.4,54.2,55.1,55.8,55.4,56.3,60.9
"울산 동구","- 임시·일용근로자",-,-,-,-,12.2,11.1,8.9,12.8,11.3,12.4,10.5,15.5,11.6,11.6
"울산 동구","비임금근로자",-,-,-,-,8.3,8,8.2,8.4,9.3,9.4,9.5,9.5,9.2,7.1
"울산 북구","계",-,-,-,-,104.2,107.5,106.3,107.3,106.6,109.8,107.2,107.5,109.1,109.3
"울산 북구","임금근로자",-,-,-,-,87.8,91.1,90.6,93.4,93,96.6,93.8,92.9,94.6,95
"울산 북구","- 상용근로자",-,-,-,-,71.2,75,76.8,79,78.7,79.7,74.5,77.4,78.4,80.2
"울산 북구","- 임시·일용근로자",-,-,-,-,16.6,16.1,13.8,14.4,14.4,16.9,19.3,15.5,16.2,14.8
"울산 북구","비임금근로자",-,-,-,-,16.4,16.4,15.7,13.9,13.5,13.2,13.4,14.6,14.4,14.3
"울산 울주군","계",-,-,-,-,110.9,117.4,115.6,114.5,114.9,114.8,117,117.6,119.9,119.8
"울산 울주군","임금근로자",-,-,-,-,81.7,87,85.7,91.6,90.9,91.1,90.7,93.5,96.2,96.5
"울산 울주군","- 상용근로자",-,-,-,-,61.5,63.7,63.5,70.6,69,69,71.8,74.2,75.7,75.5
"울산 울주군","- 임시·일용근로자",-,-,-,-,20.2,23.3,22.2,21,21.9,22.1,18.9,19.3,20.5,21
"울산 울주군","비임금근로자",-,-,-,-,29.2,30.5,29.8,22.9,24,23.7,26.3,24.1,23.6,23.2
"수원시","계",627.3,626.2,611.3,606,608.5,631.5,641.5,666.3,643.9,652,659.9,674,689.2,675.1
"수원시","임금근로자",521.3,526.4,517.4,518.9,535,552.1,563,580.9,554.2,556.7,562.7,569.7,591.7,579.1
"수원시","- 상용근로자",378.8,393.9,392.7,400.1,407.4,428.8,449.9,472.7,452.3,462,462.7,448.6,467.3,456.1
"수원시","- 임시·일용근로자",142.5,132.5,124.6,118.8,127.6,123.3,113.1,108.2,101.9,94.7,99.9,121.1,124.4,123
"수원시","비임금근로자",106,99.8,93.9,87.1,73.5,79.4,78.5,85.4,89.6,95.3,97.2,104.3,97.5,96.1
"성남시","계",470.4,471.3,453.2,471.8,471.4,485,482.7,493.9,479,480,479.9,475.3,479.2,471.5
"성남시","임금근로자",399.9,402.2,380.7,403.6,393.9,410.7,409.9,412.4,402.8,401.1,400,397.1,396,400.5
"성남시","- 상용근로자",306.9,314,302.3,309.4,296.4,304.8,312.8,325.6,329.7,329,326.7,322.2,324.3,326
"성남시","- 임시·일용근로자",92.9,88.2,78.3,94.2,97.5,105.9,97,86.7,73.1,72,73.3,74.9,71.7,74.5
"성남시","비임금근로자",70.5,69.1,72.5,68.3,77.6,74.3,72.9,81.6,76.2,78.9,79.9,78.2,83.2,71
"의정부시","계",213.8,216.1,204.6,219,217.6,225.5,222.7,240,237.6,241.2,241.8,244.1,246.2,240.4
"의정부시","임금근로자",165.7,173,162.4,173,171.6,179.7,177,190.3,185.9,188.8,190.6,192.2,190.8,182.9
"의정부시","- 상용근로자",118.7,134.8,123.2,127.2,127.5,132.2,131.5,150.7,152,149,151.6,149.3,153.6,141.5
"의정부시","- 임시·일용근로자",47,38.2,39.2,45.8,44.1,47.5,45.5,39.7,33.9,39.8,39,42.9,37.1,41.5
"의정부시","비임금근로자",48.1,43.1,42.2,46,45.9,45.8,45.7,49.6,51.7,52.4,51.2,51.9,55.5,57.5
"안양시","계",284.6,284.9,265.5,273.5,277.2,275.7,279.8,282.1,285.1,291.3,296.3,295.7,302.7,307.3
"안양시","임금근로자",238.8,236.4,224.7,232.6,233.9,236.2,238.9,231,235.5,243.9,245.2,243.3,249.2,257.9
"안양시","- 상용근로자",179.8,181.2,179.9,183.6,186.7,188.2,195.6,188.7,193.5,195.6,195.5,191,194.8,202.1
"안양시","- 임시·일용근로자",59,55.3,44.8,49,47.2,47.9,43.4,42.4,42.1,48.3,49.7,52.3,54.4,55.8
"안양시","비임금근로자",45.9,48.5,40.8,40.8,43.3,39.5,40.8,51.1,49.5,47.3,51.1,52.4,53.5,49.4
"부천시","계",439.6,438.7,423.6,423.9,427.2,422.8,429.3,427,419.3,420.9,420.6,406.5,413.7,409
"부천시","임금근로자",358,355.6,344.8,340.4,353.3,343.4,344.2,349.8,340.2,344.7,340.4,329.4,339.1,332.8
"부천시","- 상용근로자",260.6,260.4,258.8,255.2,263.4,257.1,260.3,260.8,253.4,252.9,247.3,241.7,254.2,253.3
"부천시","- 임시·일용근로자",97.5,95.2,86,85.2,89.9,86.3,83.9,88.9,86.8,91.7,93.1,87.8,84.8,79.4
"부천시","비임금근로자",81.6,83.1,78.8,83.5,73.9,79.4,85,77.2,79.1,76.2,80.2,77,74.6,76.3
"광명시","계",160.4,158,151.7,149.9,142.2,145.7,144,145.9,148.3,146.2,143.8,147.6,151.2,152.3
"광명시","임금근로자",127.7,127.6,122.4,122.9,115.2,119.2,116.7,120.2,122.1,121.6,120.7,124.8,128.1,127.2
"광명시","- 상용근로자",97.6,96.7,93.5,92.9,90.7,91,91,91.5,95.3,96.4,96.3,99,101.5,104.6
"광명시","- 임시·일용근로자",30.1,30.9,28.9,30,24.5,28.2,25.6,28.7,26.8,25.2,24.5,25.8,26.6,22.6
"광명시","비임금근로자",32.6,30.4,29.3,27.1,27,26.5,27.3,25.7,26.2,24.5,23,22.8,23.1,25.1
"평택시","계",264.2,269.1,265.4,275,286,295.1,317,329.6,330.5,344.2,336.5,340.7,342.6,351.9
"평택시","임금근로자",216.3,218.9,216.1,225,233.1,240,256.4,264.2,267.8,280.4,276.9,279.7,283.9,293.5
"평택시","- 상용근로자",154.5,161.8,163.6,160.5,172,180.7,192.5,218.4,223.4,224.4,221.7,224,222.5,240.2
"평택시","- 임시·일용근로자",61.8,57.1,52.5,64.5,61.1,59.3,63.9,45.8,44.5,55.9,55.1,55.7,61.4,53.3
"평택시","비임금근로자",47.9,50.2,49.3,50.1,52.9,55.1,60.6,65.5,62.7,63.8,59.6,61,58.6,58.4
"동두천시","계",45.1,44.1,42.2,42.8,43.4,46.7,46.9,46.9,46.5,47.4,46.7,46.3,45.7,45.5
"동두천시","임금근로자",35.4,35.6,33.9,34.6,34.9,37.8,37.2,36.3,36.8,37.7,37.7,37.8,36.8,36.2
"동두천시","- 상용근로자",26.3,26.7,26.6,25.8,26.6,28.5,28.4,24.6,26,26.4,26.3,26.6,25.1,24.9
"동두천시","- 임시·일용근로자",9.1,8.9,7.3,8.8,8.3,9.3,8.8,11.7,10.8,11.3,11.4,11.2,11.7,11.2
"동두천시","비임금근로자",9.7,8.5,8.3,8.1,8.5,8.9,9.6,10.6,9.7,9.7,9,8.5,8.9,9.3
"안산시","계",377.1,374.2,354.3,358.6,365.7,374,387.8,388.9,385.3,384.7,370.6,372.6,372.6,379.2
"안산시","임금근로자",301.3,306.8,293,295.6,298.2,299.8,314.2,323.5,318,313.7,297.8,301.9,304.3,313.3
"안산시","- 상용근로자",220.2,228.5,222.5,217.7,212.9,225.1,229.1,236.5,231.5,225.9,213.1,215.7,218.4,226.9
"안산시","- 임시·일용근로자",81.1,78.3,70.5,77.9,85.3,74.8,85.1,87,86.5,87.8,84.7,86.2,85.9,86.4
"안산시","비임금근로자",75.8,67.4,61.4,63,67.6,74.2,73.6,65.4,67.3,71,72.7,70.7,68.3,65.9
"고양시","계",488.5,510.5,496.4,516.6,523,545.7,555,561.9,547.9,552.4,548.9,559.3,552.2,548.9
"고양시","임금근로자",388.6,394,384.3,406.6,416.7,438.5,437.9,445.6,428.7,437.8,433.2,448.9,438.6,434.2
"고양시","- 상용근로자",299.3,318.6,309.5,324.1,333.2,350.7,349.9,352.2,336.4,335.5,342.8,362,348,349.8
"고양시","- 임시·일용근로자",89.3,75.4,74.7,82.5,83.5,87.8,88,93.4,92.4,102.3,90.4,86.9,90.6,84.4
"고양시","비임금근로자",99.8,116.5,112.2,110,106.4,107.2,117.1,116.2,119.1,114.5,115.7,110.4,113.5,114.7
"과천시","계",23.9,24.4,23.5,26.1,29.8,31.7,37,37,37.9,38.7,38.6,39.7,39.6,37.7
"과천시","임금근로자",19.8,20.7,19.7,21.6,24.3,26.1,30.6,30.3,31,32.7,31.6,33.2,33,31.7
"과천시","- 상용근로자",16.7,18.1,17.2,18.3,20.3,21.3,26,25.3,26.1,27.8,26.4,28.4,29.1,27
"과천시","- 임시·일용근로자",3.1,2.7,2.5,3.3,4,4.8,4.6,5,4.9,4.9,5.3,4.8,3.9,4.6
"과천시","비임금근로자",4.1,3.7,3.8,4.5,5.5,5.7,6.4,6.7,6.8,5.9,6.9,6.5,6.6,6.1
"구리시","계",98.3,96.7,91.7,98.3,97.3,96.4,98.5,99.4,100.1,100.3,101.1,101.8,104.1,100.4
"구리시","임금근로자",76,75.7,69.6,78.5,76.6,74.8,77.4,80.1,79.5,78.1,79.8,79.6,82.3,80
"구리시","- 상용근로자",58.3,55.7,52.8,61.4,57.1,58.2,60.5,59.8,60.2,60.3,62.6,62.9,63.9,62.6
"구리시","- 임시·일용근로자",17.7,20,16.8,17.2,19.6,16.6,16.9,20.3,19.3,17.8,17.2,16.7,18.4,17.4
"구리시","비임금근로자",22.2,20.9,22.2,19.8,20.6,21.6,21.1,19.3,20.6,22.2,21.3,22.2,21.8,20.4
"남양주시","계",306.9,313.9,305.3,315.8,326.2,342,341.2,369.6,378.2,376.9,374.7,371.5,374,376.1
"남양주시","임금근로자",233.6,237.1,224.6,238.5,243.1,258,255,271,279.8,277.8,274.9,275.3,276.7,284.4
"남양주시","- 상용근로자",177.8,181.8,170.2,179.1,182.2,194.4,200.4,213.4,220.4,217.2,215.3,210.1,216,235.2
"남양주시","- 임시·일용근로자",55.8,55.4,54.5,59.4,61,63.7,54.6,57.6,59.4,60.6,59.6,65.1,60.7,49.2
"남양주시","비임금근로자",73.3,76.8,80.6,77.3,83.1,84,86.3,98.6,98.4,99.1,99.8,96.2,97.2,91.7
"오산시","계",118.5,118.9,117.9,123.6,126,126.7,128.3,131.5,134.9,134.3,138.3,138.1,143.8,141.9
"오산시","임금근로자",98.7,99.3,99.9,105,105.2,106.7,109.2,108.4,111.3,112.3,114.8,115.8,117.7,115.8
"오산시","- 상용근로자",75.7,77.3,78.3,81.8,81.6,82.9,86.9,87.5,86.4,83.9,84.7,87.9,88.3,87
"오산시","- 임시·일용근로자",22.9,22,21.6,23.3,23.6,23.8,22.3,20.9,24.9,28.4,30.2,27.8,29.4,28.8
"오산시","비임금근로자",19.9,19.5,18,18.6,20.8,20,19.1,23,23.6,22,23.5,22.4,26.1,26.1
"시흥시","계",266.2,268.5,265.4,274.5,279.4,291.5,301.3,300.9,300.3,306.9,309.7,306.1,311.2,308
"시흥시","임금근로자",217.4,221.7,217.5,225.3,229.9,241.5,247.6,241.3,239.1,243.9,250.9,246.2,255.1,251
"시흥시","- 상용근로자",151.6,155.5,153.8,158.7,167.8,172.3,177.3,183.9,191.8,185.5,183,182.2,185.4,193
"시흥시","- 임시·일용근로자",65.8,66.2,63.7,66.6,62.1,69.1,70.4,57.4,47.3,58.4,67.9,64,69.7,58
"시흥시","비임금근로자",48.8,46.8,47.8,49.2,49.6,50,53.7,59.6,61.2,63,58.8,60,56.2,57.1
"군포시","계",139,140.9,131.4,137.1,136,140.8,141.3,141.5,141.1,142.7,139.7,141,140.4,138.3
"군포시","임금근로자",116,118.7,110.7,116.9,115.1,119,118.7,118.9,118.5,121.8,118.3,119.9,120.7,118.6
"군포시","- 상용근로자",90.3,95.3,90,90.4,88.2,91.5,90.3,91.2,93.3,97.3,89.5,96.4,94.1,94
"군포시","- 임시·일용근로자",25.7,23.4,20.7,26.5,26.9,27.5,28.4,27.7,25.2,24.5,28.9,23.5,26.6,24.5
"군포시","비임금근로자",22.9,22.1,20.7,20.3,20.9,21.8,22.6,22.6,22.6,20.9,21.4,21.1,19.7,19.7
"의왕시","계",76.9,77.1,77.8,79.4,80.7,83.1,82.1,81.1,82.4,83.1,81.3,82.8,82.2,87.2
"의왕시","임금근로자",62,62.7,63.7,66.3,66.4,68.7,68.2,66.4,67.2,69,67.9,67.8,69.2,73.5
"의왕시","- 상용근로자",46.1,50.7,52.6,51.1,51.8,55.6,56,52.8,53.9,55.5,56.4,54.2,54.8,56.1
"의왕시","- 임시·일용근로자",15.9,12,11.1,15.2,14.6,13.1,12.1,13.5,13.3,13.5,11.4,13.6,14.4,17.4
"의왕시","비임금근로자",14.9,14.4,14.1,13.1,14.3,14.4,13.9,14.7,15.2,14.1,13.4,15,13,13.6
"하남시","계",130.2,138.8,143.5,147.5,154.5,161.3,171.9,168.8,171.8,174.4,174.1,176.3,176.1,179.3
"하남시","임금근로자",94.9,102.7,105.1,109,115.3,121.5,130.2,128.8,133.1,134.5,133.6,137.9,137.8,140.6
"하남시","- 상용근로자",74.8,81.8,82.8,88.4,92,100.9,109.4,111.7,117.2,118.8,119.7,120.9,120.1,121.6
"하남시","- 임시·일용근로자",20,20.9,22.3,20.6,23.3,20.6,20.8,17.2,15.9,15.8,13.9,17.1,17.6,18.9
"하남시","비임금근로자",35.3,36.2,38.4,38.5,39.2,39.7,41.7,39.9,38.7,39.9,40.6,38.4,38.3,38.7
"용인시","계",490.7,503.1,489.5,501,511.7,524,532.4,555.1,550.8,557.2,552.6,557.8,559.9,561.5
"용인시","임금근로자",392.6,402.7,388.4,413.7,416.8,430,434.9,444.3,445.9,446.2,449.3,449.2,455.3,464.2
"용인시","- 상용근로자",315,322.2,317.8,338.7,331.9,339.1,352.2,355.6,365,374.9,378.1,365.1,383.1,374.7
"용인시","- 임시·일용근로자",77.6,80.5,70.6,75,84.9,90.9,82.7,88.7,80.9,71.3,71.2,84.1,72.2,89.6
"용인시","비임금근로자",98,100.5,101.1,87.3,94.8,94,97.6,110.8,104.9,110.9,103.3,108.7,104.6,97.3
"파주시","계",226.9,225.1,221.3,223.7,231.4,241.4,252,252,261.7,263.9,267.3,268.8,270.5,280.4
"파주시","임금근로자",172.3,175.2,172.9,172.9,177.4,187.5,195.1,193.2,202.2,205.6,208.8,210.8,212.5,221.9
"파주시","- 상용근로자",134.6,141.2,142.2,142.8,146.8,149.6,159.1,151.6,157.7,161.9,166.6,166.9,170.2,176
"파주시","- 임시·일용근로자",37.8,34,30.7,30.1,30.6,37.8,36,41.7,44.5,43.7,42.2,43.9,42.4,45.9
"파주시","비임금근로자",54.6,49.9,48.5,50.8,54,54,56.8,58.7,59.5,58.3,58.5,58,57.9,58.5
"이천시","계",123.5,121.7,120.3,124.3,127,135.6,135.5,132.6,128.1,131.5,133.6,130.3,134.9,136.5
"이천시","임금근로자",92.5,88.8,88.3,94.7,96.4,102.2,104,103.7,98.9,102.2,102.4,100.2,103.5,105.5
"이천시","- 상용근로자",69.9,70.2,71.9,75.1,80.1,84.3,85.6,81,82.1,80.3,79.2,80,82.3,83.4
"이천시","- 임시·일용근로자",22.6,18.6,16.4,19.6,16.4,17.9,18.4,22.8,16.7,21.9,23.2,20.2,21.2,22.1
"이천시","비임금근로자",31,33,32,29.6,30.6,33.5,31.5,28.8,29.2,29.3,31.2,30.1,31.4,31
"안성시","계",111.8,113,110.6,114,112.9,116.3,117.7,118.6,118.3,122.5,122.2,122.7,124.2,122.3
"안성시","임금근로자",80.3,80.4,78,81.8,78.8,82,83.1,88.6,88,93.8,93.4,94.7,94,92.1
"안성시","- 상용근로자",62,66.1,62.7,64.1,61.7,62.7,65.9,67.7,69.1,70.1,72.4,78.1,74.6,74
"안성시","- 임시·일용근로자",18.3,14.3,15.3,17.8,17.1,19.2,17.2,20.9,18.9,23.7,20.9,16.6,19.4,18.2
"안성시","비임금근로자",31.5,32.5,32.6,32.1,34.1,34.3,34.6,30,30.4,28.8,28.8,28,30.2,30.2
"김포시","계",217,221,212.4,230.8,237.5,248.9,254.9,254.9,265.2,268.7,263.5,266,264.5,260.9
"김포시","임금근로자",164.6,165.6,160.5,177.4,184.7,194.5,199.3,201.2,207.4,212.2,213.5,216.4,217.2,209.6
"김포시","- 상용근로자",129.1,136.5,127.3,143.9,148.9,153,157.8,162.1,171.4,173.1,177.3,176.2,177.7,177.2
"김포시","- 임시·일용근로자",35.4,29.1,33.2,33.5,35.8,41.5,41.6,39,36,39.1,36.2,40.2,39.5,32.3
"김포시","비임금근로자",52.5,55.4,51.9,53.4,52.8,54.4,55.6,53.8,57.8,56.5,50,49.6,47.3,51.4
"화성시","계",425.4,449.8,445.1,461.9,473.3,490.7,498.3,526.9,537.2,547.7,546.8,578.3,578,586.6
"화성시","임금근로자",334.2,361.8,359,377.4,383,398.3,404.8,434.2,441.4,451.9,453.9,478.1,482.5,494.4
"화성시","- 상용근로자",284.8,300.6,302.6,324.3,319.4,338,338.5,360.2,369.4,382,392.7,399.3,404.6,422.4
"화성시","- 임시·일용근로자",49.3,61.3,56.4,53.1,63.6,60.3,66.3,74,72,69.8,61.2,78.8,77.9,72
"화성시","비임금근로자",91.3,88,86,84.5,90.4,92.3,93.5,92.7,95.8,95.8,92.9,100.2,95.4,92.2
"광주시","계",191.9,192.6,188.2,204.3,201.6,210.7,214.2,222.2,221.5,225.9,222.1,224.6,227.3,224.7
"광주시","임금근로자",151.9,154.5,146.6,162.6,161.4,171.8,173.5,177.1,174.3,178.4,173.3,173.9,177.7,175.9
"광주시","- 상용근로자",119.6,119.5,116.9,129.1,125.9,134.4,140.9,142.5,139.4,141,137.1,137.8,139.5,139.7
"광주시","- 임시·일용근로자",32.3,35,29.8,33.5,35.4,37.4,32.6,34.5,34.9,37.4,36.2,36.1,38.3,36.2
"광주시","비임금근로자",40,38.1,41.6,41.7,40.2,38.9,40.6,45.1,47.2,47.5,48.9,50.8,49.5,48.8
"양주시","계",106,108.2,102.8,106.2,112.5,115.6,115.9,121.5,128.6,136.7,143.9,149.1,151,153.5
"양주시","임금근로자",77,78.2,76.1,78.4,83.6,85.8,86.1,88.9,96.7,102.9,107.8,109,109.7,115.6
"양주시","- 상용근로자",59.2,62.2,59.9,61.4,63.7,65.4,66.1,69.4,77.1,79,85.9,87.1,87.8,91.2
"양주시","- 임시·일용근로자",17.9,16,16.2,17,19.8,20.4,20,19.5,19.5,23.9,21.9,21.9,21.9,24.4
"양주시","비임금근로자",29,30,26.7,27.8,28.9,29.9,29.8,32.6,31.9,33.8,36.1,40,41.3,37.9
"포천시","계",84.8,88.6,81,83.1,84.8,88,90,87,87.5,86.7,87.4,85.7,87.6,89.5
"포천시","임금근로자",55.4,59.2,55.6,56.7,57.6,58.8,59.9,58.8,59.4,59.4,59.4,58.2,59.4,60.7
"포천시","- 상용근로자",39.8,43.1,41,42.9,44.1,45,46.9,45.6,46,45.2,45,44.4,43.5,44.8
"포천시","- 임시·일용근로자",15.6,16,14.6,13.7,13.5,13.8,13,13.2,13.3,14.2,14.4,13.8,15.9,15.9
"포천시","비임금근로자",29.5,29.5,25.4,26.4,27.2,29.2,30.1,28.2,28.2,27.3,28,27.5,28.2,28.8
"여주시","계",56.5,58.7,57.6,60.6,62.5,63.4,63.6,62.8,64,64.6,65.4,67,66.7,67.8
"여주시","임금근로자",37,38.3,37.4,39.8,40.6,41.1,42.4,39.2,40.5,41.7,41.7,43.9,43.5,43.6
"여주시","- 상용근로자",26.3,28.7,28.4,29.7,29.5,31.7,32.4,29.3,30.7,30.9,30.9,32.9,32.1,32.2
"여주시","- 임시·일용근로자",10.7,9.6,9,10.1,11,9.4,10,9.8,9.8,10.8,10.8,11,11.3,11.4
"여주시","비임금근로자",19.5,20.4,20.2,20.7,22,22.4,21.2,23.6,23.5,22.9,23.7,23.1,23.2,24.1
"여주군","계",-,-,-,-,-,-,-,-,-,-,-,-,-,-
"여주군","임금근로자",-,-,-,-,-,-,-,-,-,-,-,-,-,-
"여주군","- 상용근로자",-,-,-,-,-,-,-,-,-,-,-,-,-,-
"여주군","- 임시·일용근로자",-,-,-,-,-,-,-,-,-,-,-,-,-,-
"여주군","비임금근로자",-,-,-,-,-,-,-,-,-,-,-,-,-,-
"연천군","계",22,22.8,22.1,22.3,22.3,22.1,21.7,21.4,19.5,19.7,19.8,19.6,19.8,20.4
"연천군","임금근로자",12.1,12.5,12,13,13.1,13,12.5,11.6,10.7,10.9,11.2,11.5,11.6,12.4
"연천군","- 상용근로자",8.5,9.2,8.7,9.6,9.5,9.5,9.1,8.8,7.8,7.6,7.7,7.8,8.1,8.6
"연천군","- 임시·일용근로자",3.6,3.3,3.3,3.4,3.6,3.5,3.4,2.9,2.9,3.2,3.5,3.7,3.5,3.8
"연천군","비임금근로자",9.9,10.3,10.1,9.3,9.3,9.1,9.2,9.7,8.8,8.9,8.6,8.1,8.1,8.1
"가평군","계",31.7,32.1,32.3,31.4,31.9,32.2,32.5,33,32.2,33.5,33.3,33.4,33.7,33.5
"가평군","임금근로자",15.3,15.4,15.5,16.1,16.8,16.9,17.4,18.6,17.7,19.4,18.5,18.6,19,18.9
"가평군","- 상용근로자",9.8,9.9,9.8,10,11,11.4,11.7,12.5,12.6,13,13.8,13.7,13.8,12.9
"가평군","- 임시·일용근로자",5.5,5.5,5.8,6.1,5.8,5.5,5.7,6.1,5.2,6.4,4.7,5,5.2,6
"가평군","비임금근로자",16.5,16.7,16.7,15.3,15.1,15.3,15,14.5,14.5,14.1,14.8,14.7,14.8,14.6
"양평군","계",58.6,60.6,56.8,59.5,60.5,61,63.3,60.1,60.2,60.6,62.5,64.7,63.8,66.5
"양평군","임금근로자",31.3,32.7,30,30.9,31.9,32.5,35.3,35.1,33.8,35.1,34.9,36.6,35.5,37.6
"양평군","- 상용근로자",23.3,23.2,21.4,22.5,22.4,22.8,24.4,23.6,23.9,23.5,24.9,27,25.1,26.6
"양평군","- 임시·일용근로자",8,9.5,8.5,8.4,9.5,9.7,10.9,11.6,9.9,11.6,10,9.6,10.4,11.1
"양평군","비임금근로자",27.3,27.8,26.8,28.6,28.5,28.5,28.1,25,26.4,25.5,27.6,28.1,28.3,28.9
"춘천시","계",146.2,144.1,135.6,142.8,142.6,147.1,147.9,150.8,155.5,157.9,158.5,161.7,159.2,157.6
"춘천시","임금근로자",106.3,105.3,99,107.3,108.1,111.3,111.7,115.7,119.7,121.9,119.6,122.4,120.1,119.9
"춘천시","- 상용근로자",75.4,77,74.2,76.7,79.6,80,83.8,81.5,82.7,83,84.2,86.2,82.6,87.3
"춘천시","- 임시·일용근로자",30.8,28.4,24.8,30.6,28.5,31.3,27.9,34.2,37,38.9,35.5,36.2,37.5,32.7
"춘천시","비임금근로자",40,38.7,36.5,35.5,34.5,35.8,36.1,35.1,35.9,36,38.9,39.3,39.1,37.7
"원주시","계",174.5,178.8,175.6,179.5,182.7,185.3,185.1,187.4,192.8,194.7,192.6,193.1,198.1,197.9
"원주시","임금근로자",124.7,128.6,126,131,133.8,135.3,134.5,139.8,146.3,145.8,145.7,143,148.7,151.6
"원주시","- 상용근로자",93.1,94.7,96.9,99.1,100.7,100.8,99.3,109.8,112.7,112.5,117.1,111.7,120.5,116.4
"원주시","- 임시·일용근로자",31.6,33.9,29.1,31.8,33.1,34.5,35.2,30,33.6,33.2,28.6,31.3,28.2,35.2
"원주시","비임금근로자",49.8,50.2,49.6,48.6,48.9,50,50.6,47.6,46.5,48.9,46.9,50,49.5,46.3
"강릉시","계",112.7,113.9,108.8,112.5,112.8,118.1,118.7,114.1,118,116.5,117.3,115.9,115.4,113.7
"강릉시","임금근로자",74.8,77.6,73.2,76.4,77.9,82.7,82.6,80.7,83.1,82.1,84.8,83.9,81.2,80.7
"강릉시","- 상용근로자",49.5,51.1,50.2,50.1,51.6,54.6,56.6,53.1,56.6,55.2,56.3,55.4,54.5,52.9
"강릉시","- 임시·일용근로자",25.3,26.5,23,26.3,26.3,28.1,26,27.6,26.5,26.9,28.5,28.5,26.7,27.8
"강릉시","비임금근로자",37.9,36.3,35.6,36.1,34.9,35.4,36.2,33.4,34.9,34.3,32.6,32.1,34.2,33
"동해시","계",43.5,42.9,43.4,43.5,44.4,45.9,45.1,43.7,45.4,45.7,46.6,46.1,45.9,45.3
"동해시","임금근로자",31.3,32.4,31.6,31.7,32.8,33.5,32.7,33.2,34.7,35.5,36,35.8,34.6,34.2
"동해시","- 상용근로자",22.4,22.9,21.6,22.5,22.4,23.3,23.4,23.5,24.3,24.7,25.6,25.9,24.1,24.2
"동해시","- 임시·일용근로자",8.9,9.5,10,9.2,10.4,10.2,9.3,9.7,10.4,10.8,10.4,9.9,10.6,10
"동해시","비임금근로자",12.2,10.5,11.8,11.8,11.7,12.3,12.4,10.5,10.7,10.2,10.6,10.3,11.2,11.1
"태백시","계",22.9,22.9,22.1,21.8,22.1,22.2,21.6,22.8,22.7,22.3,22.6,22.4,22,22.9
"태백시","임금근로자",17.2,17.1,16.9,17,17,17.1,16.8,18,17.8,17.8,18.2,18.2,17.6,18.5
"태백시","- 상용근로자",11.6,11.5,12.1,11.8,11.4,11.6,11.8,12.7,12.3,12.2,12.4,12.6,12,12.5
"태백시","- 임시·일용근로자",5.5,5.6,4.8,5.2,5.6,5.5,5,5.3,5.5,5.6,5.8,5.6,5.6,6.1
"태백시","비임금근로자",5.8,5.8,5.2,4.8,5.1,5.1,4.9,4.9,4.9,4.5,4.4,4.2,4.5,4.4
"속초시","계",40.2,41.3,41,41.9,41.3,41.9,42.8,41.2,41.9,42.4,41.9,42.7,44.7,44.3
"속초시","임금근로자",25.9,26.6,25.9,27.6,26.8,27.4,29,30.6,30.9,31.4,30.7,30.8,32.6,32.1
"속초시","- 상용근로자",18.3,18.7,17.9,17.9,18,18.2,19.7,20.2,20.5,21.1,20.1,20.3,21.4,21.8
"속초시","- 임시·일용근로자",7.6,7.9,8.1,9.7,8.8,9.2,9.3,10.4,10.4,10.3,10.5,10.5,11.3,10.3
"속초시","비임금근로자",14.4,14.6,15,14.4,14.5,14.5,13.8,10.5,11,11,11.3,11.8,12,12.2
"삼척시","계",34.2,34.4,34.6,35.1,34.2,34.9,35.4,35.3,36.2,35.3,35.8,35.9,35.4,35.1
"삼척시","임금근로자",23.3,24.6,25,24.8,25,24.9,25.9,26.1,27.3,27.1,27.6,27.2,26.9,26.3
"삼척시","- 상용근로자",16.1,16.3,15.8,15.7,15.2,15.6,16.4,17.1,17.6,17.5,17.7,17.4,17.5,18.2
"삼척시","- 임시·일용근로자",7.2,8.3,9.2,9.1,9.8,9.3,9.5,9,9.7,9.6,10,9.8,9.5,8.2
"삼척시","비임금근로자",10.9,9.9,9.6,10.3,9.2,10,9.5,9.3,8.8,8.3,8.2,8.6,8.5,8.8
"홍천군","계",37,37.8,37.6,38.3,39.9,40.4,40.3,39.7,40.3,41.6,41,42,40.7,41.9
"홍천군","임금근로자",18.2,19.2,18.8,20.2,21.2,21.8,21.6,21.1,21.9,22.1,21.7,22.8,21.5,23.1
"홍천군","- 상용근로자",12.2,12.5,13,13.3,13.9,13.3,13,11.8,13.2,14,12.6,13.3,11.8,12.8
"홍천군","- 임시·일용근로자",6,6.8,5.8,6.9,7.3,8.5,8.6,9.3,8.7,8,9.1,9.5,9.7,10.4
"홍천군","비임금근로자",18.9,18.6,18.8,18.1,18.7,18.6,18.7,18.6,18.3,19.5,19.3,19.2,19.3,18.8
"횡성군","계",26.3,26.7,25.6,26.2,25.9,26.2,26.5,27.3,26.8,27.9,27.7,28,27.2,27.4
"횡성군","임금근로자",12.7,13.2,12.2,12.8,12.7,13.1,13,12.7,13.1,13.2,13.8,13.8,13.7,13.7
"횡성군","- 상용근로자",8.9,9.3,8.8,8.4,8.3,8.3,8.5,8.3,8,8.6,8.5,9,8.2,8.6
"횡성군","- 임시·일용근로자",3.8,3.8,3.4,4.4,4.4,4.7,4.5,4.4,5,4.6,5.3,4.8,5.6,5.1
"횡성군","비임금근로자",13.6,13.5,13.4,13.4,13.2,13.2,13.5,14.6,13.7,14.7,14,14.2,13.5,13.8
"영월군","계",22.1,22.3,20.7,21.6,21.5,21.4,21.6,23.1,23.1,22.6,22.2,22.4,22.3,22.5
"영월군","임금근로자",12.2,12,11.2,12.2,11.9,11.9,12.5,13.1,13.6,13.3,13.2,13.1,13.3,13.2
"영월군","- 상용근로자",7.9,7.7,8.4,8.6,7.6,7.5,8,8,8.8,8.5,8.6,8.6,8.3,8.6
"영월군","- 임시·일용근로자",4.3,4.3,2.8,3.6,4.3,4.3,4.4,5.1,4.8,4.7,4.6,4.5,4.9,4.7
"영월군","비임금근로자",9.9,10.3,9.5,9.3,9.7,9.5,9.2,10,9.5,9.3,9,9.3,9,9.3
"평창군","계",24.4,23.9,23.8,24.7,24.9,25.4,26.1,24.4,25.5,26.1,26.6,26.8,26.4,26.9
"평창군","임금근로자",10.3,10.9,10.7,11.8,12,12.5,13,11.5,12.2,12.7,13,13,12.5,12.8
"평창군","- 상용근로자",7.7,7.6,8,8,8.1,8.5,8.5,6.2,6.8,7.5,7.8,8.1,7.1,7.1
"평창군","- 임시·일용근로자",2.6,3.3,2.7,3.8,4,4,4.5,5.2,5.4,5.2,5.3,4.9,5.5,5.7
"평창군","비임금근로자",14.1,13,13.1,12.9,12.9,12.9,13.1,12.9,13.3,13.4,13.6,13.8,13.9,14.1
"정선군","계",21.7,21.9,21.6,21.5,21.2,21.5,21.3,21.7,22,21.8,21.3,22,21.7,21.9
"정선군","임금근로자",13.1,12.9,12.3,12.3,12.2,12.6,12.7,11.7,12.7,12,11.9,12.6,12.5,12.8
"정선군","- 상용근로자",9.4,9.5,9.1,8.8,8.7,8.7,8.7,7.7,7.9,7.5,7.3,8,7.8,8.4
"정선군","- 임시·일용근로자",3.7,3.4,3.3,3.5,3.5,3.9,4,4,4.8,4.5,4.6,4.5,4.7,4.3
"정선군","비임금근로자",8.6,9,9.3,9.2,8.9,8.9,8.6,10,9.3,9.8,9.4,9.5,9.2,9.2
"철원군","계",22.8,22.7,21.4,21.4,21.1,21.5,21.4,21.1,20.7,20.6,21.1,21.3,21,21.4
"철원군","임금근로자",10.6,10.6,9.4,9.5,9.4,10,10.2,11.1,11.3,11.1,11.7,12,12,12.3
"철원군","- 상용근로자",6.5,6.9,6.6,6.4,6,6.6,6.6,6.6,6.7,6.6,7.2,7.4,7.6,7.3
"철원군","- 임시·일용근로자",4.1,3.7,2.8,3.1,3.4,3.4,3.6,4.5,4.6,4.4,4.5,4.5,4.5,5
"철원군","비임금근로자",12.1,12.1,12,11.9,11.7,11.5,11.3,10,9.4,9.6,9.4,9.3,9,9.1
"화천군","계",12,11.8,11.7,11.9,12.1,12.2,12.3,12.4,11.5,11.8,12.1,12.4,12.3,12.5
"화천군","임금근로자",6.5,6.4,6.2,6.7,6.8,6.9,7.1,7.4,6.8,6.9,7.3,7.4,7.4,7.6
"화천군","- 상용근로자",3.6,3.3,3.4,3.4,3.7,3.9,3.7,3.8,3.7,3.5,3.6,3.6,3.6,3.8
"화천군","- 임시·일용근로자",2.9,3.1,2.8,3.3,3.1,3,3.4,3.6,3.1,3.4,3.7,3.8,3.7,3.8
"화천군","비임금근로자",5.5,5.4,5.5,5.2,5.3,5.3,5.2,5,4.7,4.9,4.8,5,4.9,4.8
"양구군","계",11.3,11.5,10.7,11.3,11.5,11.5,11.2,11.3,10.8,11.1,10.9,11,10.6,11.2
"양구군","임금근로자",5.8,6.1,5.6,5.9,6.2,6.3,6.1,6.6,6.5,6.8,6.9,6.9,6.8,7.2
"양구군","- 상용근로자",3.7,3.5,3.3,3.3,3.4,3.8,3.7,3.7,3.6,3.8,3.9,3.8,3.7,4.1
"양구군","- 임시·일용근로자",2.1,2.6,2.3,2.7,2.7,2.5,2.4,2.9,2.9,3,3,3,3.1,3.1
"양구군","비임금근로자",5.5,5.4,5.2,5.4,5.4,5.3,5.1,4.7,4.3,4.3,4,4.1,3.8,4
"인제군","계",16.4,16.4,16.2,16.2,16.6,16.8,16.7,17.2,16.4,17.1,16.6,17.4,16.3,16.8
"인제군","임금근로자",9.8,9.6,9.5,9,9.9,9.9,10,9.5,9.3,9.5,9.2,10,9.4,9.7
"인제군","- 상용근로자",5.9,5.9,5.8,5.4,5.5,5.5,6,5.6,5.4,6,5.8,6.3,5.6,5.7
"인제군","- 임시·일용근로자",3.9,3.8,3.7,3.6,4.4,4.4,4,3.9,3.9,3.5,3.4,3.7,3.8,4
"인제군","비임금근로자",6.6,6.7,6.7,7.2,6.8,6.8,6.7,7.8,7.1,7.5,7.4,7.4,6.9,7.2
"고성군","계",16.9,16.5,16.1,16.6,16.4,17.4,17.4,17.3,17.5,17.2,18.1,17.7,18.1,17.5
"고성군","임금근로자",10.2,9.7,9,9.8,9.4,10.3,10.2,9.5,10.1,9.8,10.5,10.3,10.6,10.1
"고성군","- 상용근로자",5.3,5,5,5,4.7,5.1,4.9,4.4,5.1,5.1,5.3,4.9,5,4.6
"고성군","- 임시·일용근로자",5,4.7,4,4.8,4.7,5.2,5.4,5.1,5,4.7,5.2,5.3,5.6,5.6
"고성군","비임금근로자",6.7,6.8,7.1,6.8,7,7.1,7.2,7.8,7.4,7.4,7.6,7.4,7.5,7.4
"양양군","계",15,15.7,15.5,16.2,16.2,17.2,16.9,16.1,16.7,16.5,16.5,16.3,16.6,16.1
"양양군","임금근로자",7.6,8.1,7.6,8.3,8.1,8.6,8.5,8.9,9.6,9.6,9.9,9.4,9.7,9.2
"양양군","- 상용근로자",4.5,5,4.8,5,5,5.4,5.3,5,5.4,5.6,5.5,5.6,5.8,5.5
"양양군","- 임시·일용근로자",3.1,3.1,2.9,3.3,3,3.2,3.2,3.9,4.2,4,4.3,3.8,3.9,3.7
"양양군","비임금근로자",7.4,7.6,7.9,7.9,8.1,8.6,8.4,7.2,7.1,6.9,6.6,6.9,6.9,6.9
"청주시","계",432.7,436,428.5,440,443.4,456.4,466.7,479,482.3,480.3,491.4,488.3,499.2,502.8
"청주시","임금근로자",334,340.2,336.6,349.3,355.9,368.6,369,385.5,382.9,379,394.7,394,398.1,404.3
"청주시","- 상용근로자",257.2,261.7,263,272.1,277.6,280.7,285.5,305.9,307.3,302.6,311.5,305.8,310.5,318.4
"청주시","- 임시·일용근로자",76.8,78.5,73.6,77.2,78.3,87.9,83.5,79.6,75.6,76.4,83.2,88.1,87.7,85.9
"청주시","비임금근로자",98.8,95.7,92,90.7,87.5,87.8,97.8,93.5,99.4,101.4,96.6,94.3,101.1,98.5
"충주시","계",113.8,115.9,115.6,116.3,117.4,120.7,121.9,121.3,121.4,121.1,124.3,120.1,121.4,121.8
"충주시","임금근로자",72.8,75,73.6,74.2,75,76.9,79,82.3,82.8,82.1,82.9,80.5,81.9,80.9
"충주시","- 상용근로자",52.2,54.1,53.2,52.7,53.8,56,57.5,62,61.8,61.8,62.6,62,63.4,62.8
"충주시","- 임시·일용근로자",20.6,20.9,20.4,21.5,21.2,20.9,21.5,20.3,21.1,20.3,20.3,18.5,18.5,18.1
"충주시","비임금근로자",41,40.9,42,42.2,42.4,43.8,42.9,39,38.5,39,41.4,39.6,39.5,40.9
"제천시","계",71.8,73.1,70.2,70.4,70.9,71.5,71.6,74.7,77.3,76,77.6,75.2,76.3,76.6
"제천시","임금근로자",48,50.4,47.9,48.3,47.8,47.5,47.4,48.8,50.2,49.7,50.8,48.2,48.7,48.8
"제천시","- 상용근로자",32.8,32.8,33.9,33.7,33.6,32.4,33.5,37.6,38.7,38.8,38.1,36.1,35.7,35.6
"제천시","- 임시·일용근로자",15.2,17.7,14,14.5,14.2,15.2,13.9,11.2,11.5,10.9,12.6,12.1,13,13.2
"제천시","비임금근로자",23.7,22.6,22.3,22.1,23.1,23.9,24.2,25.8,27,26.3,26.8,26.9,27.7,27.8
"청원군","계",-,-,-,-,-,-,-,-,-,-,-,-,-,-
"청원군","임금근로자",-,-,-,-,-,-,-,-,-,-,-,-,-,-
"청원군","- 상용근로자",-,-,-,-,-,-,-,-,-,-,-,-,-,-
"청원군","- 임시·일용근로자",-,-,-,-,-,-,-,-,-,-,-,-,-,-
"청원군","비임금근로자",-,-,-,-,-,-,-,-,-,-,-,-,-,-
"보은군","계",19.1,19.3,19.2,19.5,19.7,19.3,19.1,19.3,19.4,19.2,18.6,18.7,18.8,19.4
"보은군","임금근로자",7.6,8.4,7.9,8.1,8,8.3,8,8.4,8.5,8.7,7.9,7.9,8.1,8.3
"보은군","- 상용근로자",5.2,5.2,5.1,5.2,4.8,5.2,5,5.4,5.4,5.5,5.2,5.5,5,5.3
"보은군","- 임시·일용근로자",2.4,3.2,2.7,2.8,3.2,3.1,3,3,3.1,3.2,2.7,2.4,3,3
"보은군","비임금근로자",11.5,11,11.3,11.5,11.6,11.1,11.1,10.8,10.9,10.5,10.7,10.9,10.7,11.1
"옥천군","계",28.7,29.2,28.4,27.6,27.7,27.7,28.8,28.8,29.3,29.6,29.9,28.9,29.4,29.1
"옥천군","임금근로자",16.6,15.9,16,15.6,15.4,15.2,15.8,16.3,17.9,18,17.6,17.3,18.4,18
"옥천군","- 상용근로자",11.1,10.6,10.7,10.3,10.1,9.7,10.2,10.8,11.4,11.7,11.1,11.1,11.7,12
"옥천군","- 임시·일용근로자",5.5,5.3,5.3,5.3,5.3,5.5,5.6,5.5,6.5,6.3,6.4,6.2,6.7,6
"옥천군","비임금근로자",12.2,13.3,12.5,12,12.4,12.5,13.1,12.6,11.4,11.6,12.3,11.6,11,11.1
"영동군","계",26.9,26.2,26.2,26.1,26.9,25.8,26.9,25.9,27.6,27.8,28.2,27.7,27.9,27
"영동군","임금근로자",11.1,11,10.9,11.4,11.7,10.6,11.2,10.4,11.9,11.9,11.9,12.1,12.5,12.5
"영동군","- 상용근로자",7.9,7.8,7.9,8,8,7.5,7.6,7.1,8.1,8,8,8,8.3,8
"영동군","- 임시·일용근로자",3.2,3.2,3,3.3,3.7,3.1,3.6,3.2,3.9,3.9,4,4.1,4.1,4.4
"영동군","비임금근로자",15.8,15.1,15.3,14.7,15.2,15.2,15.7,15.6,15.7,16,16.2,15.6,15.4,14.6
"진천군","계",51.7,51.2,50.8,52.6,54.4,56.1,56.6,56,57,57.7,60.4,59.6,59.7,59
"진천군","임금근로자",35.9,35.8,34.6,37,39.6,39.8,39.6,42.7,44.1,45.4,46.5,46.1,46.8,47
"진천군","- 상용근로자",28.5,28.2,28.2,30.1,32.4,32.2,32.1,34.5,36.7,37.6,38.4,37,37.6,37.6
"진천군","- 임시·일용근로자",7.3,7.6,6.4,6.9,7.2,7.7,7.5,8.3,7.4,7.8,8.1,9.1,9.2,9.4
"진천군","비임금근로자",15.8,15.3,16.2,15.6,14.7,16.2,17,13.2,12.9,12.3,13.8,13.5,12.9,12
"괴산군","계",23.5,24.2,23.7,23.2,24.5,24.1,24.1,22.9,22.9,23,23.1,22.7,21.8,22.2
"괴산군","임금근로자",9.3,9.9,9.3,8.7,9.3,8.7,8.2,9.2,9.2,9.5,10.3,10.5,9.9,9.7
"괴산군","- 상용근로자",7,7.3,7.3,6.9,7,6.6,6.3,5.6,6.5,6.3,7.2,7.4,6.9,6.9
"괴산군","- 임시·일용근로자",2.3,2.6,2,1.8,2.3,2.1,1.9,3.6,2.7,3.1,3.1,3.1,3,2.8
"괴산군","비임금근로자",14.3,14.3,14.4,14.6,15.3,15.4,15.9,13.7,13.7,13.6,12.8,12.2,11.8,12.5
"음성군","계",63.2,62.6,61.7,60.9,62.1,62.2,61.7,65,66.1,65.3,67.7,68.4,70.2,72.3
"음성군","임금근로자",40.2,40.9,40.2,40,40.9,42,39.7,43.6,45,44.8,46.5,46.3,49,50.1
"음성군","- 상용근로자",32.5,33.9,32.8,31.8,32.9,33.3,30.9,33.5,35.6,36.2,36.8,37.8,37.8,40.5
"음성군","- 임시·일용근로자",7.6,7,7.3,8.2,7.9,8.7,8.8,10.1,9.4,8.6,9.6,8.5,11.2,9.6
"음성군","비임금근로자",23,21.7,21.5,20.9,21.2,20.2,22,21.5,21.2,20.5,21.2,22.1,21.2,22.1
"단양군","계",16.9,16.8,15.6,16.2,15.6,16.2,16,16.4,16.3,16.5,16.2,16.2,15.8,16.2
"단양군","임금근로자",8.7,8.6,7.5,8.5,8.5,8.6,8.3,7.9,8,7.9,8.2,7.9,7.7,8.3
"단양군","- 상용근로자",6.4,6,5.7,5.9,5.8,6.3,6.2,4.9,5,5,5,5,5,5.2
"단양군","- 임시·일용근로자",2.3,2.6,1.8,2.6,2.6,2.3,2.1,2.9,2.9,2.9,3.1,2.9,2.8,3
"단양군","비임금근로자",8.2,8.2,8.1,7.7,7.2,7.7,7.6,8.5,8.4,8.6,8,8.2,8.1,8
"증평군","계",19.5,20.2,18.4,20,20.1,20.5,20.8,20.8,21.3,21.3,21.2,21.4,21.6,21.6
"증평군","임금근로자",14,14.4,12.4,13.9,13.7,14.6,15,14.9,15.6,15.5,15.6,16,16,16.1
"증평군","- 상용근로자",10.4,10.7,10.4,10.3,10,10.6,11.1,11.4,12.2,12.1,12,12.2,11.9,12
"증평군","- 임시·일용근로자",3.7,3.8,2,3.6,3.7,4,3.9,3.6,3.4,3.5,3.6,3.8,4.1,4.1
"증평군","비임금근로자",5.5,5.8,6,6.1,6.4,5.9,5.8,5.8,5.7,5.7,5.6,5.4,5.6,5.5
"천안시","계",372.5,376,371.5,377.3,371.2,377.7,378.4,385,376,381,381.1,383.1,392.5,391.9
"천안시","임금근로자",285.4,293.8,283.3,292.9,292.5,296.8,292.6,297.4,297.7,303.6,302.1,303.1,309.9,306.7
"천안시","- 상용근로자",227.4,230.6,223.8,226.4,230.2,236.9,238.4,235.1,237.7,242.1,244.6,243,249.6,246.3
"천안시","- 임시·일용근로자",58,63.2,59.5,66.6,62.3,60,54.2,62.4,60,61.5,57.5,60.1,60.3,60.4
"천안시","비임금근로자",87.1,82.2,88.2,84.3,78.7,80.9,85.8,87.6,78.3,77.4,79,79.9,82.6,85.3
"공주시","계",63.2,65.7,62.2,61.2,59.9,60.8,61.4,58.7,58.9,60.3,59.9,59.6,57.6,58.3
"공주시","임금근로자",36.2,38.5,36.7,36.6,35.7,35.7,35.6,35.3,35.6,36.7,36.7,36.3,36.2,35.5
"공주시","- 상용근로자",26.2,29.1,27.1,27,26.5,27.1,27.9,26.8,26.9,25.8,26.9,26.3,25.6,25
"공주시","- 임시·일용근로자",10,9.4,9.6,9.6,9.2,8.6,7.7,8.5,8.6,10.9,9.8,10,10.7,10.5
"공주시","비임금근로자",27,27.2,25.5,24.6,24.2,25.1,25.7,23.4,23.3,23.6,23.2,23.3,21.4,22.8
"보령시","계",57.3,57,56.4,55.9,54.7,55.2,59,53.6,55,55.5,55,57.1,56,54.8
"보령시","임금근로자",32.1,31.2,30.5,31,31,32.7,34.5,33.6,35.1,34.6,35.6,36,35.6,36
"보령시","- 상용근로자",23.6,23.4,22.4,22.1,23.4,24.1,24.6,25.8,26.3,26.8,27,26.5,25.8,26
"보령시","- 임시·일용근로자",8.5,7.8,8.1,8.8,7.6,8.6,9.8,7.8,8.8,7.8,8.6,9.5,9.8,10.1
"보령시","비임금근로자",25.2,25.8,25.9,24.9,23.7,22.5,24.5,20.1,19.9,20.9,19.4,21.1,20.4,18.8
"아산시","계",180.3,181.4,179.8,182.7,184.4,185.6,193.1,198.1,203.1,208.6,216.6,221.2,226.1,225.2
"아산시","임금근로자",137.9,139.6,140.4,143.5,145.7,148.1,153.7,154.1,160.6,166,172.6,177.1,183.9,181.2
"아산시","- 상용근로자",112.5,114.2,114.6,117.1,116.5,122.2,120.1,125.2,127.8,133.1,141.1,139.3,142.3,144.2
"아산시","- 임시·일용근로자",25.4,25.4,25.7,26.4,29.2,25.9,33.6,28.9,32.8,32.9,31.5,37.9,41.6,37
"아산시","비임금근로자",42.4,41.8,39.4,39.2,38.7,37.6,39.4,44,42.5,42.6,44,44.1,42.3,43.9
"서산시","계",97.5,101.3,99,100.5,100.9,102.5,102.7,107.1,105.4,107.1,104.6,103.8,105.6,105.2
"서산시","임금근로자",64.7,67.3,63.8,65.7,66,65.9,66.2,73.3,72.9,74.9,72.9,72.7,73.6,73.3
"서산시","- 상용근로자",48.3,51,49.6,49.4,48.9,49,49.9,56.2,55.3,56,56,54.2,55.4,56.2
"서산시","- 임시·일용근로자",16.4,16.3,14.2,16.3,17.1,16.9,16.3,17,17.6,18.8,16.9,18.5,18.1,17.1
"서산시","비임금근로자",32.7,34.1,35.1,34.8,34.9,36.6,36.5,33.9,32.5,32.2,31.7,31.1,32,32
"논산시","계",69.1,68.2,64.5,64.7,65,66.7,65.7,62.6,66.7,67.6,66.5,65.8,65.6,62.8
"논산시","임금근로자",33.7,34.5,30.6,31.4,33.5,34.4,34.9,36.7,39.1,39.5,38.4,39.1,39.8,37.6
"논산시","- 상용근로자",23.4,25.8,23.7,23.3,21.8,22.8,25.2,24.6,25.3,26.4,26.9,27.5,28.2,27
"논산시","- 임시·일용근로자",10.3,8.8,6.9,8.1,11.7,11.7,9.7,12.2,13.7,13.1,11.6,11.6,11.6,10.6
"논산시","비임금근로자",35.4,33.7,33.8,33.3,31.5,32.3,30.8,25.8,27.6,28.2,28.1,26.7,25.8,25.2
"계룡시","계",17.1,17.4,15.8,17.1,18.1,18.1,18,16.8,18.4,19,20.4,20.1,19.8,19.4
"계룡시","임금근로자",12.5,12.3,10.9,12.5,13.1,13.1,13,12.6,14.1,14.3,15.2,15,15,14.8
"계룡시","- 상용근로자",8.7,8.7,8.4,9.2,9.4,9,9.1,9.9,10.5,10.5,11.1,11,10.9,10.9
"계룡시","- 임시·일용근로자",3.8,3.6,2.5,3.3,3.7,4.1,3.9,2.7,3.6,3.8,4.2,4.1,4.1,3.9
"계룡시","비임금근로자",4.6,5.2,4.9,4.6,5,4.9,4.9,4.2,4.3,4.8,5.2,5,4.8,4.6
"당진시","계",98.7,101.1,97,98,98.3,98.9,100,101.8,104.7,106.3,106.8,108.9,111.6,114
"당진시","임금근로자",63.3,65.4,62.9,63.4,63,62.7,63.8,66.1,69.7,70.9,72.5,73,76,78.7
"당진시","- 상용근로자",49.1,50.2,48.4,47.5,47,47.2,49.1,53.8,55.2,57.5,60.8,59.9,61.2,62.8
"당진시","- 임시·일용근로자",14.2,15.2,14.5,15.9,15.9,15.5,14.7,12.3,14.5,13.4,11.7,13.1,14.8,15.9
"당진시","비임금근로자",35.5,35.7,34.1,34.6,35.3,36.1,36.3,35.7,34.9,35.4,34.3,35.9,35.6,35.3
"금산군","계",32.6,31.9,29.9,31.4,32.3,32.6,31.6,30.9,32.7,33.1,31.3,31.3,31.5,31.6
"금산군","임금근로자",15.8,15.5,13.5,16,16.2,16,15.6,14.9,16.2,16.5,15.4,16.2,16.2,15.9
"금산군","- 상용근로자",9.8,10,9.5,10,9.9,9.8,10.4,9.1,9.8,9.9,10.1,10.7,10.6,10.4
"금산군","- 임시·일용근로자",6,5.5,4,6,6.2,6.2,5.2,5.8,6.3,6.5,5.3,5.5,5.6,5.4
"금산군","비임금근로자",16.8,16.4,16.4,15.4,16.1,16.6,16,16,16.5,16.6,15.9,15.1,15.3,15.7
"연기군","계",-,-,-,-,-,-,-,-,-,-,-,-,-,-
"연기군","임금근로자",-,-,-,-,-,-,-,-,-,-,-,-,-,-
"연기군","- 상용근로자",-,-,-,-,-,-,-,-,-,-,-,-,-,-
"연기군","- 임시·일용근로자",-,-,-,-,-,-,-,-,-,-,-,-,-,-
"연기군","비임금근로자",-,-,-,-,-,-,-,-,-,-,-,-,-,-
"부여군","계",38.7,40.4,38.3,38.9,38,37.8,38.4,37.5,35.9,36,35.4,37.5,37,36.6
"부여군","임금근로자",16.5,17.3,15,15.7,15.6,16,15.7,16.7,15.9,15.7,16.4,16.9,16.9,17.2
"부여군","- 상용근로자",11,11.9,10.4,10.3,10.5,11.2,11.2,10.9,11.2,11,11.3,12.3,11.7,12.3
"부여군","- 임시·일용근로자",5.6,5.4,4.6,5.4,5.1,4.8,4.5,5.7,4.7,4.7,5.1,4.6,5.1,4.9
"부여군","비임금근로자",22.2,23.1,23.3,23.2,22.4,21.8,22.7,20.9,19.9,20.3,19,20.6,20.1,19.4
"서천군","계",32.3,32,30.4,30.8,30.5,31.3,30,30.7,28.8,29.2,29.7,29.9,29.8,29.8
"서천군","임금근로자",13.1,13.5,12.9,14.2,13.9,15,14.5,15.1,14.7,15.1,15.3,15.2,15.5,15.3
"서천군","- 상용근로자",9.3,9.3,9.1,8.9,9,10,10,10.1,9.9,10.3,10.2,10.6,10.3,10.5
"서천군","- 임시·일용근로자",3.8,4.2,3.8,5.3,4.9,5.1,4.5,5.1,4.8,4.8,5.1,4.6,5.2,4.8
"서천군","비임금근로자",19.2,18.4,17.6,16.6,16.6,16.3,15.6,15.6,14.1,14.1,14.4,14.7,14.3,14.5
"청양군","계",21.7,22,21.5,21.5,21.7,21.9,21.6,21.1,20.4,20.4,20.2,20.3,20.1,20.2
"청양군","임금근로자",7.7,7.8,7,6.9,7.2,7.4,7.7,8.6,8.4,8.4,8.4,8.4,8.8,8.6
"청양군","- 상용근로자",5.6,5.9,5.4,5.1,5.3,5.6,5.8,5.9,6.3,6.3,6.2,6.3,6.1,6.2
"청양군","- 임시·일용근로자",2.1,1.9,1.7,1.8,1.9,1.8,1.8,2.7,2.1,2.1,2.2,2.1,2.7,2.3
"청양군","비임금근로자",14,14.2,14.4,14.6,14.5,14.5,13.9,12.5,12,12.1,11.8,11.8,11.3,11.6
"홍성군","계",55.6,57.6,54.9,57.1,57.7,58.7,58.2,60.9,59.9,57.6,60.2,61.8,62.4,62
"홍성군","임금근로자",30.5,31.1,27.2,29.5,30.6,32.7,33.7,35.3,35.8,34,34.8,35.8,36.5,37
"홍성군","- 상용근로자",22.8,23.1,22.4,22.6,22.5,25.4,26.1,26.6,27.4,26.4,27.2,27.4,29.1,30.1
"홍성군","- 임시·일용근로자",7.7,8.1,4.9,7,8.1,7.3,7.6,8.7,8.4,7.6,7.6,8.4,7.4,6.9
"홍성군","비임금근로자",25.1,26.5,27.7,27.6,27.1,26,24.5,25.6,24.1,23.6,25.4,26,25.9,25
"예산군","계",45.7,46.4,45.5,45.7,44.9,46.8,46.6,48.4,49.7,51.9,51.3,52.3,51.5,53.5
"예산군","임금근로자",20.1,21.1,20.4,20.2,19.4,21.4,21.2,24.1,25.6,26.3,27.2,28.3,28.6,30.1
"예산군","- 상용근로자",14.6,15.1,15.3,15,13.9,15.3,15.5,17.2,19.6,19.7,20.3,22.5,22.9,22.9
"예산군","- 임시·일용근로자",5.5,6,5.1,5.2,5.5,6.1,5.7,6.8,6,6.6,7,5.8,5.7,7.2
"예산군","비임금근로자",25.7,25.3,25.1,25.5,25.5,25.4,25.4,24.3,24.2,25.6,24,24,22.9,23.4
"태안군","계",39,39.7,38.4,39.3,37.9,38.8,38.6,38.6,39.1,39.3,39.7,39.4,39.3,39.4
"태안군","임금근로자",16.3,17,15.9,16.8,15.9,16.9,16.3,17.1,18.1,18.2,18.5,18.7,18.7,18.8
"태안군","- 상용근로자",11.1,11.4,10.7,10.4,10.5,10.7,10.5,10.3,10.5,11,11.1,10.9,11.2,11.3
"태안군","- 임시·일용근로자",5.2,5.6,5.2,6.4,5.4,6.2,5.8,6.9,7.7,7.2,7.4,7.8,7.5,7.5
"태안군","비임금근로자",22.7,22.6,22.5,22.5,22,21.9,22.3,21.5,21,21,21.2,20.7,20.6,20.6
"전주시","계",325.1,328.4,322.9,329.4,331.7,345.8,345.6,343.3,336.4,343,349.1,344.6,343.7,340.9
"전주시","임금근로자",249.2,246.4,242.2,249.2,252.1,257.1,255.4,270.4,262.5,262,264.7,264.8,260.1,256.1
"전주시","- 상용근로자",175.9,177.6,174.6,183.2,182.9,186,184.5,202.4,197.4,196.3,195.9,195.6,196.5,190.8
"전주시","- 임시·일용근로자",73.3,68.8,67.6,66,69.2,71,71,68,65.1,65.6,68.8,69.1,63.6,65.3
"전주시","비임금근로자",75.9,82,80.7,80.2,79.6,88.7,90.1,72.9,73.9,81,84.4,79.8,83.7,84.8
"군산시","계",126.4,128.9,122.4,127.8,128.2,130.1,128.4,131.2,132.9,136,134.7,137.4,138.6,142.4
"군산시","임금근로자",92.6,94.1,87.2,91,90.5,92.3,93,95,96.1,98.6,98.2,102,103.6,106.2
"군산시","- 상용근로자",65.7,69.3,65,68,66.2,68.1,69.7,71.4,69.5,73,71.1,74.9,75.8,77.2
"군산시","- 임시·일용근로자",26.9,24.8,22.3,22.9,24.4,24.3,23.3,23.6,26.6,25.5,27.1,27.1,27.7,29
"군산시","비임금근로자",33.8,34.8,35.2,36.8,37.7,37.7,35.4,36.3,36.8,37.5,36.5,35.4,35,36.2
"익산시","계",139.7,139.1,139.1,141.4,139.1,144.4,141.8,145.6,146.5,148.5,148,147.5,151.1,147.9
"익산시","임금근로자",92.4,95,93.2,94.8,93.3,98.3,97.8,101.5,104,106.5,107.1,105.3,110.6,107.4
"익산시","- 상용근로자",71.6,74.3,70.8,72.6,70.6,72,73.6,73.1,73.9,72.6,73.7,75,79.2,76.8
"익산시","- 임시·일용근로자",20.8,20.6,22.4,22.2,22.6,26.3,24.2,28.4,30.1,33.8,33.4,30.3,31.4,30.6
"익산시","비임금근로자",47.3,44.2,45.9,46.6,45.8,46.1,44,44.1,42.5,42,40.9,42.2,40.4,40.5
"정읍시","계",55.1,57.1,56.5,56.7,59.5,58.9,59.4,60,59.7,60.8,60,60.3,59.7,58.8
"정읍시","임금근로자",31.4,32.6,32,31.6,33.2,32.3,32.4,33.1,33,34.2,34.2,35.7,35.8,34.7
"정읍시","- 상용근로자",21.1,22,22,22.7,23.1,22,21.7,20.9,21.7,23.3,23.7,24.5,24,23.5
"정읍시","- 임시·일용근로자",10.3,10.6,10,8.8,10,10.3,10.7,12.3,11.3,10.9,10.5,11.1,11.8,11.2
"정읍시","비임금근로자",23.7,24.5,24.6,25.1,26.3,26.6,27,26.9,26.7,26.6,25.8,24.6,24,24.2
"남원시","계",44.3,45.3,42.7,45.4,45.3,44.3,45.7,44,43.5,43.8,45.1,44.6,44.3,45.1
"남원시","임금근로자",22,22.3,20.3,22.5,21.8,21.9,23.5,22.5,23,23.8,24.3,24.5,24.3,25.8
"남원시","- 상용근로자",14.8,15.6,15,15.9,14.9,15.4,16.2,15.8,15.4,16.1,16.1,16.4,16.7,17.5
"남원시","- 임시·일용근로자",7.2,6.7,5.3,6.6,6.9,6.4,7.3,6.7,7.7,7.8,8.2,8.1,7.6,8.4
"남원시","비임금근로자",22.3,23,22.4,22.9,23.6,22.5,22.2,21.5,20.5,19.9,20.8,20.2,20,19.2
"김제시","계",43.9,43.9,43.9,44.3,44.1,44.8,45.2,45.8,47.4,48.6,48.9,49,49.2,49.6
"김제시","임금근로자",22.4,22.6,22.1,22.5,22.8,23.3,23.2,22.1,24.2,24.4,25.8,26,27.1,27.6
"김제시","- 상용근로자",15.9,15.7,15.2,16.7,15.4,15.1,13,13.3,13.3,13.7,15,14.8,15.2,16.2
"김제시","- 임시·일용근로자",6.5,6.9,6.8,5.7,7.4,8.2,10.2,8.7,10.9,10.7,10.8,11.2,11.9,11.4
"김제시","비임금근로자",21.5,21.3,21.8,21.8,21.3,21.5,22,23.7,23.2,24.2,23.1,23,22.1,22
"완주군","계",52.3,50.9,51.5,51.8,51.1,51.4,51.2,53.9,57.4,59.6,58.4,59.5,60.3,58.7
"완주군","임금근로자",29.8,28.7,27.6,28.8,28.9,28.7,29.2,34.1,34.2,37.2,35.9,36.9,37.7,37.8
"완주군","- 상용근로자",20.8,20,18.7,20.5,20.6,21,21.3,23.8,23,24.7,23.6,24,22.8,25
"완주군","- 임시·일용근로자",9,8.7,9,8.3,8.2,7.7,7.9,10.2,11.2,12.5,12.3,13,15,12.8
"완주군","비임금근로자",22.6,22.2,23.8,23,22.2,22.7,22,19.8,23.2,22.4,22.5,22.6,22.6,20.9
"진안군","계",14.4,14.7,14.4,14.9,14.4,14.5,14.6,15,14.8,15.1,15,14.9,14.8,15.2
"진안군","임금근로자",5.4,5,4.8,5.7,6,6.4,6.5,6,6,6.1,6.2,6.3,5.8,6.3
"진안군","- 상용근로자",3.3,3.5,3.5,4,3.7,3.5,3.8,3.7,3.5,3.7,3.2,3.5,3.6,3.9
"진안군","- 임시·일용근로자",2,1.5,1.3,1.7,2.3,2.9,2.7,2.4,2.5,2.5,3,2.8,2.3,2.4
"진안군","비임금근로자",9,9.6,9.7,9.3,8.4,8.1,8.2,8.9,8.8,9,8.8,8.7,9,8.9
"무주군","계",14.8,14.9,14.8,14.6,14.9,14.8,14.9,15.1,14.8,15.4,14.8,15.7,15,15.6
"무주군","임금근로자",6.1,6,6.5,6.6,6.9,7,6.9,6.5,7.1,7.6,7,7.5,7.2,7.9
"무주군","- 상용근로자",3.7,3.8,3.8,4,4,4.1,4,3.7,3.7,4,4,4.6,4.3,4.6
"무주군","- 임시·일용근로자",2.4,2.2,2.7,2.7,2.9,2.9,3,2.8,3.4,3.6,3,2.9,3,3.3
"무주군","비임금근로자",8.8,8.9,8.4,8,8,7.9,7.9,8.5,7.6,7.8,7.8,8.2,7.8,7.7
"장수군","계",14.4,14.3,14.8,14.7,14.5,14.5,14.6,14,14,14.1,14,14,13.3,13.3
"장수군","임금근로자",6.7,6.3,5.8,6.8,7.6,7.5,7.6,7.4,7.6,7.8,7.8,7.8,7.3,7.2
"장수군","- 상용근로자",3.2,3.1,3,3.5,3.5,3.3,3.5,3.4,3.3,3.4,3.3,3.4,3.2,3.1
"장수군","- 임시·일용근로자",3.5,3.2,2.8,3.3,4.1,4.2,4.1,4.1,4.3,4.4,4.4,4.4,4.1,4.1
"장수군","비임금근로자",7.7,8,8.9,7.9,6.8,7,7,6.5,6.4,6.3,6.3,6.1,6.1,6.1
"임실군","계",15.5,16.1,16.1,15.7,15.5,16,15.4,15.5,14.8,14.8,15.1,14.5,14.7,14.7
"임실군","임금근로자",5.5,5.6,5.7,5.8,5.7,6.3,6.4,6.7,6.6,6.7,7.1,7.1,7.3,6.8
"임실군","- 상용근로자",3.3,3.1,2.9,3.3,3,2.8,3.4,4.3,4.1,4,4.2,4.4,4.3,3.9
"임실군","- 임시·일용근로자",2.2,2.6,2.8,2.5,2.7,3.4,3,2.4,2.6,2.8,2.9,2.8,3,2.8
"임실군","비임금근로자",10,10.5,10.3,9.9,9.8,9.7,9,8.8,8.1,8,8,7.4,7.4,8
"순창군","계",16,16.1,15,15.2,15.5,15.9,16,15.7,15.6,15.9,16,16.1,16.1,16.4
"순창군","임금근로자",5.9,6.4,5.3,5.4,5.4,5.3,5.3,5.3,5.3,5.7,6.7,7,7.3,7.5
"순창군","- 상용근로자",4.2,4.6,4,4.1,3.6,3.5,4,3.5,3.6,3.7,3.8,3.7,3.8,4.2
"순창군","- 임시·일용근로자",1.7,1.8,1.3,1.3,1.7,1.8,1.3,1.8,1.7,1.9,2.9,3.3,3.4,3.3
"순창군","비임금근로자",10,9.7,9.7,9.8,10.1,10.6,10.7,10.4,10.3,10.2,9.3,9.1,8.9,8.9
"고창군","계",31.6,31.2,30.2,30.8,30.8,31,31.4,31.6,31.6,31.3,31.7,32.3,31.2,33.3
"고창군","임금근로자",11.5,11.3,9.9,10.6,10.1,11.3,10.9,11.5,11.4,11.7,12.2,12.9,12.2,13.6
"고창군","- 상용근로자",6.9,7.6,6.6,7.5,7.3,7.9,7.7,8,8.2,8.2,8.9,9.4,8.7,9.7
"고창군","- 임시·일용근로자",4.6,3.7,3.3,3.1,2.8,3.4,3.2,3.6,3.2,3.5,3.3,3.5,3.5,3.9
"고창군","비임금근로자",20.2,19.9,20.3,20.3,20.7,19.7,20.5,20.1,20.2,19.5,19.5,19.4,18.9,19.7
"부안군","계",30.5,31.2,29.7,30.8,30,29.8,29.9,30.4,30.3,30.3,30.2,30,29.8,29.4
"부안군","임금근로자",12.3,12.6,11.3,11.6,10.9,11.5,12.1,11.5,12.3,12.4,12.6,12.9,13.2,13.4
"부안군","- 상용근로자",7.9,8.4,7.7,8.1,7.1,7.6,7.6,7.3,7.3,7.1,7.2,6.8,7,7.2
"부안군","- 임시·일용근로자",4.4,4.2,3.6,3.5,3.9,3.9,4.5,4.2,5,5.3,5.3,6.1,6.2,6.2
"부안군","비임금근로자",18.2,18.6,18.4,19.2,19.1,18.3,17.8,18.9,18,18,17.7,17.1,16.6,16
"목포시","계",111.3,113.9,108.4,111.1,107.7,109,111.1,110.9,114.4,116,114,111.5,110.2,106.4
"목포시","임금근로자",78.9,79.3,74.4,78.7,75.5,78.1,80.4,80.6,83.2,84.3,84.2,81.3,80.2,76.6
"목포시","- 상용근로자",54.2,55.1,54.5,55.9,53.6,57.7,59.6,57.7,61.5,61.1,62.2,58.4,57.6,58.7
"목포시","- 임시·일용근로자",24.7,24.3,19.9,22.7,21.9,20.4,20.7,22.9,21.7,23.2,22,22.9,22.6,17.9
"목포시","비임금근로자",32.4,34.6,34,32.4,32.2,30.9,30.8,30.3,31.2,31.7,29.9,30.2,30,29.8
"여수시","계",145.4,144,141.6,147,144.6,146.9,147.4,145,143.3,144,145.4,146.4,144.5,140.6
"여수시","임금근로자",99.6,98.5,94.9,100.1,98.8,101.4,103,106.4,103.5,104.5,104.4,105.6,105.1,102.6
"여수시","- 상용근로자",68.1,70.2,68.5,69.9,66.9,70.8,73.4,77.4,74.2,75.6,76.4,78,76.2,76.7
"여수시","- 임시·일용근로자",31.5,28.3,26.3,30.2,31.9,30.6,29.6,29,29.2,28.8,28,27.6,28.9,25.9
"여수시","비임금근로자",45.8,45.6,46.8,46.9,45.8,45.5,44.4,38.6,39.8,39.5,41,40.8,39.4,38
"순천시","계",136.9,141.1,135.9,140.5,141.3,145.9,144.4,146.1,146.5,145.9,145.8,143.1,141.8,138
"순천시","임금근로자",93.3,97.1,93.4,99.1,98.9,102.1,98.6,106.1,104.8,102.7,105.3,102.8,100.7,99.8
"순천시","- 상용근로자",68.7,70.1,69.2,71.7,72,74.5,75.3,81.6,81.3,79.4,80.7,78.5,74.8,76.2
"순천시","- 임시·일용근로자",24.6,27,24.3,27.5,26.9,27.6,23.3,24.5,23.5,23.3,24.6,24.3,25.9,23.6
"순천시","비임금근로자",43.6,44,42.5,41.4,42.4,43.9,45.8,40.1,41.7,43.2,40.4,40.3,41.1,38.2
"나주시","계",63,64.6,61.5,62.9,64.7,66.2,64.6,63.6,64.5,66.5,66.8,67.7,68,68.3
"나주시","임금근로자",33.9,36.2,33.7,35.2,36.9,39.9,38.4,39.3,38.7,40.9,40.7,41.6,43.4,43.9
"나주시","- 상용근로자",23.7,25.8,25.1,26.7,27.1,27.5,29.1,29.3,28.8,30.8,30.5,30.5,31.5,32.5
"나주시","- 임시·일용근로자",10.2,10.4,8.6,8.5,9.8,12.4,9.3,10,10,10,10.2,11.2,11.9,11.4
"나주시","비임금근로자",29.1,28.4,27.9,27.8,27.8,26.2,26.2,24.3,25.7,25.7,26,26,24.6,24.4
"광양시","계",78,78.2,77.1,78,79.3,79.9,81.7,82.7,83.8,84.6,85.7,85.6,86.7,86.2
"광양시","임금근로자",56.5,57.7,55.4,56.8,57.9,56.9,58.6,60,60.9,62.4,64.3,64.4,64.1,65.4
"광양시","- 상용근로자",40.8,41.4,41.7,42.5,43.6,43.1,45.5,46.5,45.8,46.9,48.6,50.4,47.4,50.5
"광양시","- 임시·일용근로자",15.7,16.3,13.7,14.3,14.3,13.8,13.1,13.5,15.1,15.5,15.6,14,16.7,14.8
"광양시","비임금근로자",21.5,20.5,21.7,21.2,21.4,23.1,23.1,22.7,22.9,22.2,21.4,21.2,22.6,20.9
"담양군","계",25.7,25.7,25.2,25.5,25.3,26.7,25.5,25,25.4,25.5,25.5,25.1,25.1,23.9
"담양군","임금근로자",9.8,10.1,10,10.2,9.8,10.5,10.5,10.8,12.1,12.3,12.1,12,12.5,12
"담양군","- 상용근로자",6,6.2,6.7,6.5,6.6,6.9,6.9,7.3,7.6,8.1,7.9,8,8.1,7.7
"담양군","- 임시·일용근로자",3.8,3.9,3.3,3.7,3.3,3.6,3.6,3.5,4.5,4.2,4.2,4,4.4,4.4
"담양군","비임금근로자",15.9,15.6,15.2,15.3,15.5,16.1,15,14.2,13.3,13.2,13.4,13.1,12.6,11.9
"곡성군","계",17.9,17.2,16.1,16.9,16.5,16.7,17.1,16.4,16.7,17.1,16.6,16.6,16.7,16.5
"곡성군","임금근로자",7.8,6.6,6.1,6.9,6.7,6.8,7.1,6.2,7,7.6,7.6,7.6,7.6,7.5
"곡성군","- 상용근로자",4.4,4.3,3.9,4.4,4.1,4.4,4.5,4.2,4.2,4.7,4.8,5,4.2,4.5
"곡성군","- 임시·일용근로자",3.3,2.3,2.2,2.5,2.6,2.4,2.6,2,2.8,3,2.8,2.6,3.4,2.9
"곡성군","비임금근로자",10.2,10.7,10,10,9.8,9.9,10.1,10.2,9.7,9.4,9,9,9.1,9
"구례군","계",14.2,14.2,13.9,14.2,14.2,14.2,13.9,14.6,14.4,14.4,14.4,14.2,14.2,13.2
"구례군","임금근로자",5.8,6.1,5.9,6.2,6.1,6,5.9,5.8,6.2,6.3,6.1,6,5.9,5.8
"구례군","- 상용근로자",4.2,4.2,4.3,4.4,4.3,4.3,4.3,4.5,4.2,4.4,4.2,4.2,4,3.8
"구례군","- 임시·일용근로자",1.6,1.8,1.5,1.8,1.8,1.7,1.6,1.4,1.9,1.8,2,1.9,1.9,2.1
"구례군","비임금근로자",8.4,8.1,8,7.9,8.1,8.2,8,8.8,8.2,8.2,8.2,8.2,8.3,7.4
"고흥군","계",41.4,40.3,40.1,40.6,39.6,39.4,39.7,37.9,37.8,37.7,38,38.4,37.3,36.1
"고흥군","임금근로자",13.3,13.5,12,12.4,12,12,11.2,12.9,13.4,14,13.9,14.6,14.5,15.2
"고흥군","- 상용근로자",8.8,8.5,8.1,8.7,8,7.4,7.1,7.9,7.5,8.2,8,7,7.5,9.1
"고흥군","- 임시·일용근로자",4.6,5,3.8,3.7,4.1,4.6,4.1,5.1,5.9,5.8,5.9,7.6,7,6.1
"고흥군","비임금근로자",28.1,26.8,28.1,28.2,27.6,27.3,28.6,24.9,24.4,23.6,24.1,23.8,22.7,21
"보성군","계",23.7,23.5,23.5,23.8,23.1,23.5,23.4,23.7,23.1,23.1,23.3,23.1,23.2,22.9
"보성군","임금근로자",8.1,8.6,6.8,8.5,8,8.4,9,8.7,8.5,9.7,9.7,9.4,9.3,9.9
"보성군","- 상용근로자",4.9,5.1,5,4.7,4.5,4.8,5,4.8,5.1,5.7,6.2,6.1,5.6,5.6
"보성군","- 임시·일용근로자",3.2,3.5,1.8,3.7,3.5,3.6,4,3.9,3.4,4,3.6,3.3,3.7,4.3
"보성군","비임금근로자",15.6,14.9,16.7,15.3,15.1,15.2,14.4,15.1,14.6,13.5,13.6,13.7,13.9,13
"화순군","계",32.9,33.5,32,32.7,32.6,33.4,34.7,34.4,34.1,33.9,34,33.8,33.5,32.7
"화순군","임금근로자",19.9,21.1,20,21.9,21.6,22.4,23.7,22.8,24,23.8,23.5,23.2,23.8,23
"화순군","- 상용근로자",11.5,12.1,11.8,12.9,12.7,13,14,13.4,13.4,12.5,13.1,13.7,13.2,13.5
"화순군","- 임시·일용근로자",8.4,9,8.3,8.9,8.9,9.3,9.7,9.4,10.7,11.3,10.4,9.5,10.6,9.5
"화순군","비임금근로자",12.9,12.5,11.9,10.8,11,11.1,11,11.6,10.1,10.1,10.5,10.5,9.6,9.7
"장흥군","계",21.5,22.3,20.9,21.2,21.5,21.5,21.2,21.2,20.9,20.9,20.7,21.4,20.8,20.3
"장흥군","임금근로자",8.7,9.7,8.3,9.2,8.9,9.4,9.6,9.9,10,9.8,10.3,9.9,10.3,10.3
"장흥군","- 상용근로자",6.2,6.8,6.3,6.5,6.3,6.5,6.7,6.9,6.6,7,6.9,7.2,6.6,6.8
"장흥군","- 임시·일용근로자",2.6,2.9,2,2.8,2.6,2.9,2.9,3,3.3,2.8,3.4,2.7,3.7,3.5
"장흥군","비임금근로자",12.8,12.6,12.6,11.9,12.7,12.2,11.6,11.3,10.9,11,10.3,11.4,10.5,10
"강진군","계",20.2,19.8,19.2,19.1,19.3,19.3,19,18.4,17.9,18.3,17.8,18,18,18.5
"강진군","임금근로자",8.7,8.4,7.8,9,8.5,8.8,9.3,7.6,7.5,8.1,8.1,8,8.5,8.8
"강진군","- 상용근로자",5.9,5.9,5.6,6.3,5.7,5.8,5.7,5.1,5,5.3,5.5,5.3,5.2,5.6
"강진군","- 임시·일용근로자",2.8,2.5,2.2,2.7,2.8,3,3.6,2.6,2.5,2.8,2.6,2.7,3.3,3.2
"강진군","비임금근로자",11.5,11.3,11.3,10.1,10.8,10.4,9.6,10.8,10.4,10.2,9.7,10,9.5,9.7
"해남군","계",42.1,42.5,41.5,41.2,40.4,40.6,40.7,38.2,39.9,39,39.3,38.9,39.8,40
"해남군","임금근로자",14.9,15.7,13.9,14.9,14.6,14.4,14.5,13.2,14.4,14.3,14.6,14.3,15.1,15.6
"해남군","- 상용근로자",10.2,9.4,9,9.1,9,8.7,9.1,9.1,10.6,10.8,10.7,10.2,10.8,11.3
"해남군","- 임시·일용근로자",4.7,6.3,4.9,5.8,5.7,5.8,5.4,4.1,3.8,3.5,3.9,4.1,4.2,4.3
"해남군","비임금근로자",27.2,26.8,27.6,26.2,25.8,26.2,26.2,25,25.4,24.7,24.6,24.6,24.7,24.4
"영암군","계",32,32.6,33,33.6,34.1,34.7,35.1,35.6,36.8,37.8,37.9,39.2,38.9,38.6
"영암군","임금근로자",16.8,17.5,17.5,18,18.8,19.2,19.3,19.5,22.1,22.5,23.8,24.9,25,25.5
"영암군","- 상용근로자",12.2,13.1,13,13.1,14.1,14.2,14.6,14.1,17.4,17.6,17.9,17.4,18.6,20.3
"영암군","- 임시·일용근로자",4.6,4.4,4.6,5,4.8,5,4.7,5.4,4.7,4.9,5.9,7.5,6.4,5.1
"영암군","비임금근로자",15.2,15.1,15.5,15.6,15.3,15.5,15.8,16.1,14.7,15.3,14.1,14.3,13.9,13.1
"무안군","계",43.5,43.1,41.8,42.9,44.4,45.3,48.3,49.2,50.1,49.7,51.2,52.9,52.8,54.8
"무안군","임금근로자",22.5,23.3,22.2,23.1,23.9,25.5,27.1,28.4,30.1,30,31.6,32,32.5,34.6
"무안군","- 상용근로자",16.7,17.5,17.6,18.8,19.4,20,21.2,22,24.4,24.1,24.1,24.6,24.3,27.5
"무안군","- 임시·일용근로자",5.8,5.8,4.5,4.3,4.6,5.5,5.9,6.3,5.7,5.9,7.5,7.4,8.2,7.1
"무안군","비임금근로자",21.1,19.8,19.6,19.9,20.5,19.7,21.2,20.9,20,19.7,19.6,20.9,20.3,20.1
"함평군","계",19,18.2,17.5,18,18,18.2,18.4,17.9,18.5,18.9,18.3,18.3,17.8,17.4
"함평군","임금근로자",7.2,6.8,6,6.5,6.2,6.3,6.1,6.6,8,7.5,7.9,8.1,8.3,7.9
"함평군","- 상용근로자",4.4,4.4,4.2,4,4.3,3.9,3.9,4.4,5,4.4,4.3,4.3,4.2,4.2
"함평군","- 임시·일용근로자",2.8,2.4,1.8,2.5,1.9,2.4,2.2,2.2,3,3.1,3.5,3.8,4.1,3.7
"함평군","비임금근로자",11.8,11.4,11.5,11.5,11.7,11.8,12.2,11.3,10.6,11.4,10.5,10.2,9.5,9.5
"영광군","계",28.5,29,28.5,29,28.6,28.7,28.2,27.7,28.4,27.9,28.2,27.2,27.6,28.9
"영광군","임금근로자",13.8,13.4,13.1,13.2,13.1,12.8,13.3,12.2,13.6,13.3,13.9,13.3,13.6,14.8
"영광군","- 상용근로자",9.1,9.6,9.7,9.8,9.9,9.8,10.1,7.8,8.7,9.3,10,9.9,9.1,10
"영광군","- 임시·일용근로자",4.6,3.8,3.4,3.4,3.3,3,3.2,4.3,4.9,4,3.9,3.4,4.5,4.8
"영광군","비임금근로자",14.8,15.6,15.4,15.8,15.5,16,14.9,15.5,14.9,14.6,14.2,13.9,14,14.1
"장성군","계",23.3,24.2,23.6,23.2,23.4,22.9,22.7,22.5,22.4,22.5,22.8,22.4,22.1,22.9
"장성군","임금근로자",10.5,11.2,9.9,10.1,10.3,10.3,10.4,10.4,11.7,11.9,11.7,11.6,11.6,11.4
"장성군","- 상용근로자",6.8,7.7,7,7.1,6.6,6.5,6.3,6.5,7.4,6.8,6.6,6.8,7.3,6.6
"장성군","- 임시·일용근로자",3.7,3.5,2.9,3.1,3.7,3.8,4.1,3.9,4.3,5,5.1,4.8,4.3,4.8
"장성군","비임금근로자",12.8,13,13.7,13.1,13.1,12.7,12.3,12.1,10.7,10.6,11.1,10.8,10.6,11.5
"완도군","계",28.4,28.8,27.9,28.2,27.4,26.8,27,27.8,27.9,28,29.1,29.2,29,29
"완도군","임금근로자",10,10.8,10.9,11.8,10.9,11.7,11.3,10.4,10.8,11.6,12.4,13,12.5,12.8
"완도군","- 상용근로자",5.4,5.6,6.2,6.5,6.8,7.5,7.3,6.7,6.5,6.5,7.1,7.7,7,7
"완도군","- 임시·일용근로자",4.6,5.2,4.7,5.3,4,4.2,4,3.7,4.3,5.1,5.3,5.4,5.5,5.8
"완도군","비임금근로자",18.4,18,17,16.4,16.5,15.2,15.7,17.4,17.1,16.4,16.7,16.2,16.5,16.2
"진도군","계",17.8,17.9,17.6,17.8,18.5,18.3,18.7,18.7,19.2,19,19.1,18.8,19.2,18.8
"진도군","임금근로자",7.1,7.2,7.3,7.4,7.2,7.4,7.9,8,8.2,8,8.3,8.4,8.7,8.8
"진도군","- 상용근로자",4.8,4.9,5,4.7,4.4,4.3,4.6,4.9,4.8,4.9,5.2,4.7,5.1,5.8
"진도군","- 임시·일용근로자",2.3,2.3,2.3,2.7,2.9,3.1,3.3,3.1,3.4,3.1,3.1,3.7,3.6,3
"진도군","비임금근로자",10.8,10.7,10.3,10.4,11.3,10.9,10.8,10.8,11,11,10.8,10.4,10.5,10
"신안군","계",24.1,24,23.1,22.9,22.7,22.8,22.9,22.7,22.8,23.4,23.3,23.4,24.3,24
"신안군","임금근로자",5,5.6,5.1,5,4.9,4.9,5.3,6.7,7,7.2,7.1,7.3,8,7.7
"신안군","- 상용근로자",3.8,4.2,3.6,3.6,3.6,3.4,3.7,4.4,4.5,4.9,4.9,4.8,5.1,5.3
"신안군","- 임시·일용근로자",1.3,1.4,1.5,1.4,1.3,1.4,1.6,2.3,2.5,2.3,2.2,2.4,2.9,2.3
"신안군","비임금근로자",19.1,18.3,18,17.9,17.8,17.9,17.6,16,15.8,16.2,16.1,16.2,16.3,16.3
"포항시","계",262.5,266,246.5,249.2,249.8,252,258.7,255.4,253.1,253,257,254.4,256.1,257.3
"포항시","임금근로자",180.6,186.6,178.3,178.2,180.1,178.4,184.8,191.2,191.3,190.7,195.2,194.1,199.2,198.8
"포항시","- 상용근로자",137.9,144.9,138.7,135.9,137.3,133.7,139.8,138.4,137.4,139.9,142.9,142.1,149.1,151.1
"포항시","- 임시·일용근로자",42.7,41.7,39.5,42.3,42.8,44.7,45,52.9,53.9,50.8,52.2,52,50.1,47.7
"포항시","비임금근로자",81.9,79.4,68.3,71,69.7,73.5,73.9,64.1,61.8,62.3,61.8,60.3,56.9,58.5
"경주시","계",142.6,144.5,136.7,141.5,139.4,140.4,140.7,139.5,138.6,137.6,141.1,140,139.6,144.5
"경주시","임금근로자",91.3,91.4,82.8,87.3,86.9,87.1,88,93.6,92.7,94.8,97.6,96.2,97.7,100.8
"경주시","- 상용근로자",69,67.9,64.8,65.3,66,66.8,67.2,70,68,71.4,72.3,74.6,77,76.5
"경주시","- 임시·일용근로자",22.3,23.5,17.9,22.1,20.9,20.3,20.9,23.6,24.7,23.4,25.3,21.5,20.8,24.3
"경주시","비임금근로자",51.3,53.1,53.9,54.2,52.5,53.3,52.6,45.9,45.9,42.8,43.5,43.8,41.9,43.8
"김천시","계",71.6,73,72.6,75.7,76.6,78.8,80.4,79.4,80.4,81,79.1,77.7,79.7,77.9
"김천시","임금근로자",37,39.2,37.3,38.6,39.6,42.6,44.1,48,48.3,49.7,48.5,49,49.6,47.6
"김천시","- 상용근로자",29.8,29.3,28.2,28.7,28.7,31,32.2,38.2,39.6,38.7,38.6,39.3,38.2,37.6
"김천시","- 임시·일용근로자",7.3,9.8,9.1,9.9,10.8,11.6,11.9,9.8,8.7,11,9.8,9.7,11.4,10
"김천시","비임금근로자",34.6,33.8,35.3,37.1,37,36.2,36.2,31.4,32.1,31.2,30.6,28.7,30.2,30.3
"안동시","계",86.2,87,84.7,85.7,84.9,86.5,83.8,86.1,86.3,87.7,86.5,84.9,84.9,86
"안동시","임금근로자",47.7,47.3,45.1,47.5,47.5,49.1,46.6,48.6,49.5,52.3,51.8,50.4,51.3,53.4
"안동시","- 상용근로자",34,35.7,34.2,35.6,34.4,35.3,36.1,33.6,35.1,37.3,37.6,36.5,37.1,40
"안동시","- 임시·일용근로자",13.8,11.6,10.9,11.9,13,13.8,10.6,15,14.4,15,14.2,13.9,14.2,13.4
"안동시","비임금근로자",38.4,39.7,39.6,38.2,37.5,37.4,37.2,37.5,36.7,35.4,34.8,34.5,33.5,32.6
"구미시","계",214.7,216.7,208.4,212.6,211.8,212.3,220.5,217.6,214.6,213.8,215.4,215.6,216.7,218.4
"구미시","임금근로자",154.6,159.8,154.6,159.1,155.9,159.6,168.3,172.9,167.2,165.1,166.3,168.3,169,173.3
"구미시","- 상용근로자",122.4,126.8,123.2,125.1,117.5,122.7,137.3,141.6,139.3,135.5,135.4,141.5,140.9,142.5
"구미시","- 임시·일용근로자",32.3,33,31.4,34,38.4,36.9,31,31.3,27.9,29.6,30.9,26.8,28.1,30.8
"구미시","비임금근로자",60.1,56.9,53.8,53.4,55.9,52.7,52.2,44.7,47.4,48.8,49.1,47.3,47.7,45
"영주시","계",54.4,54.5,51.2,53.1,53,53.8,53.9,56.7,56.3,55.8,55.9,55.8,55.4,55
"영주시","임금근로자",30.7,32.3,29.3,31.8,30.7,30.8,30.1,32.6,33.1,31.7,32.5,31.9,31.9,31.6
"영주시","- 상용근로자",21.7,22.4,21.5,21.6,21.8,21.4,22.6,21.9,23.5,23.3,24.1,23.8,23.6,23.6
"영주시","- 임시·일용근로자",9.1,9.9,7.8,10.2,8.9,9.5,7.5,10.8,9.5,8.4,8.4,8.1,8.3,8
"영주시","비임금근로자",23.6,22.2,21.9,21.3,22.3,23,23.8,24.1,23.2,24.1,23.3,23.9,23.4,23.4
"영천시","계",59.9,62,58.9,59.6,59.5,60.2,59.6,60.3,60.7,61.4,60.8,59,59.8,57.8
"영천시","임금근로자",29.3,30.3,27.8,29,28.4,28.2,27.3,29.4,29.2,31.5,30.7,29.6,30.5,30.3
"영천시","- 상용근로자",20.5,22.2,20.3,20.9,19.5,20.7,20.2,21.9,21.1,21.6,21.9,21.5,22.8,22.3
"영천시","- 임시·일용근로자",8.8,8.2,7.5,8.1,8.9,7.5,7.1,7.5,8.1,9.9,8.8,8.1,7.7,8
"영천시","비임금근로자",30.6,31.7,31.1,30.6,31.1,32,32.3,30.9,31.5,30,30.1,29.5,29.3,27.6
"상주시","계",57.1,57.6,54.6,56.1,55.9,56.3,56.4,57.6,56.3,57.4,56.1,57.3,55.7,58.1
"상주시","임금근로자",25.3,25.3,23.1,23.6,22.3,23,24.1,25,23.5,24.3,24.1,24.9,24.5,26.3
"상주시","- 상용근로자",16.4,16.3,16,16,14.8,14.7,16,17.4,15.5,15.3,15.9,16.3,16.3,17.5
"상주시","- 임시·일용근로자",8.9,9,7.1,7.6,7.5,8.4,8.1,7.6,8,9,8.2,8.5,8.2,8.8
"상주시","비임금근로자",31.8,32.3,31.4,32.4,33.6,33.3,32.3,32.6,32.8,33.1,32,32.5,31.2,31.8
"문경시","계",37.2,37.3,37.2,37.6,37.3,36.8,37.3,39.3,38.7,39,38.3,39.3,38.4,37.6
"문경시","임금근로자",18.1,19.2,18.1,18.6,18.1,18,18.3,19.4,19.9,20.7,20,20.5,20.3,19.6
"문경시","- 상용근로자",11.9,12.1,11.7,11,10.9,11.5,12.3,14,14.3,14.2,13,13.9,13.6,13.4
"문경시","- 임시·일용근로자",6.2,7,6.5,7.6,7.2,6.6,6,5.4,5.6,6.5,7,6.6,6.7,6.2
"문경시","비임금근로자",19.2,18.1,19.1,19,19.2,18.8,19,19.9,18.7,18.2,18.3,18.8,18.1,18
"경산시","계",144.6,145.7,138.2,142.2,146.5,148.8,150,154.8,153.4,152.3,153.4,156.7,159.2,153.9
"경산시","임금근로자",101.2,101.5,92.8,97.3,99.3,102.9,103.3,110.4,109.7,107.4,106.4,110.6,113,109.6
"경산시","- 상용근로자",75.3,71.9,68.8,71.3,71.9,76,75.4,78.2,76.1,74.6,76.6,76.1,80.3,77.9
"경산시","- 임시·일용근로자",25.8,29.6,24,26,27.3,26.8,27.9,32.2,33.6,32.7,29.8,34.6,32.7,31.8
"경산시","비임금근로자",43.4,44.2,45.4,44.9,47.3,46,46.7,44.4,43.7,44.9,47,46.1,46.2,44.2
"의성군","계",32.4,33.4,33,32.1,32,32.3,32.5,32.4,32.4,32.5,32,32.5,31.8,32
"의성군","임금근로자",9.8,10,9.7,9.1,8.7,9.3,8.9,9.6,9.9,10.5,10.3,10.8,10.6,11.4
"의성군","- 상용근로자",4.9,5.4,5.4,4.6,5,5.1,4.7,6.1,6.6,7.1,7.1,7.1,6.5,7.2
"의성군","- 임시·일용근로자",4.9,4.6,4.3,4.5,3.7,4.2,4.2,3.5,3.3,3.4,3.3,3.7,4.2,4.2
"의성군","비임금근로자",22.6,23.3,23.3,22.9,23.3,23,23.6,22.8,22.5,22,21.7,21.7,21.2,20.6
"청송군","계",16.4,16.7,16.3,16.4,16.7,17.1,17.2,17.4,17.4,17.3,16.8,17.3,16.9,17.2
"청송군","임금근로자",6.2,5.9,5.9,6.4,6.3,6.8,7.1,5.3,6.2,6.5,6.5,6.7,6.9,7
"청송군","- 상용근로자",3.6,3.4,3.2,3.2,3.3,3.5,3.6,2.9,3,3,2.9,3.1,2.9,3.1
"청송군","- 임시·일용근로자",2.5,2.5,2.7,3.2,3,3.4,3.5,2.3,3.1,3.6,3.6,3.5,3.9,4
"청송군","비임금근로자",10.2,10.7,10.4,10.1,10.4,10.2,10.1,12.1,11.3,10.8,10.3,10.6,10.1,10.2
"영양군","계",10.5,10.6,10.3,10.1,10.3,10.2,10.4,11.1,10.7,11,10.5,10.9,10.3,10.8
"영양군","임금근로자",4.6,4.7,4.6,4.8,4.7,4.6,4.8,4.5,4.5,4.6,4.4,4.7,4.4,4.7
"영양군","- 상용근로자",2.3,2.4,2.2,2.4,2.2,2.4,2.3,2,2.1,2.2,2.1,2.5,2.1,2.5
"영양군","- 임시·일용근로자",2.3,2.3,2.3,2.4,2.4,2.3,2.5,2.5,2.4,2.4,2.2,2.2,2.3,2.3
"영양군","비임금근로자",5.9,5.9,5.7,5.4,5.6,5.6,5.6,6.6,6.2,6.4,6.2,6.2,5.9,6
"영덕군","계",20.6,20.5,20,19.8,19.5,19.5,19.3,19.2,19.8,19.9,19.7,18.9,19.1,18.4
"영덕군","임금근로자",8.2,8.2,7.1,7.6,7.4,7.3,7.7,7.7,8.1,8.5,8.8,8.7,9,9.2
"영덕군","- 상용근로자",5,5,4.2,4.3,4.2,4.2,4.6,5.1,5.9,6,6.2,6.5,6.5,6.8
"영덕군","- 임시·일용근로자",3.1,3.2,2.9,3.3,3.2,3.1,3,2.6,2.1,2.5,2.5,2.2,2.4,2.4
"영덕군","비임금근로자",12.4,12.3,12.9,12.3,12,12.2,11.6,11.5,11.7,11.3,10.9,10.2,10.1,9.3
"청도군","계",26.5,27,25.8,26.4,26.1,26.5,26.7,27.5,27.8,28.4,27.7,27.1,27.1,26.4
"청도군","임금근로자",8,8.6,7.6,8.2,8.5,8.9,8.9,8.7,9.7,10.1,9.7,9.5,9.4,9.1
"청도군","- 상용근로자",5.3,5.9,5.7,5.8,5.6,5.4,5.5,6.3,6.9,6.8,6.1,5.9,6.2,5.9
"청도군","- 임시·일용근로자",2.7,2.6,1.9,2.4,3,3.5,3.4,2.4,2.9,3.3,3.6,3.6,3.2,3.2
"청도군","비임금근로자",18.4,18.4,18.2,18.3,17.6,17.6,17.8,18.8,18.1,18.4,18,17.6,17.6,17.3
"고령군","계",18.6,18.6,18.3,18.1,18.8,18.7,18.8,17.8,18,19.1,18.8,18.4,19.1,18.6
"고령군","임금근로자",9.6,9.2,8.9,9.5,9.7,9.4,10.2,9.2,9.6,10,9.9,10.5,10.4,10.1
"고령군","- 상용근로자",5.9,6.1,5.7,6.3,6.1,6,6.2,6.3,6.3,6.7,6.6,6.7,6.5,5.9
"고령군","- 임시·일용근로자",3.7,3.2,3.2,3.2,3.6,3.4,4,2.9,3.3,3.3,3.3,3.8,3.9,4.2
"고령군","비임금근로자",9,9.4,9.4,8.7,9.1,9.3,8.7,8.6,8.4,9.1,8.9,8,8.7,8.5
"성주군","계",26,25.7,24.9,25.1,25,24.7,25.1,24.1,24.8,25.1,26,25.7,24.8,25.2
"성주군","임금근로자",8,7.6,6.4,7.1,7,6.3,6.8,9,9.6,9.9,10.6,10.7,11.6,11.2
"성주군","- 상용근로자",5.2,4.9,4.4,4.5,4.7,4.5,4.9,5.9,5.7,6.3,6.7,7.1,6.8,7.3
"성주군","- 임시·일용근로자",2.8,2.7,2,2.5,2.3,1.8,1.9,3.1,3.9,3.6,4,3.5,4.8,4
"성주군","비임금근로자",18.1,18.1,18.4,18,18,18.4,18.3,15.2,15.3,15.2,15.4,15,13.3,13.9
"칠곡군","계",62.5,62.8,58.6,60.7,59.4,62.1,61.6,61.4,63.2,62.9,63.2,62.1,62.2,61
"칠곡군","임금근로자",43,44,40.7,42.8,41.7,43.3,42.9,43.4,44.4,43.4,44.3,44.9,44.7,44.1
"칠곡군","- 상용근로자",34.9,36.5,33.4,33.5,32.4,33.7,34.2,32.6,32.4,31.6,32.5,33.7,34.3,33.6
"칠곡군","- 임시·일용근로자",8.1,7.5,7.3,9.3,9.3,9.6,8.7,10.9,12,11.8,11.8,11.2,10.5,10.5
"칠곡군","비임금근로자",19.5,18.8,17.9,17.9,17.7,18.8,18.8,18,18.8,19.6,18.9,17.1,17.5,16.9
"예천군","계",31,32.1,32,31.1,32.1,32.7,33.3,31.3,30.9,31.4,30.9,31.4,31.1,31.6
"예천군","임금근로자",11.6,12.6,12.3,12.4,11.7,12.3,11.9,14.9,16,15.8,16,16,16,15.7
"예천군","- 상용근로자",7.9,8.1,7.9,7.7,7.2,8.1,7.6,11,12,11.6,11.9,12.6,12.2,12.5
"예천군","- 임시·일용근로자",3.7,4.5,4.4,4.7,4.5,4.3,4.4,3.9,4,4.2,4.1,3.4,3.8,3.2
"예천군","비임금근로자",19.4,19.5,19.7,18.6,20.3,20.4,21.3,16.4,14.9,15.6,14.9,15.4,15.1,15.9
"봉화군","계",19.9,19.7,19.2,19.5,19.4,19.4,19.4,20,19.6,19.6,18.9,18.9,18.3,18.5
"봉화군","임금근로자",6.8,6.5,6.2,6.7,6.7,6.9,6.9,6.6,6.9,7,7,7,6.9,7
"봉화군","- 상용근로자",3.8,3.8,3.5,3.9,3.8,4.1,4,4.1,4.1,4.1,3.9,3.9,3.6,4
"봉화군","- 임시·일용근로자",3.1,2.7,2.7,2.8,2.9,2.8,2.9,2.5,2.8,2.9,3.1,3.2,3.4,3.1
"봉화군","비임금근로자",13,13.2,13,12.8,12.7,12.5,12.6,13.4,12.7,12.7,11.9,11.9,11.4,11.5
"울진군","계",26.4,25.6,25.4,25.7,25.8,25.3,25.1,25.6,26,25.2,26.4,26,26.8,25
"울진군","임금근로자",15.5,15.3,14.8,15.9,15.4,15.2,14.9,16.1,16.3,14.9,15.7,16.3,16.8,16.8
"울진군","- 상용근로자",10.9,10.7,11.1,10.9,11,11.5,11.7,11.3,12.3,11.7,11.1,12.1,12.3,12.9
"울진군","- 임시·일용근로자",4.5,4.6,3.7,4.9,4.4,3.7,3.2,4.8,3.9,3.3,4.6,4.2,4.5,3.9
"울진군","비임금근로자",10.9,10.4,10.7,9.8,10.4,10.1,10.2,9.5,9.7,10.3,10.7,9.8,9.9,8.3
"울릉군","계",6.1,6.2,5.7,5.8,5.6,5.6,5.9,5.6,5.6,5.7,5.7,5.9,5.9,5.7
"울릉군","임금근로자",3.5,3.5,3.2,3.4,3.3,3.3,3.4,3.6,3.5,3.5,3.5,3.6,3.7,3.7
"울릉군","- 상용근로자",2.1,2.2,2,2,2,2,2.1,2.1,2.1,2.2,2.2,2.2,2.5,2.4
"울릉군","- 임시·일용근로자",1.3,1.3,1.2,1.4,1.2,1.3,1.3,1.5,1.4,1.3,1.4,1.4,1.2,1.3
"울릉군","비임금근로자",2.7,2.7,2.6,2.4,2.3,2.3,2.5,2.1,2.1,2.2,2.2,2.2,2.2,2
"진주시","계",176.3,175.6,167.5,173.1,175.7,178.2,179.4,188.9,192.9,194.4,190.2,189.3,191.8,187.1
"진주시","임금근로자",119.5,119.3,112.4,117.9,118.2,121.3,122.7,134,133,134.2,132.8,131.9,137.6,132.8
"진주시","- 상용근로자",89.2,91.2,88.9,93.8,94.3,97.8,97.3,99.7,102.7,102,99.1,99.9,106,105.1
"진주시","- 임시·일용근로자",30.3,28.1,23.5,24.1,23.9,23.5,25.4,34.3,30.3,32.2,33.7,32,31.5,27.8
"진주시","비임금근로자",56.8,56.3,55.1,55.2,57.5,56.9,56.6,54.9,59.9,60.2,57.4,57.4,54.3,54.3
"통영시","계",63,63,61.4,60,60.1,60.8,61.3,59.9,62,60.8,64.3,63.2,61.4,59.7
"통영시","임금근로자",43.2,43.2,41.2,41,40.6,42,41.3,40.6,41.8,41.3,43.4,43.4,43.1,41.6
"통영시","- 상용근로자",30.7,30.5,27.9,27.9,25.5,28.3,28.7,29,30.9,30.3,30.5,30.5,30.8,31.8
"통영시","- 임시·일용근로자",12.5,12.7,13.3,13.1,15.1,13.7,12.6,11.6,10.8,11,13,12.8,12.3,9.8
"통영시","비임금근로자",19.8,19.7,20.1,19,19.4,18.8,20,19.2,20.2,19.5,20.8,19.9,18.3,18.1
"사천시","계",60.4,60.6,58,59.7,58.4,58.9,59.9,59.5,62,61.9,61.4,61.4,60.9,60.6
"사천시","임금근로자",36.5,37.4,35,36.4,35,35.2,36,37.9,38.8,38.8,39.6,40,40.2,39.7
"사천시","- 상용근로자",27.4,27.6,27.3,27.9,26.9,26.6,27,28.4,29.9,29.7,30.4,31.1,31,32.3
"사천시","- 임시·일용근로자",9.2,9.8,7.7,8.5,8,8.6,9,9.5,8.9,9.1,9.3,8.8,9.2,7.4
"사천시","비임금근로자",23.9,23.2,23,23.2,23.4,23.8,23.8,21.6,23.2,23,21.8,21.4,20.7,20.9
"김해시","계",268.2,272.5,268.1,267.4,277.8,273.9,281.9,280,284.5,284.3,286.1,289.6,287.8,295.5
"김해시","임금근로자",194.3,203.7,200.6,196.3,204.3,203.3,210.7,216.5,216,219.3,224.1,227.8,227.1,233.1
"김해시","- 상용근로자",152.6,161.9,154.9,159.6,158.3,159,168.2,174.9,172.3,172.4,176.7,179.8,179.6,185.1
"김해시","- 임시·일용근로자",41.7,41.8,45.7,36.6,46,44.3,42.4,41.6,43.7,46.9,47.4,48,47.5,48.1
"김해시","비임금근로자",73.9,68.8,67.5,71.2,73.5,70.6,71.2,63.5,68.5,65,62,61.8,60.7,62.4
"밀양시","계",56,55.4,52.5,52.6,54.6,55.5,56.6,54.7,54.8,55.9,58,57.3,57.2,57.2
"밀양시","임금근로자",26.6,26.9,25,25.6,26.3,27,28.4,28.4,29.3,30.3,32.6,33,33,33.3
"밀양시","- 상용근로자",18.6,19.7,19,19.2,19.2,20.2,22.2,21.6,22.3,23.5,25.4,25,24.8,25.9
"밀양시","- 임시·일용근로자",7.9,7.2,6,6.4,7.1,6.8,6.2,6.8,7,6.8,7.1,8,8.2,7.4
"밀양시","비임금근로자",29.5,28.5,27.5,27,28.3,28.5,28.2,26.3,25.6,25.6,25.4,24.3,24.2,23.9
"거제시","계",123.9,125.9,121.2,120,116.4,119.9,118,119.8,124.5,129.6,130.8,133.9,134.4,134
"거제시","임금근로자",98.7,100.8,95.6,95.8,93.7,97.1,94.8,95.3,98.8,105.1,104.1,108.2,108.1,108.5
"거제시","- 상용근로자",79.4,82.4,80.1,80.3,75.8,77.7,74.4,72.9,80.9,84.2,84.8,87.7,87.2,87.9
"거제시","- 임시·일용근로자",19.3,18.4,15.5,15.5,17.9,19.4,20.4,22.4,17.9,20.8,19.3,20.5,20.9,20.6
"거제시","비임금근로자",25.2,25.1,25.6,24.2,22.8,22.8,23.2,24.5,25.7,24.5,26.7,25.6,26.3,25.5
"양산시","계",175,171.3,167,170.2,171,171.9,176.8,173.4,179.6,182.3,184.5,184.5,186.5,192.9
"양산시","임금근로자",134.1,132.8,128.2,130.2,127,128.3,133,135.7,136.7,138.4,139.1,141.1,142.8,145.7
"양산시","- 상용근로자",105.5,108,104.7,105,95.8,98,103.9,108.7,110.2,112.6,115.8,112.1,112.4,120.8
"양산시","- 임시·일용근로자",28.5,24.8,23.5,25.2,31.2,30.3,29.1,27,26.5,25.8,23.3,29,30.4,24.9
"양산시","비임금근로자",40.9,38.5,38.7,40,43.9,43.6,43.8,37.7,42.9,43.9,45.4,43.3,43.7,47.2
"창원시","계",534,530,494.1,511.6,521.6,517.9,518.3,529.9,522.3,538,522.5,516,531.4,537.1
"창원시","임금근로자",415.5,416.6,381.9,404.6,403.4,406.7,405,404.8,403.4,415.5,400.2,387.7,399.6,413
"창원시","- 상용근로자",318.2,327.5,306.9,316.2,309.4,308.8,320,314,313,329.8,325.9,317.1,316.5,325.4
"창원시","- 임시·일용근로자",97.3,89,75,88.4,93.9,97.9,85.1,90.8,90.4,85.7,74.2,70.6,83,87.6
"창원시","비임금근로자",118.5,113.4,112.1,107,118.2,111.3,113.3,125.1,118.9,122.5,122.4,128.3,131.9,124.1
"의령군","계",16.7,15.7,16.1,15.9,16.1,16.1,16,16,16.3,16.3,15.8,16.3,15.4,15.2
"의령군","임금근로자",6.7,6.4,6.5,6.5,6.9,7.1,7.7,6.8,7.3,7.6,7.4,7.6,7.5,7.4
"의령군","- 상용근로자",4.9,4.9,4.5,4.9,4.8,4.7,5.3,4.8,5.1,4.8,4.7,5.1,4.8,4.4
"의령군","- 임시·일용근로자",1.8,1.6,2,1.6,2.2,2.4,2.3,2,2.2,2.8,2.7,2.5,2.8,3
"의령군","비임금근로자",10,9.2,9.7,9.3,9.1,8.9,8.3,9.2,9,8.6,8.5,8.8,7.9,7.8
"함안군","계",34.6,34.5,34.4,34.2,35,35.9,35,33.6,34.3,35,35.5,34.8,34.7,34.4
"함안군","임금근로자",21.4,20.8,21,20.8,20.2,20.6,20.2,19.2,20.1,21,22.1,21.8,22.3,22
"함안군","- 상용근로자",16.2,16,15.7,16.1,15.5,15.7,16.3,15.5,15.9,16.1,16.4,16.3,16.4,16.5
"함안군","- 임시·일용근로자",5.3,4.8,5.2,4.8,4.7,4.9,4,3.7,4.2,5,5.6,5.6,5.9,5.5
"함안군","비임금근로자",13.2,13.7,13.5,13.4,14.8,15.3,14.8,14.4,14.1,14,13.4,13,12.4,12.3
"창녕군","계",36.5,36.6,34.7,34.7,35.7,36.1,36.5,33.6,34.4,34.7,35.3,34.3,34.5,33.8
"창녕군","임금근로자",17.4,18,16.9,16.3,17,17.5,17.6,16.3,16.5,17.9,18.3,18.6,18.1,17.4
"창녕군","- 상용근로자",11.9,13.6,12.4,12.3,12.8,12.3,12.3,11.5,11.4,13,13.2,12.5,12,12.6
"창녕군","- 임시·일용근로자",5.5,4.5,4.5,3.9,4.1,5.2,5.4,4.7,5.1,4.9,5.1,6.1,6.1,4.8
"창녕군","비임금근로자",19.1,18.5,17.8,18.4,18.7,18.6,18.9,17.4,17.9,16.8,17,15.8,16.4,16.4
"고성군","계",29.8,28.7,28.7,29.2,29.4,30,28.8,28.8,29.5,30.1,30.1,29.7,29.5,28.3
"고성군","임금근로자",13.5,12.9,12.5,14.2,14.1,14.9,14.1,14.2,14.3,14.7,14.5,14.7,15.4,14.4
"고성군","- 상용근로자",8.8,9.5,9.1,10.1,9.8,9.5,9.5,9.9,10.5,9.6,9.9,10.7,10.5,10
"고성군","- 임시·일용근로자",4.7,3.4,3.4,4,4.3,5.4,4.6,4.2,3.8,5.1,4.5,4,4.8,4.4
"고성군","비임금근로자",16.3,15.7,16.2,15.1,15.3,15.1,14.8,14.6,15.2,15.5,15.6,15,14.2,13.9
"남해군","계",26.3,26,25.3,25.3,25.1,25.6,25.5,25.9,27.3,26.8,25.6,25.3,24.7,24.9
"남해군","임금근로자",9.9,9.7,8.8,8.8,9.1,9,8.8,9.6,10.7,10.7,9.8,10.1,9.7,9.6
"남해군","- 상용근로자",6.2,6.5,6,6,6,6.1,5.6,6.1,7.6,7.2,6.9,6.7,6.3,6.2
"남해군","- 임시·일용근로자",3.7,3.3,2.8,2.9,3.2,2.8,3.2,3.6,3.1,3.4,2.9,3.4,3.3,3.4
"남해군","비임금근로자",16.4,16.3,16.6,16.5,15.9,16.7,16.7,16.3,16.6,16.1,15.7,15.2,15,15.3
"하동군","계",26.7,26.8,26.4,25.7,25.3,24.9,25.4,25,25.6,25.6,25.8,26.1,25.5,24.5
"하동군","임금근로자",10.2,10,9.4,9.2,9.3,8.9,8.7,9.3,8.9,8.9,9.2,9.2,9.1,9
"하동군","- 상용근로자",6.7,6.7,6.6,6.5,6.3,6.1,6.2,6.2,5.8,5.7,5.9,6.4,6,6.5
"하동군","- 임시·일용근로자",3.5,3.2,2.8,2.7,3,2.8,2.5,3.1,3.2,3.2,3.3,2.8,3.1,2.5
"하동군","비임금근로자",16.6,16.9,17,16.5,16,16,16.7,15.7,16.7,16.7,16.6,16.9,16.4,15.5
"산청군","계",21.3,21.4,21.2,22,22,22.4,22.3,21.6,22.5,22.3,22.4,22.6,22.1,21.2
"산청군","임금근로자",7.8,7.7,7.3,8.3,7.9,7.5,7.4,6.6,7.7,7.5,7.8,8.1,8.5,8
"산청군","- 상용근로자",4.8,5,4.9,5.1,4.6,4.9,4.5,4.6,5.2,5.1,5.1,5.2,5.3,5.2
"산청군","- 임시·일용근로자",2.9,2.6,2.4,3.2,3.3,2.6,2.9,2,2.4,2.4,2.8,2.9,3.2,2.7
"산청군","비임금근로자",13.5,13.8,13.8,13.7,14,14.9,14.8,15.1,14.9,14.7,14.5,14.5,13.6,13.2
"함양군","계",22.1,22.3,22.8,22.9,22.8,22.6,23,22.8,23.3,23.6,23.1,22,21.9,21.1
"함양군","임금근로자",9.4,9.1,9.2,9.1,9.7,9.1,9.5,9.5,10,9.7,9.7,9.4,9.3,9.3
"함양군","- 상용근로자",6.1,6.2,6,6.2,6.2,6,6.3,6.4,6.5,6.7,5.9,5.9,5.5,5.6
"함양군","- 임시·일용근로자",3.3,2.9,3.2,2.9,3.4,3,3.1,3.1,3.5,3,3.8,3.5,3.8,3.7
"함양군","비임금근로자",12.7,13.2,13.6,13.8,13.1,13.6,13.5,13.3,13.3,13.9,13.4,12.6,12.5,11.8
"거창군","계",33.8,34.8,34.7,35.1,34.9,35.7,34.7,35.5,35.5,35.3,35.3,34.3,35.1,34.7
"거창군","임금근로자",15.5,16.2,16.6,16.4,16.6,17.2,17,16.5,16.1,17.4,17.5,16.9,17.5,16.7
"거창군","- 상용근로자",10,10,10.4,11.1,11.3,11.8,12.3,11.7,11.5,12.8,12.7,12.8,12.4,12
"거창군","- 임시·일용근로자",5.5,6.2,6.1,5.3,5.3,5.3,4.7,4.8,4.6,4.6,4.8,4.1,5.1,4.6
"거창군","비임금근로자",18.3,18.6,18.2,18.7,18.4,18.5,17.7,19,19.4,17.9,17.7,17.4,17.6,18
"합천군","계",25.5,25,24.4,25.4,24.7,24.6,24.4,25.4,25.2,25.5,25,25,24,24.2
"합천군","임금근로자",9.8,9.6,8.5,9.3,9.1,9.4,9.8,8.4,8.9,9.5,10.1,10,9.7,10.2
"합천군","- 상용근로자",6.6,6,6.3,6.3,6.1,6.2,6.2,5.5,5.8,5.5,6.2,6.1,5.7,5.7
"합천군","- 임시·일용근로자",3.2,3.5,2.2,3,3,3.3,3.6,3,3.1,4,3.8,3.9,4,4.5
"합천군","비임금근로자",15.7,15.5,15.9,16.2,15.6,15.2,14.5,17,16.3,16,15,15,14.3,14
"제주시","계",268.9,271.8,258.5,262.9,272.3,273.3,275.1,291.1,286,289.5,289.7,287.5,285.9,289.4
"제주시","임금근로자",192.6,193.7,180.9,186.1,193.1,194,194.8,205.6,196.6,198.7,197.2,201.8,199.1,197.7
"제주시","- 상용근로자",131.4,136.6,133.6,137.3,143,143.9,143.7,147.2,145,149.3,144.1,146,140.6,145.2
"제주시","- 임시·일용근로자",61.2,57.1,47.2,48.8,50.1,50.1,51,58.4,51.7,49.4,53.2,55.8,58.6,52.5
"제주시","비임금근로자",76.3,78.1,77.7,76.8,79.3,79.3,80.3,85.5,89.4,90.7,92.5,85.7,86.7,91.7
"서귀포시","계",105,108,104.4,109.8,108,109.7,109.7,113.8,111.1,111.8,111.2,110,110.3,110.3
"서귀포시","임금근로자",55.9,60.5,53.2,58.9,55,59.9,57.7,61.6,61,63.7,60.6,61.1,61,63.7
"서귀포시","- 상용근로자",36.3,38.4,34,37.8,35.8,40.2,40.1,40,42.4,43.7,41.8,40.9,39.2,43.6
"서귀포시","- 임시·일용근로자",19.6,22.1,19.2,21.2,19.2,19.7,17.6,21.7,18.6,20,18.8,20.1,21.7,20.1
"서귀포시","비임금근로자",49.1,47.5,51.2,50.8,53,49.8,52.1,52.2,50.1,48.1,50.6,48.9,49.4,46.6
