"계정항목별",2019.1/4,2019.1/4,2019.1/4,2019.2/4,2019.2/4,2019.2/4,2019.3/4,2019.3/4,2019.3/4,2019.4/4,2019.4/4,2019.4/4,2020.1/4,2020.1/4,2020.1/4,2020.2/4,2020.2/4,2020.2/4,2020.3/4,2020.3/4,2020.3/4,2020.4/4,2020.4/4,2020.4/4,2021.1/4,2021.1/4,2021.1/4,2021.2/4,2021.2/4,2021.2/4,2021.3/4,2021.3/4,2021.3/4,2021.4/4,2021.4/4,2021.4/4,2022.1/4,2022.1/4,2022.1/4,2022.2/4,2022.2/4,2022.2/4,2022.3/4,2022.3/4,2022.3/4,2022.4/4,2022.4/4,2022.4/4,2023.1/4,2023.1/4,2023.1/4,2023.2/4,2023.2/4,2023.2/4,2023.3/4,2023.3/4,2023.3/4,2023.4/4,2023.4/4,2023.4/4,2024.1/4,2024.1/4,2024.1/4,2024.2/4,2024.2/4,2024.2/4,2024.3/4,2024.3/4,2024.3/4,2024.4/4,2024.4/4,2024.4/4,2025.1/4,2025.1/4,2025.1/4,2025.2/4,2025.2/4,2025.2/4,2025.3/4,2025.3/4,2025.3/4,2025.4/4,2025.4/4,2025.4/4
"계정항목별",원데이터,전년동분기 대비 증감,증감률,원데이터,전년동분기 대비 증감,증감률,원데이터,전년동분기 대비 증감,증감률,원데이터,전년동분기 대비 증감,증감률,원데이터,전년동분기 대비 증감,증감률,원데이터,전년동분기 대비 증감,증감률,원데이터,전년동분기 대비 증감,증감률,원데이터,전년동분기 대비 증감,증감률,원데이터,전년동분기 대비 증감,증감률,원데이터,전년동분기 대비 증감,증감률,원데이터,전년동분기 대비 증감,증감률,원데이터,전년동분기 대비 증감,증감률,원데이터,전년동분기 대비 증감,증감률,원데이터,전년동분기 대비 증감,증감률,원데이터,전년동분기 대비 증감,증감률,원데이터,전년동분기 대비 증감,증감률,원데이터,전년동분기 대비 증감,증감률,원데이터,전년동분기 대비 증감,증감률,원데이터,전년동분기 대비 증감,증감률,원데이터,전년동분기 대비 증감,증감률,원데이터,전년동분기 대비 증감,증감률,원데이터,전년동분기 대비 증감,증감률,원데이터,전년동분기 대비 증감,증감률,원데이터,전년동분기 대비 증감,증감률,원데이터,전년동분기 대비 증감,증감률,원데이터,전년동분기 대비 증감,증감률,원데이터,전년동분기 대비 증감,증감률,원데이터,전년동분기 대비 증감,증감률
"농림어업",8779.5,272.9,3.20809724,8814.1,219.8,2.55750905,8744.6,452.6,5.45827303,8470.5,40.7,0.48281098,8319.5,-460,-5.23947833,8086.7,-727.4,-8.25268604,7940.4,-804.2,-9.19653272,8135,-335.5,-3.96080515,8509,189.5,2.27778112,7992.1,-94.6,-1.16982205,8477.5,537.1,6.76414286,8619.9,484.9,5.9606638,8557.3,48.3,0.56763427,8300,307.9,3.8525544,8413.5,-64,-0.75493955,8595.5,-24.4,-0.28306593,8396,-161.3,-1.88494034,8525.8,225.8,2.72048193,8395.5,-18,-0.21394188,7922.6,-672.9,-7.82851492,8250.9,-145.1,-1.72820391,8412.4,-113.4,-1.33008046,8470.6,75.1,0.89452683,8318.8,396.2,5.00088355,8680.8,429.9,5.21034069,8579.4,167,1.98516476,8186.1,-284.5,-3.35867589,8574.7,255.9,3.07616483
"광공업",133641.5,1342.2,1.01451784,135403.1,640.1,0.47498201,135992.1,76.8,0.05650578,136602.1,487.8,0.35837528,134955.5,1314,0.98322752,125221.6,-10181.5,-7.51939948,132666.8,-3325.3,-2.44521557,137924.2,1322.1,0.96784749,140972.8,6017.3,4.45872899,141621.9,16400.3,13.0970216,140492.8,7826,5.89898905,142182,4257.8,3.08705796,146748.5,5775.7,4.09703148,145944.5,4322.6,3.05221156,146099,5606.2,3.99038243,140244.4,-1937.6,-1.36276041,142428.2,-4320.3,-2.94401646,145955,10.5,0.00719452,148402.3,2303.3,1.57653372,150739.7,10495.3,7.48357867,152084.4,9656.2,6.77969672,153441.7,7486.7,5.12945771,153425.7,5023.4,3.38498797,153581.8,2842.1,1.88543562,152650.3,565.9,0.37209602,156522.2,3080.5,2.00760289,158839.3,5413.6,3.52848317,156424.3,2842.5,1.85080524
"광업",458.1,-36.2,-7.32348776,454.4,-27.7,-5.74569591,435.8,-29.3,-6.29972049,446.2,-21.1,-4.51530066,452.7,-5.4,-1.17878193,427.5,-26.9,-5.91989437,413.4,-22.4,-5.13997246,443.5,-2.7,-0.60510982,464.1,11.4,2.51822399,510.2,82.7,19.34502924,522.7,109.3,26.43928399,477.9,34.4,7.75648253,438.6,-25.5,-5.49450549,441.1,-69.1,-13.54370835,478.1,-44.6,-8.53261909,427.5,-50.4,-10.54613936,433.7,-4.9,-1.11719106,420.8,-20.3,-4.60213104,432.8,-45.3,-9.47500523,461,33.5,7.83625731,419,-14.7,-3.3894397,405,-15.8,-3.75475285,402.3,-30.5,-7.04713494,394.4,-66.6,-14.44685466,362.3,-56.7,-13.53221957,356.5,-48.5,-11.97530864,397.8,-4.5,-1.11856823,351.7,-42.7,-10.82657201
"제조업",133182.9,1379,1.04625129,134948.4,668.2,0.49761618,135556.1,106.1,0.07833149,136155.7,508.9,0.3751655,134502.2,1319.3,0.99059264,124793.2,-10155.2,-7.52524669,132254.5,-3301.6,-2.43559678,137481.1,1325.4,0.97344437,140508.8,6006.6,4.46580056,141111.8,16318.6,13.07651378,139970.2,7715.7,5.83397918,141704.1,4223,3.07169495,146302.6,5793.8,4.1234428,145496.6,4384.8,3.10732341,145617.8,5647.6,4.03485885,139810.8,-1893.3,-1.33609402,141988.5,-4314.1,-2.94875142,145526.9,30.3,0.02082523,147962.2,2344.4,1.60996801,150272.5,10461.7,7.48275527,151665.2,9676.7,6.81512939,153040.1,7513.2,5.16275685,153027.3,5065.1,3.42323918,153192.9,2920.4,1.94340282,152300.9,635.7,0.41914691,156182.5,3142.4,2.05331805,158450.1,5422.8,3.54368142,156090.5,2897.6,1.89147147
"음식료품 제조업",6589.7,330.9,5.28695597,6706.9,419.2,6.66698475,6499.6,321.8,5.20897407,6593.1,143,2.21701989,6780.7,191,2.89846275,6770.2,63.3,0.94380414,6830,330.4,5.08338975,6796.1,203,3.07897651,6930.1,149.4,2.20331234,6893.4,123.2,1.81973945,7166.3,336.3,4.9238653,7577.5,781.4,11.49777078,7849.4,919.3,13.26532085,7812.6,919.2,13.33449386,8386,1219.7,17.01994056,7910.7,333.2,4.39722864,7457,-392.4,-4.99910821,7691.7,-120.9,-1.54750019,7765.1,-620.9,-7.40400668,7789.1,-121.6,-1.53715853,7921.8,464.8,6.2330696,7853.3,161.6,2.10096598,7947.4,182.3,2.34768387,8092.9,303.8,3.90032225,8183.2,261.4,3.29975511,7898.3,45,0.57300753,8088.9,141.5,1.7804565,8048.9,-44,-0.54368644
"섬유 및 가죽제품 제조업",4653.2,-250.9,-5.11612732,4447.1,-366.4,-7.61192479,4250,-303.6,-6.66725228,4331,-364,-7.75292865,4585.3,-67.9,-1.45921087,3881.2,-565.9,-12.72514672,4298.1,48.1,1.13176471,4428.3,97.3,2.24659432,4418.4,-166.9,-3.6398927,3872.1,-9.1,-0.23446357,4149.1,-149,-3.46664805,4302.9,-125.4,-2.83178646,4434.3,15.9,0.35985877,4242.7,370.6,9.57103381,4158.1,9,0.21691451,3999.1,-303.8,-7.06035464,3669.1,-765.2,-17.2563877,3644.8,-597.9,-14.09244113,3620.4,-537.7,-12.93138693,3513.5,-485.6,-12.14273211,3836.4,167.3,4.55970129,3709.6,64.8,1.77787533,3675.9,55.5,1.53297978,3493.2,-20.3,-0.57777145,3727.7,-108.7,-2.83338547,3731.4,21.8,0.58766444,3777.7,101.8,2.76938981,3639.7,146.5,4.19386236
"목재, 종이, 인쇄 및 복제업",3521.6,-53.1,-1.48543934,3562.1,-114.4,-3.11165511,3601.7,-3,-0.08322468,3667.1,-27,-0.73089521,3637.9,116.3,3.30247615,3454.5,-107.6,-3.02069004,3553.9,-47.8,-1.32715107,3567.8,-99.3,-2.7078618,3633.2,-4.7,-0.12919541,3543.3,88.8,2.57056014,3582.3,28.4,0.79912209,3624.5,56.7,1.58921464,3594.5,-38.7,-1.0651767,3677.2,133.9,3.77896311,3617.6,35.3,0.98540044,3469.3,-155.2,-4.28196993,3255.7,-338.8,-9.4255112,3404.5,-272.7,-7.41596867,3389.8,-227.8,-6.29699248,3421.1,-48.2,-1.38932926,3423,167.3,5.13867985,3432.7,28.2,0.82831546,3392,2.2,0.06490058,3321.7,-99.4,-2.90549823,3286.3,-136.7,-3.99357289,3351.2,-81.5,-2.37422437,3368.4,-23.6,-0.69575472,3273.4,-48.3,-1.45407472
"코크스 및 석유정제품 제조업",3001.4,-675.4,-18.36923412,2757.3,-859.8,-23.77042382,2754.4,-710.7,-20.51023058,2648.7,-726.8,-21.53162494,725.2,-2276.2,-75.83794229,645.4,-2111.9,-76.59304392,620,-2134.4,-77.49056056,781.9,-1866.8,-70.47985804,2036.6,1311.4,180.83287369,2624.4,1979,306.63154633,2281.8,1661.8,268.03225806,1232,450.1,57.564906,2317.6,281,13.79750565,2545.3,-79.1,-3.01402225,2542.1,260.3,11.40766062,1612.9,380.9,30.91720779,2017,-300.6,-12.97031412,2303.4,-241.9,-9.5037913,2161.1,-381,-14.98760867,2169.5,556.6,34.50926902,2213.4,196.4,9.73723352,2368.3,64.9,2.81757402,2368.2,207.1,9.58308269,2090.1,-79.4,-3.65982945,2090.4,-123,-5.55706153,2271.9,-96.4,-4.07043027,2294.7,-73.5,-3.103623,2217.2,127.1,6.08104875
"화학물질 및 화학제품 제조업",22348.9,439.3,2.00505714,22044.7,-459.8,-2.04314693,22180.5,-341,-1.51410874,22248,-100.8,-0.45103093,22375.9,27,0.12081132,20844.6,-1200.1,-5.44393891,22976.8,796.3,3.59009039,23004.4,756.4,3.39985617,22464.8,88.9,0.39730245,22171.1,1326.5,6.36375848,23168.6,191.8,0.83475506,23433,428.6,1.86312184,24100.7,1635.9,7.28205904,23391.6,1220.5,5.50491405,22358.8,-809.8,-3.49524788,22387.2,-1045.8,-4.46293688,23368.8,-731.9,-3.03684125,23363.4,-28.2,-0.1205561,22544.2,185.4,0.82920371,23743.1,1355.9,6.05658591,24475.4,1106.6,4.73537366,25172.4,1809,7.74287989,23636.7,1092.5,4.84603579,24806.8,1063.7,4.48003841,24246.7,-228.7,-0.93440761,24702.7,-469.7,-1.86593253,23987.2,350.5,1.48286351,24674.4,-132.4,-0.53372462
"비금속광물제품 제조업",3190.2,-168.4,-5.01399393,3250.9,-180.5,-5.26024363,3153.4,-176.2,-5.29192696,3191.1,-219.4,-6.43307433,3031.6,-158.6,-4.97147514,2932.8,-318.1,-9.78498262,3056,-97.4,-3.08872963,3297,105.9,3.31860487,3056.9,25.3,0.83454282,3067.6,134.8,4.59629023,3187.3,131.3,4.29646597,3023.4,-273.6,-8.29845314,3076.9,20,0.65425758,2884,-183.6,-5.98513496,3054.4,-132.9,-4.16967339,2803.6,-219.8,-7.26996097,2878,-198.9,-6.46429848,2695.3,-188.7,-6.54299584,2612.8,-441.6,-14.45783133,2647.9,-155.7,-5.55357398,2772.7,-105.3,-3.65879083,2712,16.7,0.61959708,2562.8,-50,-1.91365585,2581,-66.9,-2.52653046,2403.7,-369,-13.30832762,2471.8,-240.2,-8.85693215,2456,-106.8,-4.167317,2305.4,-275.6,-10.67803177
"1차금속 제조업",7485.7,88.1,1.19092679,7396.1,60.6,0.82611956,7489.8,223.6,3.07726184,7584.2,19.5,0.25777625,7536.5,50.8,0.67862725,6620.8,-775.3,-10.48255162,7358.4,-131.4,-1.75438596,7587.7,3.5,0.04614857,7334.5,-202,-2.68028926,6983.1,362.3,5.47214838,6867.4,-491,-6.67264623,6396.2,-1191.5,-15.70304572,5951.1,-1383.4,-18.86154475,5793.5,-1189.6,-17.03541407,5442.3,-1425.1,-20.7516673,5523.6,-872.6,-13.64247522,5938.5,-12.6,-0.21172556,6002.9,209.4,3.61439544,5791.8,349.5,6.4219172,6117.1,593.5,10.74480411,6203,264.5,4.4539867,5880.6,-122.3,-2.03734861,5754.5,-37.3,-0.64401395,6197.8,80.7,1.31925259,5936.2,-266.8,-4.30114461,6078.7,198.1,3.36870387,5824.7,70.2,1.21991485,5996.6,-201.2,-3.24631321
"금속가공제품 제조업",9468.8,118,1.26192411,9641.9,361.1,3.89082838,9284.4,-290,-3.02891043,9321.2,-511.3,-5.2001017,9489.4,20.6,0.21755661,8725.5,-916.4,-9.5043508,8647,-637.4,-6.86527939,8582.8,-738.4,-7.92172682,8392.3,-1097.1,-11.56132105,7692.4,-1033.1,-11.84000917,7350.5,-1296.5,-14.99363941,7253.1,-1329.7,-15.49261313,6877.1,-1515.2,-18.05464533,6728.9,-963.5,-12.5253497,6641.4,-709.1,-9.64696279,6593.6,-659.5,-9.09266383,6704.4,-172.7,-2.51123293,6828.2,99.3,1.47572412,6725.8,84.4,1.27081639,6616.9,23.3,0.35337297,6791.6,87.2,1.30063839,6759.5,-68.7,-1.00612167,6999.1,273.3,4.06345714,6607.7,-9.2,-0.13903792,6631.4,-160.2,-2.35879616,6514.6,-244.9,-3.62304904,6709,-290.1,-4.14481862,6478.7,-129,-1.95226781
"컴퓨터, 전자 및 광학기기 제조업",33714.4,1104.1,3.38574009,35248.2,1452.9,4.29911852,37076.7,1725.9,4.88220917,36196.3,2296.9,6.77563615,37638.9,3924.5,11.64042664,35487.7,239.5,0.67946732,37265.2,188.5,0.50840555,39616.1,3419.8,9.447927,41035.4,3396.5,9.02390878,42743.7,7256,20.44652091,41829.1,4563.9,12.24708307,43665.1,4049,10.22059213,45512.6,4477.2,10.91057965,46052.1,3308.4,7.74008801,45295,3465.9,8.28585841,43235.7,-429.4,-0.98339406,42929.8,-2582.8,-5.674912,45619.4,-432.7,-0.93958799,48954,3659,8.07815432,50663.4,7427.7,17.17955301,51483.8,8554,19.92555288,51569.4,5950,13.04269675,51772.9,2818.9,5.75826286,53246,2582.6,5.0975655,54088.3,2604.5,5.05887289,56831.6,5262.2,10.20411329,57403.5,5630.6,10.8755739,57555.2,4309.2,8.09300229
"전기장비 제조업",7852,109.2,1.41034251,8150.7,407.3,5.25996332,7909,63.8,0.81323612,8058.7,-180.4,-2.18955954,7777.7,-74.3,-0.94625573,7555.8,-594.9,-7.29875962,7970.5,61.5,0.77759514,8570.5,511.8,6.35090027,8819.7,1042,13.39727683,8808.2,1252.4,16.57534609,8557.5,587,7.36465717,8934.8,364.3,4.25062715,9456.8,637.1,7.22360171,9482.1,673.9,7.65082537,9167.8,610.3,7.13175577,8857,-77.8,-0.87075256,8842.2,-614.6,-6.49902716,8948.2,-533.9,-5.63060925,9348.9,181.1,1.97539213,8913.5,56.5,0.63791351,8686.4,-155.8,-1.76200493,8622.5,-325.7,-3.63983818,8858.9,-490,-5.24125833,8455.4,-458.1,-5.1393953,8297.6,-388.8,-4.47596242,8522.7,-99.8,-1.15743694,9004.4,145.5,1.6424161,8276.8,-178.6,-2.11225962
"기계 및 장비 제조업",12544.7,-157.2,-1.23761012,12251.2,-274,-2.18758982,12075,-459.6,-3.66665071,12631.6,366.4,2.9873137,12637.4,92.7,0.73895749,11782.6,-468.6,-3.82493144,12175.1,100.1,0.82898551,12699.9,68.3,0.54070743,13328.1,690.7,5.46552297,13952.7,2170.1,18.41783647,13953.5,1778.4,14.60686155,13975,1275.1,10.04023654,14421.8,1093.7,8.20597084,14444.4,491.7,3.52404911,14976.9,1023.4,7.33436055,14882.2,907.2,6.49159213,13893.3,-528.5,-3.66459111,13364.4,-1080,-7.47694608,13538.1,-1438.8,-9.60679446,13902.1,-980.1,-6.58571985,13830,-63.3,-0.4556153,13825.1,460.7,3.44721798,14021.4,483.3,3.56992488,13779.2,-122.9,-0.8840391,13215.4,-614.6,-4.4439624,13576.3,-248.8,-1.79962532,13764.9,-256.5,-1.82934657,13345.8,-433.4,-3.14532048
"운송장비 제조업",15836.3,505.2,3.29526257,16392.2,336.4,2.09519301,15752.5,62,0.39514356,16453.5,-405.6,-2.40582237,14998.7,-837.6,-5.28911425,12910.3,-3481.9,-21.24120008,14445.5,-1307,-8.2970957,15424.1,-1029.4,-6.25641961,15767.7,769,5.12711102,15586,2675.7,20.72531235,14768.8,323.3,2.23806722,15254,-170.1,-1.10281961,16478.3,710.6,4.50668138,16097.9,511.9,3.28435776,18333.3,3564.5,24.13533936,17232.2,1978.2,12.96840173,19402.9,2924.6,17.74819004,19923.6,3825.7,23.76521161,20607.6,2274.3,12.40529528,19729.6,2497.4,14.49263588,19419.5,16.6,0.08555422,20801.8,878.2,4.40783794,21740.3,1132.7,5.49651585,20950.9,1221.3,6.19019139,20621.7,1202.2,6.19068462,21412,610.2,2.93339999,22955.3,1215,5.58869933,21347.8,396.9,1.89442936
"기타 제조업 및 산업용 장비 수리업",3353,-187.2,-5.28783685,3237.4,-402.4,-11.0555525,3141.3,-435.5,-12.17568777,3166.1,-368,-10.41283495,3289.1,-63.9,-1.90575604,3185.1,-52.3,-1.61549391,3077.2,-64.1,-2.04055646,3099.5,-66.6,-2.10353432,3291,1.9,0.05776656,3173.7,-11.4,-0.35791655,3108.2,31,1.00740933,3032.6,-66.9,-2.15841265,3070.3,-220.7,-6.70616834,3112.4,-61.3,-1.93149951,3040.7,-67.5,-2.17167492,2963,-69.6,-2.29506034,2737.2,-333.1,-10.84910269,2678.4,-434,-13.94422311,2771.6,-269.1,-8.84993587,2808.2,-154.8,-5.22443469,2901.7,164.5,6.00979103,2774.4,96,3.58422939,2819.3,47.7,1.72102757,2725.1,-83.1,-2.95919094,2810.4,-91.3,-3.1464314,2560.5,-213.9,-7.70977509,2603.3,-216,-7.66147625,2875.6,150.5,5.52273311
"전기, 가스 및 수도사업",10686.6,633.1,6.29730939,11428.5,1148.1,11.16785339,10266.7,-234.7,-2.2349401,10747.1,44,0.41109585,11484.4,797.8,7.46542399,11451.4,22.9,0.20037625,11212.1,945.4,9.20841166,11457.4,710.3,6.60922481,11673.7,189.3,1.64832294,11575.6,124.2,1.08458354,11601.3,389.2,3.47124981,11552.5,95.1,0.83003125,11809.1,135.4,1.15987219,12138.7,563.1,4.86454266,11984.9,383.6,3.30652599,12087.6,535.1,4.63189786,11245.6,-563.5,-4.77174382,11657.8,-480.9,-3.96170924,11778.4,-206.5,-1.72300144,12085.1,-2.5,-0.02068235,11934.1,688.5,6.12239454,11944.3,286.5,2.45758205,12587.6,809.2,6.87020308,11843.3,-241.8,-2.00081092,12462.4,528.3,4.42681057,11784.2,-160.1,-1.3403883,12435.7,-151.9,-1.20674314,11364.6,-478.7,-4.04194777
"전기업",5835.2,759.2,14.95665879,6466.8,1138.6,21.36931797,5316.2,-291,-5.18975603,5664.9,-157,-2.69671413,6515.9,680.7,11.66540993,6712.4,245.6,3.79785984,6394.4,1078.2,20.28140401,6334.6,669.7,11.82192095,6617.1,101.2,1.5531239,6426.5,-285.9,-4.25928133,6513.1,118.7,1.85631177,6519.3,184.7,2.91573264,7020.8,403.7,6.10085989,7224.8,798.3,12.42200265,7309.1,796,12.22152278,6987.7,468.4,7.18482046,7795,774.2,11.02723336,7354.8,130,1.79935777,6799.7,-509.4,-6.96939432,7632.1,644.4,9.22191851,7547.9,-247.1,-3.16998076,7528.2,173.4,2.35764399,8122.9,1323.2,19.45968204,8190.6,558.5,7.31777623,8128.9,581,7.69750527,7497.4,-30.8,-0.40912834,8104.8,-18.1,-0.22282682,7544.2,-646.4,-7.89197373
"가스, 증기 및 공기조절 공급업",1542.1,-109.7,-6.64123986,1590.9,-5.8,-0.3632492,1500,-26.1,-1.71024179,1538.6,32.7,2.17145893,1497.2,-44.9,-2.91161403,1409.8,-181.1,-11.38349362,1428.2,-71.8,-4.78666667,1594.2,55.6,3.61367477,1656.3,159.1,10.62650281,1700.6,290.8,20.6270393,1617.6,189.4,13.26144798,1550.4,-43.8,-2.74745954,1537.5,-118.8,-7.17261366,1567.7,-132.9,-7.81488886,1536.8,-80.8,-4.9950544,1604.4,54,3.48297214,1425.7,-111.8,-7.27154472,1453.1,-114.6,-7.31007208,1536.9,0.1,0.00650703,1624.1,19.7,1.22787335,1520.9,95.2,6.67742162,1584.8,131.7,9.06338174,1649.9,113,7.35246275,1422.5,-201.6,-12.41302875,1632.6,111.7,7.34433559,1580.3,-4.5,-0.2839475,1567,-82.9,-5.02454694,1448.5,26,1.82776801
"수도, 하수 및 폐기물 처리, 원료 재생업",3280.6,-51.7,-1.55148096,3347.2,10.5,0.31468217,3414.7,97.4,2.93612275,3509.4,210.6,6.38413969,3469.2,188.6,5.74894836,3348.2,1,0.02987572,3390.3,-24.4,-0.71455765,3510.9,1.5,0.04274235,3400.3,-68.9,-1.98604866,3448.5,100.3,2.99563945,3470.6,80.3,2.36852196,3482.8,-28.1,-0.80036458,3367.7,-32.6,-0.95873893,3467.7,19.2,0.55676381,3317.4,-153.2,-4.41422232,3551,68.2,1.95819456,3424.9,57.2,1.69848858,3459.3,-8.4,-0.24223549,3324.2,6.8,0.2049798,3467.8,-83.2,-2.34300197,3512.5,87.6,2.55773891,3465.6,6.3,0.18211777,3544.5,220.3,6.62715841,3099.7,-368.1,-10.61479901,3429.3,-83.2,-2.36868327,3420.5,-45.1,-1.30136196,3506.6,-37.9,-1.06926224,3022,-77.7,-2.5066942
"건설업",27126.7,-1921.5,-6.6148677,28076.2,-416,-1.46004872,27530.5,-240.3,-0.86529736,28010.4,623.5,2.27663591,28050.8,924.1,3.40660677,28015.9,-60.3,-0.21477265,27017.1,-513.4,-1.86484081,27171.6,-838.8,-2.994602,27390.1,-660.7,-2.35536954,27381.1,-634.8,-2.26585617,27008.5,-8.6,-0.03183169,27538.4,366.8,1.34993891,27231.2,-158.9,-0.58013662,27227.6,-153.5,-0.56060567,27705.6,697.1,2.5810393,28090.5,552.1,2.00483688,27898.6,667.4,2.45086518,27259.8,32.2,0.11826235,27744.8,39.2,0.14148764,26658.9,-1431.6,-5.0963849,28210.1,311.5,1.11654348,26642.9,-616.9,-2.26303935,25848.7,-1896.1,-6.83407341,24719.7,-1939.2,-7.27411859,24611.6,-3598.5,-12.75606963,23731.6,-2911.3,-10.92711379,23895.7,-1953,-7.55550569,22814.3,-1905.4,-7.70802235
"건물건설 및 건축보수업",20045.7,-1333.5,-6.2373709,20123.7,-1058,-4.99487765,19520.3,-1085.3,-5.26701479,19655.9,-744.6,-3.64991054,19649.4,-396.3,-1.97698259,19550.2,-573.5,-2.84987353,19132,-388.3,-1.98921123,19359.1,-296.8,-1.50997919,19387.1,-262.3,-1.33490081,19560.6,10.4,0.05319639,19671.9,539.9,2.82197366,20171.4,812.3,4.19595952,20191.2,804.1,4.1476033,20319.8,759.2,3.88127154,20781.9,1110,5.6425663,20846.6,675.2,3.34731352,20589.5,398.3,1.97264155,20031,-288.8,-1.42127383,20145.9,-636,-3.06035541,19026.7,-1819.9,-8.72996076,20234.1,-355.4,-1.72612254,19078.7,-952.3,-4.7541311,18207,-1938.9,-9.6242908,17695.6,-1331.1,-6.99595831,17321,-2913.1,-14.39698331,16893.4,-2185.3,-11.45413472,16705.7,-1501.3,-8.24572966,16280.6,-1415,-7.99633807
"주거용 건물 건설업",9653.2,-1142.5,-10.58291727,9579.2,-1153.5,-10.74752858,9032.6,-1586.4,-14.93925982,8866.9,-1197.6,-11.89924984,8986.8,-666.4,-6.90341027,9100.3,-478.9,-4.99937364,8997.4,-35.2,-0.38969953,8881.9,15,0.16916848,8594,-392.8,-4.37085503,8548.3,-552,-6.0657341,8760.9,-236.5,-2.62853713,9216.1,334.2,3.76270843,8743.2,149.2,1.73609495,8974.1,425.8,4.98110735,9099.6,338.7,3.86604116,9141.5,-74.6,-0.80945302,9093.2,350,4.00311099,8812.7,-161.4,-1.79850904,8724.5,-375.1,-4.12215922,8243.4,-898.1,-9.82442706,8727.1,-366.1,-4.02608543,8216.2,-596.5,-6.76864071,7661.5,-1063,-12.18407932,7387.5,-855.9,-10.38285174,6945.3,-1781.8,-20.41686242,6779.8,-1436.4,-17.48253451,6811.5,-850,-11.0944332,6381.1,-1006.4,-13.62301184
"비주거용 건물 건설업",8633.4,-280.2,-3.14351104,8728,-51.2,-0.58319665,8718.5,437.6,5.28444976,8971.4,320.7,3.70721445,8853.9,220.5,2.55403433,8674.8,-53.2,-0.60953254,8308.7,-409.8,-4.70034983,8470.2,-501.2,-5.586642,8767.5,-86.4,-0.97584115,8915.5,240.7,2.77470374,8811.6,502.9,6.05269176,8839.5,369.3,4.3599915,9170,402.5,4.59081836,9162,246.5,2.76484774,9538.6,727,8.25048799,9596.6,757.1,8.56496408,9379.9,209.9,2.28898582,9149.1,-12.9,-0.14079895,9368.2,-170.4,-1.78642568,8742.8,-853.8,-8.89690099,9417.6,37.7,0.40192326,8835.5,-313.6,-3.42765955,8494.4,-873.8,-9.32729873,8251,-491.8,-5.62520016,8349.1,-1068.5,-11.34577812,8110.3,-725.2,-8.20779809,8034.9,-459.5,-5.40944622,7924.3,-326.7,-3.95952006
"건축보수업",1759.6,89.2,5.34003831,1816.8,146.2,8.75134682,1769,61.3,3.58962347,1817,130.3,7.72514377,1808.3,48.7,2.76767447,1775,-41.8,-2.30074857,1826.3,57.3,3.23911815,2007.2,190.2,10.46780407,2025.5,217.2,12.01128131,2096.7,321.7,18.12394366,2099.4,273.1,14.95373159,2115.8,108.6,5.41052212,2277.7,252.2,12.45124661,2183.6,86.9,4.14460819,2143.5,44.1,2.10060017,2108.2,-7.6,-0.35920219,2116.1,-161.6,-7.09487641,2069,-114.6,-5.24821396,2052.8,-90.7,-4.23139725,2040.2,-68,-3.22550043,2089.2,-26.9,-1.27120646,2026.9,-42.1,-2.03479942,2051.1,-1.7,-0.08281372,2057.2,17,0.83325164,2027.8,-61.4,-2.93892399,2004.5,-22.4,-1.10513592,1860.1,-191,-9.31207645,1976.7,-80.5,-3.91308575
"토목건설업",7083.3,-588.1,-7.66613656,7953.3,640.1,8.75266641,8010.4,842.7,11.75690947,8354.3,1365.3,19.53498355,8401.1,1317.8,18.60432284,8465.3,512,6.43757937,7885.3,-125.1,-1.56171976,7813,-541.3,-6.47929809,8003,-398.1,-4.73866517,7820.5,-644.8,-7.61697754,7336.7,-548.6,-6.95724957,7367,-446,-5.70843466,7043,-960,-11.99550169,6911.6,-908.9,-11.62201905,6928.1,-408.6,-5.56926138,7247.2,-119.8,-1.62617076,7311.5,268.5,3.8122959,7230.5,318.9,4.61398229,7599,670.9,9.68375168,7630,382.8,5.28203996,7974.9,663.4,9.07337756,7563,332.5,4.59857548,7638.8,39.8,0.52375313,7023,-607,-7.95543906,7287.8,-687.1,-8.61578202,6836.6,-726.4,-9.60465424,7186.6,-452.2,-5.91977798,6532.4,-490.6,-6.98561868
"서비스업",289593.9,9061.5,3.23010818,292864.5,10852.7,3.84831415,295049.7,10683.9,3.75709737,299181.3,12438.5,4.33785957,293355.5,3761.6,1.29892239,289122,-3742.5,-1.27789473,293483.8,-1565.9,-0.53072415,295704.5,-3476.8,-1.16210472,299171.4,5815.9,1.98254336,304421,15299,5.29153783,306966.3,13482.5,4.59395033,312044.6,16340.1,5.52582054,310618.6,11447.2,3.82630158,316630.3,12209.3,4.01066286,318799.6,11833.3,3.85491828,323022.1,10977.5,3.5179266,323766.5,13147.9,4.23281156,324741,8110.7,2.56156786,326703.8,7904.2,2.47936321,327884.9,4862.8,1.50540783,329949.9,6183.4,1.90983317,330241.5,5500.5,1.69381138,331459.7,4755.9,1.45572228,332549.7,4664.8,1.42269437,331842.4,1892.5,0.57357193,334600.1,4358.6,1.31982201,339169.2,7709.5,2.32592379,341340.6,8790.9,2.64348457
"도소매 및 숙박음식업",55408.2,2367.1,4.46276567,55843.8,2074,3.85718377,56139.7,1819.4,3.3493924,56785.4,1969.5,3.59293563,54255.2,-1153,-2.08091943,53276.7,-2567.1,-4.59692929,53761.1,-2378.6,-4.23693037,53578.4,-3207,-5.64757843,53219.7,-1035.5,-1.90857282,54653.5,1376.8,2.58424414,54713.8,952.7,1.77209916,57106.5,3528.1,6.58492975,55503.6,2283.9,4.29145598,57952.9,3299.4,6.03694182,58867.9,4154.1,7.59241727,59650,2543.5,4.45395883,58165.2,2661.6,4.79536462,56115.7,-1837.2,-3.1701606,55573.7,-3294.2,-5.595919,55460.9,-4189.1,-7.02279966,56449.5,-1715.7,-2.94970188,55689.2,-426.5,-0.76003685,55016.8,-556.9,-1.00209272,54865.7,-595.2,-1.0731885,54854.9,-1594.6,-2.82482573,55795.7,106.5,0.19123995,57176.9,2160.1,3.92625525,56814.4,1948.7,3.55176367
"도소매업",42738.9,1793,4.37894881,43292.7,1640.7,3.93906655,43633.7,1507.5,3.57853307,44027.1,1481.4,3.48190299,43180.4,441.5,1.03301676,42526,-766.7,-1.77096832,43351.8,-281.9,-0.64606027,43991.4,-35.7,-0.08108642,43270.4,90,0.2084279,43841.9,1315.9,3.09434228,43644.8,293,0.67586582,44888.4,897,2.0390349,44357.9,1087.5,2.51326542,45502.5,1660.6,3.78770081,45795.5,2150.7,4.9277348,46488.3,1599.9,3.56417248,45451.5,1093.6,2.46540075,44280.9,-1221.6,-2.68468765,43449.7,-2345.8,-5.12233735,43026.2,-3462.1,-7.44725017,43869.2,-1582.3,-3.48129325,44017.1,-263.8,-0.59574218,43137.5,-312.2,-0.718532,42615.3,-410.9,-0.95499951,42806.4,-1062.8,-2.42265644,44413.3,396.2,0.90010473,45118.3,1980.8,4.59182846,44567.7,1952.4,4.58145314
"숙박 및 음식점업",12704.2,574,4.73199123,12571.2,431.9,3.55786577,12518.3,307.1,2.51490435,12778.4,494.4,4.02474764,11081.3,-1622.9,-12.77451551,10755.5,-1815.7,-14.44333079,10408.6,-2109.7,-16.85292731,9576.2,-3202.2,-25.05947536,9949.3,-1132,-10.21540794,10811.6,56.1,0.5215936,11069,660.4,6.34475338,12218,2641.8,27.58714313,11146.4,1197.1,12.03200225,12484.5,1672.9,15.47319546,13124.4,2055.4,18.56897642,13210.9,992.9,8.12653462,12742.9,1596.5,14.32301012,11872.6,-611.9,-4.90127758,12152.5,-971.9,-7.40529091,12455.7,-755.2,-5.71649168,12582.9,-160,-1.25560116,11745.6,-127,-1.06968987,11918.5,-234,-1.92552973,12250.8,-204.9,-1.64502999,12065.9,-517,-4.10875076,11502.8,-242.8,-2.06715706,12135.6,217.1,1.82153795,12292,41.2,0.33630457
"운수업",19165.4,771.1,4.1920595,19105,233.5,1.23731553,19172.6,257.4,1.36081035,19565.3,176.9,0.91240123,17739.2,-1426.2,-7.44153527,15734.8,-3370.2,-17.64040827,16477.8,-2694.8,-14.055475,16652,-2913.3,-14.89013713,17931.8,192.6,1.08573104,18446.4,2711.6,17.23313928,18388.1,1910.3,11.59317385,18868.1,2216.1,13.30831131,19369.8,1438,8.01927302,20488.8,2042.4,11.0720791,21000.3,2612.2,14.20592666,21889.3,3021.2,16.01221109,21960.1,2590.3,13.37287943,24150.7,3661.9,17.87269142,24843.9,3843.6,18.30259568,25701.9,3812.6,17.41764241,25232.3,3272.2,14.90066074,26090.6,1939.9,8.03247939,26827.5,1983.6,7.98425368,27002.1,1300.2,5.05876997,26223.5,991.2,3.92829825,26764.5,673.9,2.58292259,27469.1,641.6,2.39157581,27175.6,173.5,0.64254262
"금융 및 보험업",24560.2,379.4,1.56901343,25014,826.7,3.4179094,25055.1,636.1,2.60493878,25538.4,1107.1,4.53148216,26367.2,1807,7.35743194,27267.8,2253.8,9.01015431,27870.3,2815.2,11.23603578,28511.1,2972.7,11.64011841,28651.6,2284.4,8.66379441,28838.3,1570.5,5.75954056,29710.9,1840.6,6.60416285,30211,1699.9,5.96223927,30121.9,1470.3,5.13165059,29981.1,1142.8,3.9627856,29693.5,-17.4,-0.05856437,30849.1,638.1,2.11214458,30535.6,413.7,1.37341934,30656.3,675.2,2.25208548,30455.6,762.1,2.56655497,29823.1,-1026,-3.32586688,30668,132.4,0.43359227,31025.5,369.2,1.20432016,31991.3,1535.7,5.04242241,32019.5,2196.4,7.36476087,32343.8,1675.8,5.46432764,32571.4,1545.9,4.98267554,33302.3,1311,4.09798914,34142.4,2122.9,6.63002233
"부동산업",38618.1,423.3,1.10826605,38590.4,544.3,1.43063284,38815.6,839.1,2.20952431,39417.4,1232,3.226364,39597.6,979.5,2.53637543,40184,1593.6,4.12952444,40686.9,1871.3,4.8209998,40561.6,1144.2,2.90277898,41030.8,1433.2,3.61941128,41299.9,1115.9,2.77697591,40809,122.1,0.30009659,40601.4,39.8,0.09812236,40249.4,-781.4,-1.90442302,39974.7,-1325.2,-3.20872448,40058.7,-750.3,-1.83856502,40164.9,-436.5,-1.07508608,40192.9,-56.5,-0.14037476,40201.4,226.7,0.5671087,40495.4,436.7,1.0901502,40701.9,537,1.33698827,40964.2,771.3,1.91899564,41566.4,1365,3.39540414,41165.3,669.9,1.65426197,41114.1,412.2,1.01272914,40703.3,-260.9,-0.63689758,41078.5,-487.9,-1.1737846,41529.9,364.6,0.88569742,41917.9,803.8,1.95504705
"정보통신업",21191.5,994.9,4.92607667,21380.1,1227.9,6.09313127,21313.8,862,4.21478794,21690.4,1248.5,6.1075536,22263.1,1071.6,5.05674445,22335.4,955.3,4.46817368,21927,613.2,2.87700926,22689.8,999.4,4.60756833,23400.5,1137.4,5.10890217,24099.3,1763.9,7.8973289,24622.3,2695.3,12.29215123,25391.3,2701.5,11.90623099,24115,714.5,3.05335356,25096.1,996.8,4.13621972,25293.2,670.9,2.72476576,25282.6,-108.7,-0.42809939,25685.2,1570.2,6.51130002,25662.7,566.6,2.25772132,26451.3,1158.1,4.57870099,26605.1,1322.5,5.23087024,26458.2,773,3.00951521,25696,33.3,0.12976031,26217,-234.3,-0.88577877,26588.8,-16.3,-0.06126645,26772,313.8,1.18602172,26562.4,866.4,3.37173101,26869.9,652.9,2.49036884,26972.9,384.1,1.44459321
"통신업",4969.9,496,11.08652406,4969.3,455.1,10.08152054,5090.4,527.6,11.5630753,5166.3,541.9,11.71827697,5347,377.1,7.58767782,5450.6,481.3,9.68546878,5533.6,443.2,8.70658494,5703.6,537.3,10.40009291,5738.3,391.3,7.31812231,5825.6,375,6.87997652,6013.9,480.3,8.67970218,6156.5,452.9,7.94059892,6269.6,531.3,9.25883973,6376.5,550.9,9.45653667,6497.8,483.9,8.04635927,6616.2,459.7,7.4669049,6773.5,503.9,8.03719536,6914,537.5,8.42938916,6956.2,458.4,7.05469544,7049.8,433.6,6.55361083,6872.7,99.2,1.46453089,6947.1,33.1,0.47873879,7024.9,68.7,0.98760818,7159.1,109.3,1.55039859,7016.3,143.6,2.08942628,7340.6,393.5,5.664234,7303.8,278.9,3.97016328,7288,128.9,1.80050565
"출판, 방송, 영상, 정보서비스",16249.7,431.9,2.73046821,16450.2,734,4.67034016,16229.2,254.7,1.5944161,16533.5,651.6,4.10278367,16929.5,679.8,4.18346185,16890.5,440.3,2.6765632,16383,153.8,0.94767456,16977.4,443.9,2.68485197,17662.2,732.7,4.32794826,18273.8,1383.3,8.18981084,18608.4,2225.4,13.58359275,19234.8,2257.4,13.29650005,17891.8,229.6,1.29995131,18750.7,476.9,2.60974729,18834.9,226.5,1.21719224,18719.9,-514.9,-2.67691892,18976.6,1084.8,6.06311271,18835.1,84.4,0.45011653,19559.1,724.2,3.84498989,19627.5,907.6,4.8483165,19633.3,656.7,3.46057776,18842.2,7.1,0.03769558,19276.6,-282.5,-1.44434049,19521.2,-106.3,-0.54158706,19807.8,174.5,0.88879608,19359.9,517.7,2.74755602,19678,401.4,2.08231742,19787.3,266.1,1.36313341
"사업서비스업",38031.4,260.8,0.69048413,38859.4,1216.3,3.23113665,39467.8,1738.4,4.60754743,39956.8,2189,5.79594258,39216.5,1185.1,3.11610932,38280.4,-579,-1.48998698,39438.1,-29.7,-0.07525122,39717.6,-239.2,-0.59864654,39520.1,303.6,0.77416394,39788.9,1508.5,3.94065893,40114,675.9,1.71382496,40180.6,463,1.16573005,40727.2,1207.1,3.05439511,40852.5,1063.6,2.67310732,40605.2,491.2,1.22451015,41268.5,1087.9,2.70752552,42198,1470.8,3.61134573,42627.5,1775,4.34489933,42810.3,2205.1,5.43058525,43156.6,1888.1,4.57516023,42714.7,516.7,1.22446561,42433.4,-194.1,-0.45533986,42437,-373.3,-0.87198641,42058.9,-1097.7,-2.54352753,41884.4,-830.3,-1.9438273,41825.5,-607.9,-1.43259791,42538.3,101.3,0.23870679,42463.4,404.5,0.9617465
"전문, 과학 및 기술관련 서비스업",20991.9,108.4,0.51907008,21431.9,494.4,2.36131343,21770.8,721.9,3.4296329,22064.2,1078.6,5.13971485,22213.2,1221.3,5.81795836,21826.7,394.8,1.84211386,22372.6,601.8,2.76425304,22816.7,752.5,3.41050208,23208.2,995,4.4793186,23197.7,1371,6.28129768,23175.9,803.3,3.59055273,23542,725.3,3.17881201,23790.7,582.5,2.50988875,23949.4,751.7,3.24040745,24051.6,875.7,3.77849404,24103.7,561.7,2.38594852,24619.3,828.6,3.48287356,24924.7,975.3,4.07233584,25167.7,1116.1,4.64043972,25027.8,924.1,3.83385123,24780.3,161,0.65395848,24563.6,-361.1,-1.44876368,24665.5,-502.2,-1.99541476,24281.9,-745.9,-2.98028592,24191.3,-589,-2.37688809,24198,-365.6,-1.48838118,24801.5,136,0.55137743,24502,220.1,0.90643648
"사업지원 서비스업",17037.1,151.2,0.89542162,17424.5,716,4.28524404,17694.1,1008.6,6.04476941,17890.4,1105.9,6.58881706,17002.8,-34.3,-0.20132534,16453.9,-970.6,-5.57031766,17065.2,-628.9,-3.55429211,16901.6,-988.8,-5.52698654,16311.9,-690.9,-4.06344837,16591.1,137.2,0.83384486,16938.1,-127.1,-0.74479057,16638.5,-263.1,-1.55665736,16935.3,623.4,3.82174977,16898.2,307.1,1.8509924,16538.1,-400,-2.36153996,17163.7,525.2,3.15653454,17579.3,644,3.80270795,17700.9,802.7,4.75021008,17634.3,1096.2,6.62833094,18136.2,972.5,5.66602772,17944.9,365.6,2.07971876,17883.9,183,1.03384574,17778.8,144.5,0.81942578,17795.3,-340.9,-1.87966608,17711.9,-233,-1.29841905,17642.9,-241,-1.34758078,17736.5,-42.3,-0.23792382,17982.4,187.1,1.05140121
"공공행정, 국방 및 사회보장",31148.3,1095.4,3.64490615,31371.1,1150,3.80528836,31695.7,1295.8,4.26251402,31970.9,1249.9,4.06855246,32100.5,952.2,3.05698866,32269.5,898.4,2.86378227,32587,891.3,2.81205337,32894,923.1,2.88731315,33210.7,1110.2,3.45851311,33748.2,1478.7,4.58234556,33859.1,1272.1,3.90370393,34050.3,1156.3,3.51523074,34344.3,1133.6,3.41335774,34646.1,897.9,2.66058634,34884.6,1025.5,3.02872788,35128.2,1077.9,3.16561088,35231.7,887.4,2.58383487,35314.2,668.1,1.92835557,35504.6,620,1.77728855,35524.8,396.6,1.12900746,35795.9,564.2,1.60139874,36317.6,1003.4,2.84134994,36221.9,717.3,2.02030159,36422,897.2,2.52555961,36633.6,837.7,2.34021215,37047.6,730,2.01004472,36945.4,723.5,1.99741041,37349.5,927.5,2.54653781
"교육서비스업",22674.8,231.2,1.03013777,22871.7,301.6,1.33628119,23116.5,337.9,1.48340987,23272.7,405.9,1.77506254,22591.7,-83.1,-0.36648614,22574.8,-296.9,-1.29811077,22483.8,-632.7,-2.73700603,22785.7,-487,-2.09258058,23344.8,753.1,3.33352514,23778.1,1203.3,5.33027978,24115.4,1631.6,7.25678044,24245.7,1460,6.40752753,24416.2,1071.4,4.58945889,24619.7,841.6,3.53939129,24768.9,653.5,2.70988663,24903.3,657.6,2.71223351,24902.3,486.1,1.99089129,24974.1,354.4,1.43949764,25031.4,262.5,1.05979676,25072.6,169.3,0.67982958,25193.9,291.6,1.17097617,25259.7,285.6,1.14358475,25223.2,191.8,0.76623761,25478.6,406,1.61929756,25246.8,52.9,0.20997146,25281.4,21.7,0.08590759,25381,157.8,0.62561451,25619.4,140.8,0.55262063
"의료, 보건업 및 사회복지서비스업",25236.5,2480.3,10.89944718,25950.3,2660.6,11.42393419,26412,2367.2,9.84495608,26756.8,2128.3,8.64161439,26537.8,1301.3,5.15642026,26030.7,80.4,0.30982301,26692.1,280.1,1.0605028,26774,17.2,0.06428272,26992.6,454.8,1.71378185,27735.7,1705,6.54995832,28670.3,1978.2,7.41118159,28971.9,2197.9,8.20908344,29345.8,2353.2,8.71794492,29859.8,2124.1,7.65836089,29906.6,1236.3,4.31212788,30143.2,1171.3,4.04288293,30402.5,1056.7,3.600856,30449.6,589.8,1.97523091,30768.5,861.9,2.88197254,31135.2,992,3.29095783,31491.7,1089.2,3.58260012,31373.4,923.8,3.0338658,31930.5,1162,3.77658969,32664.2,1529,4.91084046,32684.4,1192.7,3.78734714,33119.4,1746,5.56522404,33352.6,1422.1,4.45373546,34643.3,1979.1,6.0589269
"문화 및 기타 서비스업",13753.7,-1.2,-0.00872416,14061,578.2,4.28842674,14074.1,559.2,4.13765548,14442.9,748.4,5.46496769,12793,-960.7,-6.98502948,11102.1,-2958.9,-21.04331129,11540.2,-2533.9,-18.00399315,11519.5,-2923.4,-20.24108732,11868.7,-924.3,-7.22504495,12032.7,930.6,8.38219796,11963.5,423.3,3.66804735,12417.8,898.3,7.79808151,12334.6,465.9,3.92545098,12969,936.3,7.78129597,13506.4,1542.9,12.89672755,13434.1,1016.3,8.18421943,14172.9,1838.3,14.90360449,14077.6,1108.6,8.54807618,14259,752.6,5.57217319,14180.1,746,5.55303295,14617.3,444.4,3.13556153,14524.7,447.1,3.17596749,14210.4,-48.6,-0.34083737,14190.6,10.5,0.07404743,14308.3,-309,-2.11393349,14385.9,-138.8,-0.95561354,14421.4,211,1.48482801,14142.3,-48.3,-0.34036616
"예술, 스포츠 및 여가관련 서비스업",6422.5,89.7,1.41643507,6723.9,476.7,7.63061852,6763,485.9,7.74083574,7214.9,713.6,10.97626629,5922.3,-500.2,-7.78824445,4356.3,-2367.6,-35.21170749,4903.4,-1859.6,-27.49667307,4881,-2333.9,-32.3483347,5263.4,-658.9,-11.12574507,5426.5,1070.2,24.56671946,5514,610.6,12.45258392,5823.8,942.8,19.31571399,5762.1,498.7,9.47486416,6125.8,699.3,12.88675942,6614.4,1100.4,19.95647443,6419.4,595.6,10.22699955,7044.9,1282.8,22.26271672,6984,858.2,14.00959875,7027.9,413.5,6.25151185,7132.6,713.2,11.11007259,7372.3,327.4,4.64733353,7400.3,416.3,5.96076747,7082.2,54.3,0.77263478,7051,-81.6,-1.14404285,7164,-208.3,-2.82544118,7299.6,-100.7,-1.36075565,7111.1,28.9,0.40806529,7234.3,183.3,2.59963126
"기타 서비스업",7322.2,-98.5,-1.32736804,7319,88.3,1.2211819,7291.2,59.8,0.82694914,7192,17.7,0.24671397,6858.3,-463.9,-6.33552757,6756.3,-562.7,-7.68820877,6637.6,-653.6,-8.96423085,6639.6,-552.4,-7.6807564,6605.3,-253,-3.68896082,6606.2,-150.1,-2.22163018,6449.4,-188.2,-2.83536218,6594,-45.6,-0.68678836,6573.9,-31.4,-0.47537583,6845.2,239,3.61781357,6896.4,447,6.93087729,7017.5,423.5,6.42250531,7135.2,561.3,8.53831059,7100.6,255.4,3.73108163,7237.5,341.1,4.94605881,7056,38.5,0.54862843,7257.2,122,1.70983294,7140,39.4,0.55488269,7136.2,-101.3,-1.39965458,7146.6,90.6,1.28401361,7153.4,-103.8,-1.4303037,7102,-38,-0.53221289,7312,175.8,2.46349598,6927.4,-219.2,-3.06719279
"총부가가치(기초가격)",469870.3,9453.5,2.05324827,476543.6,12256.6,2.63987577,477699,10609.3,2.27136244,483044.7,13417.2,2.85698772,476161.2,6290.9,1.33885883,461797.1,-14746.5,-3.09447026,472362.5,-5336.5,-1.11712606,480455.4,-2589.3,-0.53603735,487716.9,11555.7,2.4268462,492991.7,31194.6,6.75504459,494546.5,22184,4.69639313,501937.4,21482,4.47117464,504968.7,17251.8,3.53725696,510173.2,17181.5,3.48514995,512988.7,18442.2,3.72911344,512010.6,10073.2,2.0068638,514292.2,9323.5,1.84635206,518455.9,8282.7,1.62350747,523362.5,10373.8,2.02222778,525449.9,13439.3,2.62480894,530711.8,16419.6,3.19265974,530834,12378.1,2.38749332,531819.1,8456.6,1.61582077,531090.2,5640.3,1.07342298,530360,-351.8,-0.06628833,535172.8,4338.8,0.81735533,542543.1,10724,2.01647515,540334.8,9244.6,1.7406836
"순생산물세",41491.7,313.1,0.76034639,41556,344.2,0.83519769,41456.9,466.2,1.13733115,41283.3,-12.4,-0.03002734,41442.2,-49.5,-0.11930097,41671.9,115.9,0.27890076,42256.5,799.6,1.9287501,42319.7,1036.4,2.51045822,43014.1,1571.9,3.79299362,45128.3,3456.4,8.29431823,43561.1,1304.6,3.08733568,44526.9,2207.2,5.21553792,43594.1,580,1.34839506,43251.3,-1877,-4.15925262,43172.2,-388.9,-0.89276901,42116.6,-2410.3,-5.41313229,41831.2,-1762.9,-4.04389585,41493.5,-1757.8,-4.0641553,40987.3,-2184.9,-5.06089567,41657,-459.6,-1.09125618,43069.9,1238.7,2.96118687,41588.8,95.3,0.22967453,41094.1,106.8,0.26056852,42310.2,653.2,1.56804379,41771.7,-1298.2,-3.01416999,40784,-804.8,-1.93513638,41090.3,-3.8,-0.00924707,42398.9,88.7,0.20964212
"국내총생산(시장가격, GDP)",511364,9777.9,1.94939613,518107.4,12610.7,2.4947146,519165.9,11076.6,2.18004985,524345.1,13414.9,2.62558369,517612,6248,1.22183024,503461.2,-14646.2,-2.82686563,514615,-4550.9,-0.87657914,522778.3,-1566.8,-0.29881084,530731.1,13119.1,2.53454325,538119.9,34658.7,6.88408561,538107.6,23492.6,4.56508263,546464.3,23686,4.5307925,548545.8,17814.7,3.3566339,553397.8,15277.9,2.83912563,556130.3,18022.7,3.34927438,554084.9,7620.6,1.39452843,556056.4,7510.6,1.36918376,559865.6,6467.8,1.16874335,564243.5,8113.2,1.45886674,567012.3,12927.4,2.33310816,573667.3,17610.9,3.16710679,572357.1,12491.5,2.23116048,572866.1,8622.6,1.52817002,573311.8,6299.5,1.11099883,572057.7,-1609.6,-0.28058075,575918.3,3561.2,0.62219897,583601,10734.9,1.87389339,582662.5,9350.7,1.6309973
"교역조건 변화를 반영한 실질무역손익",4888.4,-8288.1,-62.90061853,-4868.3,-12540,-163.45790372,-7783.8,-12261.8,-273.82313533,-9382.1,-9332.5,-18815.52419355,-2685.8,-7574.2,-154.94231241,1062.5,5930.8,121.824867,1255.5,9039.3,116.1296539,367.8,9749.9,103.92023108,3131.7,5817.5,216.60212972,-4786.7,-5849.2,-550.51294118,-6182,-7437.5,-592.39346874,-13783.1,-14150.9,-3847.44426319,-12841.5,-15973.2,-510.04885525,-22655.3,-17868.6,-373.29684334,-30988.4,-24806.4,-401.26819799,-28138.2,-14355.1,-104.15000979,-26571.3,-13729.8,-106.91741619,-27917.8,-5262.5,-23.2285602,-20035.8,10952.6,35.34419331,-17135,11003.2,39.10413601,-13222.9,13348.4,50.23615706,-14250,13667.8,48.95729606,-13567.6,6468.2,32.28321305,-10839.1,6295.9,36.74292384,-13027.6,195.3,1.47698311,-8594,5656,39.69122807,-10262.5,3305.1,24.36024057,-192.8,10646.3,98.22125453
"국내총소득(GDI)",516252.4,1489.8,0.28941497,513239.1,70.6,0.01375766,511382.1,-1185.2,-0.23122817,514963,4082.4,0.79909082,514926.2,-1326.2,-0.25688985,504523.7,-8715.4,-1.69811692,515870.5,4488.4,0.87769986,523146.2,8183.2,1.58908504,533862.8,18936.6,3.6775367,533333.2,28809.5,5.7102372,531925.7,16055.2,3.11225395,532681.2,9535,1.82262626,535704.3,1841.5,0.34493881,530742.5,-2590.7,-0.48575637,525142,-6783.7,-1.27530969,525946.7,-6734.5,-1.26426463,529485.1,-6219.2,-1.16093897,531947.8,1205.3,0.22709694,544207.6,19065.6,3.63056088,549877.3,23930.6,4.55000478,560444.4,30959.3,5.84705783,558107.2,26159.4,4.91766297,559298.5,15090.9,2.77300427,562472.7,12595.4,2.29058374,559030.1,-1414.3,-0.25235331,567324.3,9217.1,1.65149276,573338.5,14040,2.51028744,582469.7,19997,3.55519477
"국외순수취요소소득",929.5,-1165.8,-55.63881067,3688.2,2097.8,131.90392354,6999.1,5178.1,284.35475014,4869.3,2692.2,123.65991457,4757.8,3828.3,411.86659494,3602.3,-85.9,-2.3290494,2803.2,-4195.9,-59.94913632,5780.5,911.2,18.71316206,4366.9,-390.9,-8.21598218,11116,7513.7,208.58062904,2305.1,-498.1,-17.76897831,4765.7,-1014.8,-17.55557478,4967.7,600.8,13.75804346,6921.4,-4194.6,-37.73479669,6643.9,4338.8,188.22610733,7051.2,2285.5,47.95727805,8376.5,3408.8,68.61928055,6831.5,-89.9,-1.29887017,7108.3,464.4,6.98987041,8767.1,1715.9,24.33486499,7889.1,-487.4,-5.81865934,7356.8,525.3,7.68938008,8126,1017.7,14.31706597,8929.6,162.5,1.85352055,12953.6,5064.5,64.1961694,10212.1,2855.3,38.81171161,8609.6,483.6,5.95126754,7570.4,-1359.2,-15.22128651
"국민총소득(GNI)",517205.9,331.2,0.06407743,516937.8,2162,0.41998866,518379.1,3975.2,0.77277797,519834.2,6757.4,1.3170348,519682.7,2476.8,0.47888085,508129.5,-8808.3,-1.70393808,518673.6,294.5,0.0568117,528924.4,9090.2,1.74867294,538229.6,18546.9,3.56888925,544449.2,36319.7,7.14772514,534230.8,15557.2,2.99942006,537446.9,8522.5,1.61128887,540673.7,2444.1,0.45409989,537660,-6789.2,-1.24698503,531781.9,-2448.9,-0.45839738,532991.9,-4455,-0.8289191,537852.3,-2821.4,-0.52183045,538774.8,1114.8,0.20734293,551316.9,19535,3.67349848,558635.2,25643.3,4.81119882,568327.8,30475.5,5.66614664,565458.8,26684,4.95271865,567418.4,16101.5,2.92055259,571396.1,12760.9,2.28429931,571969.7,3641.9,0.64080976,577525.8,12067,2.13401931,581942.6,14524.2,2.55969845,590035.7,18639.6,3.26211537
